STRUCTURE,STRUCTURE_ID,STRUCTURE_NAME,freq,Time frequency,waste,Waste categories,unit,Unit of measure,geo,Geopolitical entity (reporting),TIME_PERIOD,Time,OBS_VALUE,Observation value,OBS_FLAG,Observation status (Flag) V2 structure,CONF_STATUS,Confidentiality status (flag)
dataflow,ESTAT:CEI_WM020(1.0),Recycling rate of packaging waste by type of packaging,A,Annual,W150102,Plastic packaging,RT,Rate,AT,Austria,2000,,26.2,,,,,
dataflow,ESTAT:CEI_WM020(1.0),Recycling rate of packaging waste by type of packaging,A,Annual,W150102,Plastic packaging,RT,Rate,AT,Austria,2001,,29.1,,,,,
dataflow,ESTAT:CEI_WM020(1.0),Recycling rate of packaging waste by type of packaging,A,Annual,W150102,Plastic packaging,RT,Rate,AT,Austria,2002,,30,,,,,
dataflow,ESTAT:CEI_WM020(1.0),Recycling rate of packaging waste by type of packaging,A,Annual,W150102,Plastic packaging,RT,Rate,AT,Austria,2003,,30.7,,,,,
dataflow,ESTAT:CEI_WM020(1.0),Recycling rate of packaging waste by type of packaging,A,Annual,W150102,Plastic packaging,RT,Rate,AT,Austria,2004,,33.2,,,,,
dataflow,ESTAT:CEI_WM020(1.0),Recycling rate of packaging waste by type of packaging,A,Annual,W150102,Plastic packaging,RT,Rate,AT,Austria,2005,,32.9,,,,,
dataflow,ESTAT:CEI_WM020(1.0),Recycling rate of packaging waste by type of packaging,A,Annual,W150102,Plastic packaging,RT,Rate,AT,Austria,2006,,35.8,,,,,
dataflow,ESTAT:CEI_WM020(1.0),Recycling rate of packaging waste by type of packaging,A,Annual,W150102,Plastic packaging,RT,Rate,AT,Austria,2007,,32.7,,,,,
dataflow,ESTAT:CEI_WM020(1.0),Recycling rate of packaging waste by type of packaging,A,Annual,W150102,Plastic packaging,RT,Rate,AT,Austria,2008,,34.9,,,,,
dataflow,ESTAT:CEI_WM020(1.0),Recycling rate of packaging waste by type of packaging,A,Annual,W150102,Plastic packaging,RT,Rate,AT,Austria,2009,,32.7,,,,,
dataflow,ESTAT:CEI_WM020(1.0),Recycling rate of packaging waste by type of packaging,A,Annual,W150102,Plastic packaging,RT,Rate,AT,Austria,2010,,34.4,,,,,
dataflow,ESTAT:CEI_WM020(1.0),Recycling rate of packaging waste by type of packaging,A,Annual,W150102,Plastic packaging,RT,Rate,AT,Austria,2011,,34.8,,,,,
dataflow,ESTAT:CEI_WM020(1.0),Recycling rate of packaging waste by type of packaging,A,Annual,W150102,Plastic packaging,RT,Rate,AT,Austria,2012,,34.7,,,,,
dataflow,ESTAT:CEI_WM020(1.0),Recycling rate of packaging waste by type of packaging,A,Annual,W150102,Plastic packaging,RT,Rate,AT,Austria,2013,,34.4,,,,,
dataflow,ESTAT:CEI_WM020(1.0),Recycling rate of packaging waste by type of packaging,A,Annual,W150102,Plastic packaging,RT,Rate,AT,Austria,2014,,33.6,,,,,
dataflow,ESTAT:CEI_WM020(1.0),Recycling rate of packaging waste by type of packaging,A,Annual,W150102,Plastic packaging,RT,Rate,AT,Austria,2015,,33.6,,,,,
dataflow,ESTAT:CEI_WM020(1.0),Recycling rate of packaging waste by type of packaging,A,Annual,W150102,Plastic packaging,RT,Rate,AT,Austria,2016,,33.6,,,,,
dataflow,ESTAT:CEI_WM020(1.0),Recycling rate of packaging waste by type of packaging,A,Annual,W150102,Plastic packaging,RT,Rate,AT,Austria,2017,,33.4,,,,,
dataflow,ESTAT:CEI_WM020(1.0),Recycling rate of packaging waste by type of packaging,A,Annual,W150102,Plastic packaging,RT,Rate,AT,Austria,2018,,31.9,,,,,
dataflow,ESTAT:CEI_WM020(1.0),Recycling rate of packaging waste by type of packaging,A,Annual,W150102,Plastic packaging,RT,Rate,AT,Austria,2019,,30.8,,,,,
dataflow,ESTAT:CEI_WM020(1.0),Recycling rate of packaging waste by type of packaging,A,Annual,W150102,Plastic packaging,RT,Rate,AT,Austria,2020,,31.6,,b,break in time series,,
dataflow,ESTAT:CEI_WM020(1.0),Recycling rate of packaging waste by type of packaging,A,Annual,W150102,Plastic packaging,RT,Rate,AT,Austria,2021,,30.4,,,,,
dataflow,ESTAT:CEI_WM020(1.0),Recycling rate of packaging waste by type of packaging,A,Annual,W150102,Plastic packaging,RT,Rate,AT,Austria,2022,,25.4,,,,,
dataflow,ESTAT:CEI_WM020(1.0),Recycling rate of packaging waste by type of packaging,A,Annual,W150102,Plastic packaging,RT,Rate,BE,Belgium,2000,,25.5,,,,,
dataflow,ESTAT:CEI_WM020(1.0),Recycling rate of packaging waste by type of packaging,A,Annual,W150102,Plastic packaging,RT,Rate,BE,Belgium,2001,,28.5,,,,,
dataflow,ESTAT:CEI_WM020(1.0),Recycling rate of packaging waste by type of packaging,A,Annual,W150102,Plastic packaging,RT,Rate,BE,Belgium,2002,,29.5,,,,,
dataflow,ESTAT:CEI_WM020(1.0),Recycling rate of packaging waste by type of packaging,A,Annual,W150102,Plastic packaging,RT,Rate,BE,Belgium,2003,,32.5,,,,,
dataflow,ESTAT:CEI_WM020(1.0),Recycling rate of packaging waste by type of packaging,A,Annual,W150102,Plastic packaging,RT,Rate,BE,Belgium,2004,,36.5,,,,,
dataflow,ESTAT:CEI_WM020(1.0),Recycling rate of packaging waste by type of packaging,A,Annual,W150102,Plastic packaging,RT,Rate,BE,Belgium,2005,,38.1,,,,,
dataflow,ESTAT:CEI_WM020(1.0),Recycling rate of packaging waste by type of packaging,A,Annual,W150102,Plastic packaging,RT,Rate,BE,Belgium,2006,,38.6,,,,,
dataflow,ESTAT:CEI_WM020(1.0),Recycling rate of packaging waste by type of packaging,A,Annual,W150102,Plastic packaging,RT,Rate,BE,Belgium,2007,,38.4,,,,,
dataflow,ESTAT:CEI_WM020(1.0),Recycling rate of packaging waste by type of packaging,A,Annual,W150102,Plastic packaging,RT,Rate,BE,Belgium,2008,,39.5,,,,,
dataflow,ESTAT:CEI_WM020(1.0),Recycling rate of packaging waste by type of packaging,A,Annual,W150102,Plastic packaging,RT,Rate,BE,Belgium,2009,,43,,,,,
dataflow,ESTAT:CEI_WM020(1.0),Recycling rate of packaging waste by type of packaging,A,Annual,W150102,Plastic packaging,RT,Rate,BE,Belgium,2010,,41.5,,,,,
dataflow,ESTAT:CEI_WM020(1.0),Recycling rate of packaging waste by type of packaging,A,Annual,W150102,Plastic packaging,RT,Rate,BE,Belgium,2011,,41.4,,,,,
dataflow,ESTAT:CEI_WM020(1.0),Recycling rate of packaging waste by type of packaging,A,Annual,W150102,Plastic packaging,RT,Rate,BE,Belgium,2012,,41.5,,,,,
dataflow,ESTAT:CEI_WM020(1.0),Recycling rate of packaging waste by type of packaging,A,Annual,W150102,Plastic packaging,RT,Rate,BE,Belgium,2013,,39,,,,,
dataflow,ESTAT:CEI_WM020(1.0),Recycling rate of packaging waste by type of packaging,A,Annual,W150102,Plastic packaging,RT,Rate,BE,Belgium,2014,,41.8,,,,,
dataflow,ESTAT:CEI_WM020(1.0),Recycling rate of packaging waste by type of packaging,A,Annual,W150102,Plastic packaging,RT,Rate,BE,Belgium,2015,,42.6,,,,,
dataflow,ESTAT:CEI_WM020(1.0),Recycling rate of packaging waste by type of packaging,A,Annual,W150102,Plastic packaging,RT,Rate,BE,Belgium,2016,,43.4,,,,,
dataflow,ESTAT:CEI_WM020(1.0),Recycling rate of packaging waste by type of packaging,A,Annual,W150102,Plastic packaging,RT,Rate,BE,Belgium,2017,,44.5,,,,,
dataflow,ESTAT:CEI_WM020(1.0),Recycling rate of packaging waste by type of packaging,A,Annual,W150102,Plastic packaging,RT,Rate,BE,Belgium,2018,,42.4,,,,,
dataflow,ESTAT:CEI_WM020(1.0),Recycling rate of packaging waste by type of packaging,A,Annual,W150102,Plastic packaging,RT,Rate,BE,Belgium,2019,,47.3,,,,,
dataflow,ESTAT:CEI_WM020(1.0),Recycling rate of packaging waste by type of packaging,A,Annual,W150102,Plastic packaging,RT,Rate,BE,Belgium,2020,,44.7,,,,,
dataflow,ESTAT:CEI_WM020(1.0),Recycling rate of packaging waste by type of packaging,A,Annual,W150102,Plastic packaging,RT,Rate,BE,Belgium,2021,,49.2,,,,,
dataflow,ESTAT:CEI_WM020(1.0),Recycling rate of packaging waste by type of packaging,A,Annual,W150102,Plastic packaging,RT,Rate,BE,Belgium,2022,,54.2,,,,,
dataflow,ESTAT:CEI_WM020(1.0),Recycling rate of packaging waste by type of packaging,A,Annual,W150102,Plastic packaging,RT,Rate,BG,Bulgaria,2005,,8.4,,,,,
dataflow,ESTAT:CEI_WM020(1.0),Recycling rate of packaging waste by type of packaging,A,Annual,W150102,Plastic packaging,RT,Rate,BG,Bulgaria,2006,,20.2,,,,,
dataflow,ESTAT:CEI_WM020(1.0),Recycling rate of packaging waste by type of packaging,A,Annual,W150102,Plastic packaging,RT,Rate,BG,Bulgaria,2007,,19.5,,,,,
dataflow,ESTAT:CEI_WM020(1.0),Recycling rate of packaging waste by type of packaging,A,Annual,W150102,Plastic packaging,RT,Rate,BG,Bulgaria,2008,,15.6,,,,,
dataflow,ESTAT:CEI_WM020(1.0),Recycling rate of packaging waste by type of packaging,A,Annual,W150102,Plastic packaging,RT,Rate,BG,Bulgaria,2009,,30,,,,,
dataflow,ESTAT:CEI_WM020(1.0),Recycling rate of packaging waste by type of packaging,A,Annual,W150102,Plastic packaging,RT,Rate,BG,Bulgaria,2010,,40.9,,,,,
dataflow,ESTAT:CEI_WM020(1.0),Recycling rate of packaging waste by type of packaging,A,Annual,W150102,Plastic packaging,RT,Rate,BG,Bulgaria,2011,,39.2,,,,,
dataflow,ESTAT:CEI_WM020(1.0),Recycling rate of packaging waste by type of packaging,A,Annual,W150102,Plastic packaging,RT,Rate,BG,Bulgaria,2012,,40.7,,,,,
dataflow,ESTAT:CEI_WM020(1.0),Recycling rate of packaging waste by type of packaging,A,Annual,W150102,Plastic packaging,RT,Rate,BG,Bulgaria,2013,,41.3,,,,,
dataflow,ESTAT:CEI_WM020(1.0),Recycling rate of packaging waste by type of packaging,A,Annual,W150102,Plastic packaging,RT,Rate,BG,Bulgaria,2014,,64.1,,,,,
dataflow,ESTAT:CEI_WM020(1.0),Recycling rate of packaging waste by type of packaging,A,Annual,W150102,Plastic packaging,RT,Rate,BG,Bulgaria,2015,,60.8,,,,,
dataflow,ESTAT:CEI_WM020(1.0),Recycling rate of packaging waste by type of packaging,A,Annual,W150102,Plastic packaging,RT,Rate,BG,Bulgaria,2016,,52.6,,,,,
dataflow,ESTAT:CEI_WM020(1.0),Recycling rate of packaging waste by type of packaging,A,Annual,W150102,Plastic packaging,RT,Rate,BG,Bulgaria,2017,,64.8,,,,,
dataflow,ESTAT:CEI_WM020(1.0),Recycling rate of packaging waste by type of packaging,A,Annual,W150102,Plastic packaging,RT,Rate,BG,Bulgaria,2018,,59.2,,,,,
dataflow,ESTAT:CEI_WM020(1.0),Recycling rate of packaging waste by type of packaging,A,Annual,W150102,Plastic packaging,RT,Rate,BG,Bulgaria,2019,,50.6,,,,,
dataflow,ESTAT:CEI_WM020(1.0),Recycling rate of packaging waste by type of packaging,A,Annual,W150102,Plastic packaging,RT,Rate,BG,Bulgaria,2021,,47.1,,,,,
dataflow,ESTAT:CEI_WM020(1.0),Recycling rate of packaging waste by type of packaging,A,Annual,W150102,Plastic packaging,RT,Rate,BG,Bulgaria,2022,,39.5,,,,,
dataflow,ESTAT:CEI_WM020(1.0),Recycling rate of packaging waste by type of packaging,A,Annual,W150102,Plastic packaging,RT,Rate,CY,Cyprus,2004,,9,,,,,
dataflow,ESTAT:CEI_WM020(1.0),Recycling rate of packaging waste by type of packaging,A,Annual,W150102,Plastic packaging,RT,Rate,CY,Cyprus,2005,,8.7,,,,,
dataflow,ESTAT:CEI_WM020(1.0),Recycling rate of packaging waste by type of packaging,A,Annual,W150102,Plastic packaging,RT,Rate,CY,Cyprus,2006,,14.5,,,,,
dataflow,ESTAT:CEI_WM020(1.0),Recycling rate of packaging waste by type of packaging,A,Annual,W150102,Plastic packaging,RT,Rate,CY,Cyprus,2007,,14.3,,,,,
dataflow,ESTAT:CEI_WM020(1.0),Recycling rate of packaging waste by type of packaging,A,Annual,W150102,Plastic packaging,RT,Rate,CY,Cyprus,2008,,14.8,,,,,
dataflow,ESTAT:CEI_WM020(1.0),Recycling rate of packaging waste by type of packaging,A,Annual,W150102,Plastic packaging,RT,Rate,CY,Cyprus,2009,,18.2,,,,,
dataflow,ESTAT:CEI_WM020(1.0),Recycling rate of packaging waste by type of packaging,A,Annual,W150102,Plastic packaging,RT,Rate,CY,Cyprus,2010,,27.2,,,,,
dataflow,ESTAT:CEI_WM020(1.0),Recycling rate of packaging waste by type of packaging,A,Annual,W150102,Plastic packaging,RT,Rate,CY,Cyprus,2011,,38,,,,,
dataflow,ESTAT:CEI_WM020(1.0),Recycling rate of packaging waste by type of packaging,A,Annual,W150102,Plastic packaging,RT,Rate,CY,Cyprus,2012,,44.8,,,,,
dataflow,ESTAT:CEI_WM020(1.0),Recycling rate of packaging waste by type of packaging,A,Annual,W150102,Plastic packaging,RT,Rate,CY,Cyprus,2013,,45.3,,,,,
dataflow,ESTAT:CEI_WM020(1.0),Recycling rate of packaging waste by type of packaging,A,Annual,W150102,Plastic packaging,RT,Rate,CY,Cyprus,2014,,46.6,,,,,
dataflow,ESTAT:CEI_WM020(1.0),Recycling rate of packaging waste by type of packaging,A,Annual,W150102,Plastic packaging,RT,Rate,CY,Cyprus,2015,,63.7,,,,,
dataflow,ESTAT:CEI_WM020(1.0),Recycling rate of packaging waste by type of packaging,A,Annual,W150102,Plastic packaging,RT,Rate,CY,Cyprus,2016,,62.3,,,,,
dataflow,ESTAT:CEI_WM020(1.0),Recycling rate of packaging waste by type of packaging,A,Annual,W150102,Plastic packaging,RT,Rate,CY,Cyprus,2017,,65,,,,,
dataflow,ESTAT:CEI_WM020(1.0),Recycling rate of packaging waste by type of packaging,A,Annual,W150102,Plastic packaging,RT,Rate,CY,Cyprus,2018,,54.3,,e,estimated,,
dataflow,ESTAT:CEI_WM020(1.0),Recycling rate of packaging waste by type of packaging,A,Annual,W150102,Plastic packaging,RT,Rate,CY,Cyprus,2019,,50.5,,e,estimated,,
dataflow,ESTAT:CEI_WM020(1.0),Recycling rate of packaging waste by type of packaging,A,Annual,W150102,Plastic packaging,RT,Rate,CY,Cyprus,2020,,48.6,,e,estimated,,
dataflow,ESTAT:CEI_WM020(1.0),Recycling rate of packaging waste by type of packaging,A,Annual,W150102,Plastic packaging,RT,Rate,CY,Cyprus,2021,,37.9,,be,"break in time series, estimated",,
dataflow,ESTAT:CEI_WM020(1.0),Recycling rate of packaging waste by type of packaging,A,Annual,W150102,Plastic packaging,RT,Rate,CY,Cyprus,2022,,39.1,,be,"break in time series, estimated",,
dataflow,ESTAT:CEI_WM020(1.0),Recycling rate of packaging waste by type of packaging,A,Annual,W150102,Plastic packaging,RT,Rate,CZ,Czechia,2003,,37.6,,,,,
dataflow,ESTAT:CEI_WM020(1.0),Recycling rate of packaging waste by type of packaging,A,Annual,W150102,Plastic packaging,RT,Rate,CZ,Czechia,2004,,43.8,,,,,
dataflow,ESTAT:CEI_WM020(1.0),Recycling rate of packaging waste by type of packaging,A,Annual,W150102,Plastic packaging,RT,Rate,CZ,Czechia,2005,,35,,,,,
dataflow,ESTAT:CEI_WM020(1.0),Recycling rate of packaging waste by type of packaging,A,Annual,W150102,Plastic packaging,RT,Rate,CZ,Czechia,2006,,44.3,,,,,
dataflow,ESTAT:CEI_WM020(1.0),Recycling rate of packaging waste by type of packaging,A,Annual,W150102,Plastic packaging,RT,Rate,CZ,Czechia,2007,,45.5,,,,,
dataflow,ESTAT:CEI_WM020(1.0),Recycling rate of packaging waste by type of packaging,A,Annual,W150102,Plastic packaging,RT,Rate,CZ,Czechia,2008,,50.2,,,,,
dataflow,ESTAT:CEI_WM020(1.0),Recycling rate of packaging waste by type of packaging,A,Annual,W150102,Plastic packaging,RT,Rate,CZ,Czechia,2009,,52.5,,,,,
dataflow,ESTAT:CEI_WM020(1.0),Recycling rate of packaging waste by type of packaging,A,Annual,W150102,Plastic packaging,RT,Rate,CZ,Czechia,2010,,54,,,,,
dataflow,ESTAT:CEI_WM020(1.0),Recycling rate of packaging waste by type of packaging,A,Annual,W150102,Plastic packaging,RT,Rate,CZ,Czechia,2011,,57,,,,,
dataflow,ESTAT:CEI_WM020(1.0),Recycling rate of packaging waste by type of packaging,A,Annual,W150102,Plastic packaging,RT,Rate,CZ,Czechia,2012,,58.2,,,,,
dataflow,ESTAT:CEI_WM020(1.0),Recycling rate of packaging waste by type of packaging,A,Annual,W150102,Plastic packaging,RT,Rate,CZ,Czechia,2013,,59.7,,,,,
dataflow,ESTAT:CEI_WM020(1.0),Recycling rate of packaging waste by type of packaging,A,Annual,W150102,Plastic packaging,RT,Rate,CZ,Czechia,2014,,58.2,,,,,
dataflow,ESTAT:CEI_WM020(1.0),Recycling rate of packaging waste by type of packaging,A,Annual,W150102,Plastic packaging,RT,Rate,CZ,Czechia,2015,,61.7,,,,,
dataflow,ESTAT:CEI_WM020(1.0),Recycling rate of packaging waste by type of packaging,A,Annual,W150102,Plastic packaging,RT,Rate,CZ,Czechia,2016,,59.2,,,,,
dataflow,ESTAT:CEI_WM020(1.0),Recycling rate of packaging waste by type of packaging,A,Annual,W150102,Plastic packaging,RT,Rate,CZ,Czechia,2017,,58.6,,,,,
dataflow,ESTAT:CEI_WM020(1.0),Recycling rate of packaging waste by type of packaging,A,Annual,W150102,Plastic packaging,RT,Rate,CZ,Czechia,2018,,57,,,,,
dataflow,ESTAT:CEI_WM020(1.0),Recycling rate of packaging waste by type of packaging,A,Annual,W150102,Plastic packaging,RT,Rate,CZ,Czechia,2019,,61,,,,,
dataflow,ESTAT:CEI_WM020(1.0),Recycling rate of packaging waste by type of packaging,A,Annual,W150102,Plastic packaging,RT,Rate,CZ,Czechia,2020,,41.8,,bd,"break in time series, definition differs (see metadata)",,
dataflow,ESTAT:CEI_WM020(1.0),Recycling rate of packaging waste by type of packaging,A,Annual,W150102,Plastic packaging,RT,Rate,CZ,Czechia,2021,,45.1,,d,definition differs (see metadata),,
dataflow,ESTAT:CEI_WM020(1.0),Recycling rate of packaging waste by type of packaging,A,Annual,W150102,Plastic packaging,RT,Rate,CZ,Czechia,2022,,47.2,,bd,"break in time series, definition differs (see metadata)",,
dataflow,ESTAT:CEI_WM020(1.0),Recycling rate of packaging waste by type of packaging,A,Annual,W150102,Plastic packaging,RT,Rate,DE,Germany,2000,,53.4,,,,,
dataflow,ESTAT:CEI_WM020(1.0),Recycling rate of packaging waste by type of packaging,A,Annual,W150102,Plastic packaging,RT,Rate,DE,Germany,2001,,51.8,,,,,
dataflow,ESTAT:CEI_WM020(1.0),Recycling rate of packaging waste by type of packaging,A,Annual,W150102,Plastic packaging,RT,Rate,DE,Germany,2002,,49,,,,,
dataflow,ESTAT:CEI_WM020(1.0),Recycling rate of packaging waste by type of packaging,A,Annual,W150102,Plastic packaging,RT,Rate,DE,Germany,2003,,38,,,,,
dataflow,ESTAT:CEI_WM020(1.0),Recycling rate of packaging waste by type of packaging,A,Annual,W150102,Plastic packaging,RT,Rate,DE,Germany,2004,,33.8,,,,,
dataflow,ESTAT:CEI_WM020(1.0),Recycling rate of packaging waste by type of packaging,A,Annual,W150102,Plastic packaging,RT,Rate,DE,Germany,2005,,35.2,,,,,
dataflow,ESTAT:CEI_WM020(1.0),Recycling rate of packaging waste by type of packaging,A,Annual,W150102,Plastic packaging,RT,Rate,DE,Germany,2006,,38.1,,,,,
dataflow,ESTAT:CEI_WM020(1.0),Recycling rate of packaging waste by type of packaging,A,Annual,W150102,Plastic packaging,RT,Rate,DE,Germany,2007,,40.7,,,,,
dataflow,ESTAT:CEI_WM020(1.0),Recycling rate of packaging waste by type of packaging,A,Annual,W150102,Plastic packaging,RT,Rate,DE,Germany,2008,,44.7,,,,,
dataflow,ESTAT:CEI_WM020(1.0),Recycling rate of packaging waste by type of packaging,A,Annual,W150102,Plastic packaging,RT,Rate,DE,Germany,2009,,46.5,,,,,
dataflow,ESTAT:CEI_WM020(1.0),Recycling rate of packaging waste by type of packaging,A,Annual,W150102,Plastic packaging,RT,Rate,DE,Germany,2010,,45.1,,,,,
dataflow,ESTAT:CEI_WM020(1.0),Recycling rate of packaging waste by type of packaging,A,Annual,W150102,Plastic packaging,RT,Rate,DE,Germany,2011,,46.3,,,,,
dataflow,ESTAT:CEI_WM020(1.0),Recycling rate of packaging waste by type of packaging,A,Annual,W150102,Plastic packaging,RT,Rate,DE,Germany,2012,,47,,,,,
dataflow,ESTAT:CEI_WM020(1.0),Recycling rate of packaging waste by type of packaging,A,Annual,W150102,Plastic packaging,RT,Rate,DE,Germany,2013,,46.8,,,,,
dataflow,ESTAT:CEI_WM020(1.0),Recycling rate of packaging waste by type of packaging,A,Annual,W150102,Plastic packaging,RT,Rate,DE,Germany,2014,,47.3,,,,,
dataflow,ESTAT:CEI_WM020(1.0),Recycling rate of packaging waste by type of packaging,A,Annual,W150102,Plastic packaging,RT,Rate,DE,Germany,2015,,47.4,,,,,
dataflow,ESTAT:CEI_WM020(1.0),Recycling rate of packaging waste by type of packaging,A,Annual,W150102,Plastic packaging,RT,Rate,DE,Germany,2016,,48.4,,,,,
dataflow,ESTAT:CEI_WM020(1.0),Recycling rate of packaging waste by type of packaging,A,Annual,W150102,Plastic packaging,RT,Rate,DE,Germany,2017,,48,,,,,
dataflow,ESTAT:CEI_WM020(1.0),Recycling rate of packaging waste by type of packaging,A,Annual,W150102,Plastic packaging,RT,Rate,DE,Germany,2018,,46.4,,,,,
dataflow,ESTAT:CEI_WM020(1.0),Recycling rate of packaging waste by type of packaging,A,Annual,W150102,Plastic packaging,RT,Rate,DE,Germany,2019,,43.3,,b,break in time series,,
dataflow,ESTAT:CEI_WM020(1.0),Recycling rate of packaging waste by type of packaging,A,Annual,W150102,Plastic packaging,RT,Rate,DE,Germany,2020,,46.2,,,,,
dataflow,ESTAT:CEI_WM020(1.0),Recycling rate of packaging waste by type of packaging,A,Annual,W150102,Plastic packaging,RT,Rate,DE,Germany,2021,,48.4,,,,,
dataflow,ESTAT:CEI_WM020(1.0),Recycling rate of packaging waste by type of packaging,A,Annual,W150102,Plastic packaging,RT,Rate,DE,Germany,2022,,51.1,,,,,
dataflow,ESTAT:CEI_WM020(1.0),Recycling rate of packaging waste by type of packaging,A,Annual,W150102,Plastic packaging,RT,Rate,DK,Denmark,2000,,12.5,,,,,
dataflow,ESTAT:CEI_WM020(1.0),Recycling rate of packaging waste by type of packaging,A,Annual,W150102,Plastic packaging,RT,Rate,DK,Denmark,2001,,13.9,,,,,
dataflow,ESTAT:CEI_WM020(1.0),Recycling rate of packaging waste by type of packaging,A,Annual,W150102,Plastic packaging,RT,Rate,DK,Denmark,2002,,15.5,,,,,
dataflow,ESTAT:CEI_WM020(1.0),Recycling rate of packaging waste by type of packaging,A,Annual,W150102,Plastic packaging,RT,Rate,DK,Denmark,2003,,17.4,,,,,
dataflow,ESTAT:CEI_WM020(1.0),Recycling rate of packaging waste by type of packaging,A,Annual,W150102,Plastic packaging,RT,Rate,DK,Denmark,2004,,16.3,,,,,
dataflow,ESTAT:CEI_WM020(1.0),Recycling rate of packaging waste by type of packaging,A,Annual,W150102,Plastic packaging,RT,Rate,DK,Denmark,2005,,19.1,,,,,
dataflow,ESTAT:CEI_WM020(1.0),Recycling rate of packaging waste by type of packaging,A,Annual,W150102,Plastic packaging,RT,Rate,DK,Denmark,2006,,20.3,,,,,
dataflow,ESTAT:CEI_WM020(1.0),Recycling rate of packaging waste by type of packaging,A,Annual,W150102,Plastic packaging,RT,Rate,DK,Denmark,2007,,21.8,,,,,
dataflow,ESTAT:CEI_WM020(1.0),Recycling rate of packaging waste by type of packaging,A,Annual,W150102,Plastic packaging,RT,Rate,DK,Denmark,2008,,25.4,,,,,
dataflow,ESTAT:CEI_WM020(1.0),Recycling rate of packaging waste by type of packaging,A,Annual,W150102,Plastic packaging,RT,Rate,DK,Denmark,2009,,26.4,,,,,
dataflow,ESTAT:CEI_WM020(1.0),Recycling rate of packaging waste by type of packaging,A,Annual,W150102,Plastic packaging,RT,Rate,DK,Denmark,2010,,26.4,,e,estimated,,
dataflow,ESTAT:CEI_WM020(1.0),Recycling rate of packaging waste by type of packaging,A,Annual,W150102,Plastic packaging,RT,Rate,DK,Denmark,2011,,22.3,,b,break in time series,,
dataflow,ESTAT:CEI_WM020(1.0),Recycling rate of packaging waste by type of packaging,A,Annual,W150102,Plastic packaging,RT,Rate,DK,Denmark,2012,,25.9,,,,,
dataflow,ESTAT:CEI_WM020(1.0),Recycling rate of packaging waste by type of packaging,A,Annual,W150102,Plastic packaging,RT,Rate,DK,Denmark,2013,,29.1,,,,,
dataflow,ESTAT:CEI_WM020(1.0),Recycling rate of packaging waste by type of packaging,A,Annual,W150102,Plastic packaging,RT,Rate,DK,Denmark,2014,,30.7,,,,,
dataflow,ESTAT:CEI_WM020(1.0),Recycling rate of packaging waste by type of packaging,A,Annual,W150102,Plastic packaging,RT,Rate,DK,Denmark,2015,,30.5,,,,,
dataflow,ESTAT:CEI_WM020(1.0),Recycling rate of packaging waste by type of packaging,A,Annual,W150102,Plastic packaging,RT,Rate,DK,Denmark,2016,,36.1,,,,,
dataflow,ESTAT:CEI_WM020(1.0),Recycling rate of packaging waste by type of packaging,A,Annual,W150102,Plastic packaging,RT,Rate,DK,Denmark,2017,,41.8,,,,,
dataflow,ESTAT:CEI_WM020(1.0),Recycling rate of packaging waste by type of packaging,A,Annual,W150102,Plastic packaging,RT,Rate,DK,Denmark,2018,,31.3,,,,,
dataflow,ESTAT:CEI_WM020(1.0),Recycling rate of packaging waste by type of packaging,A,Annual,W150102,Plastic packaging,RT,Rate,DK,Denmark,2019,,37.4,,,,,
dataflow,ESTAT:CEI_WM020(1.0),Recycling rate of packaging waste by type of packaging,A,Annual,W150102,Plastic packaging,RT,Rate,DK,Denmark,2020,,22.9,,b,break in time series,,
dataflow,ESTAT:CEI_WM020(1.0),Recycling rate of packaging waste by type of packaging,A,Annual,W150102,Plastic packaging,RT,Rate,DK,Denmark,2021,,20.8,,,,,
dataflow,ESTAT:CEI_WM020(1.0),Recycling rate of packaging waste by type of packaging,A,Annual,W150102,Plastic packaging,RT,Rate,DK,Denmark,2022,,23.5,,,,,
dataflow,ESTAT:CEI_WM020(1.0),Recycling rate of packaging waste by type of packaging,A,Annual,W150102,Plastic packaging,RT,Rate,EE,Estonia,2004,,12,,,,,
dataflow,ESTAT:CEI_WM020(1.0),Recycling rate of packaging waste by type of packaging,A,Annual,W150102,Plastic packaging,RT,Rate,EE,Estonia,2005,,25.5,,,,,
dataflow,ESTAT:CEI_WM020(1.0),Recycling rate of packaging waste by type of packaging,A,Annual,W150102,Plastic packaging,RT,Rate,EE,Estonia,2006,,33.7,,,,,
dataflow,ESTAT:CEI_WM020(1.0),Recycling rate of packaging waste by type of packaging,A,Annual,W150102,Plastic packaging,RT,Rate,EE,Estonia,2007,,38.2,,,,,
dataflow,ESTAT:CEI_WM020(1.0),Recycling rate of packaging waste by type of packaging,A,Annual,W150102,Plastic packaging,RT,Rate,EE,Estonia,2008,,22,,,,,
dataflow,ESTAT:CEI_WM020(1.0),Recycling rate of packaging waste by type of packaging,A,Annual,W150102,Plastic packaging,RT,Rate,EE,Estonia,2009,,22.7,,,,,
dataflow,ESTAT:CEI_WM020(1.0),Recycling rate of packaging waste by type of packaging,A,Annual,W150102,Plastic packaging,RT,Rate,EE,Estonia,2010,,33.4,,,,,
dataflow,ESTAT:CEI_WM020(1.0),Recycling rate of packaging waste by type of packaging,A,Annual,W150102,Plastic packaging,RT,Rate,EE,Estonia,2011,,39.6,,,,,
dataflow,ESTAT:CEI_WM020(1.0),Recycling rate of packaging waste by type of packaging,A,Annual,W150102,Plastic packaging,RT,Rate,EE,Estonia,2012,,29.8,,,,,
dataflow,ESTAT:CEI_WM020(1.0),Recycling rate of packaging waste by type of packaging,A,Annual,W150102,Plastic packaging,RT,Rate,EE,Estonia,2013,,28.1,,,,,
dataflow,ESTAT:CEI_WM020(1.0),Recycling rate of packaging waste by type of packaging,A,Annual,W150102,Plastic packaging,RT,Rate,EE,Estonia,2014,,29.3,,,,,
dataflow,ESTAT:CEI_WM020(1.0),Recycling rate of packaging waste by type of packaging,A,Annual,W150102,Plastic packaging,RT,Rate,EE,Estonia,2015,,27.8,,,,,
dataflow,ESTAT:CEI_WM020(1.0),Recycling rate of packaging waste by type of packaging,A,Annual,W150102,Plastic packaging,RT,Rate,EE,Estonia,2016,,24.6,,,,,
dataflow,ESTAT:CEI_WM020(1.0),Recycling rate of packaging waste by type of packaging,A,Annual,W150102,Plastic packaging,RT,Rate,EE,Estonia,2017,,26.5,,,,,
dataflow,ESTAT:CEI_WM020(1.0),Recycling rate of packaging waste by type of packaging,A,Annual,W150102,Plastic packaging,RT,Rate,EE,Estonia,2018,,37.7,,,,,
dataflow,ESTAT:CEI_WM020(1.0),Recycling rate of packaging waste by type of packaging,A,Annual,W150102,Plastic packaging,RT,Rate,EE,Estonia,2019,,40.6,,,,,
dataflow,ESTAT:CEI_WM020(1.0),Recycling rate of packaging waste by type of packaging,A,Annual,W150102,Plastic packaging,RT,Rate,EE,Estonia,2020,,40.9,,,,,
dataflow,ESTAT:CEI_WM020(1.0),Recycling rate of packaging waste by type of packaging,A,Annual,W150102,Plastic packaging,RT,Rate,EE,Estonia,2021,,42.5,,,,,
dataflow,ESTAT:CEI_WM020(1.0),Recycling rate of packaging waste by type of packaging,A,Annual,W150102,Plastic packaging,RT,Rate,EE,Estonia,2022,,44.3,,,,,
dataflow,ESTAT:CEI_WM020(1.0),Recycling rate of packaging waste by type of packaging,A,Annual,W150102,Plastic packaging,RT,Rate,EL,Greece,2000,,3.1,,,,,
dataflow,ESTAT:CEI_WM020(1.0),Recycling rate of packaging waste by type of packaging,A,Annual,W150102,Plastic packaging,RT,Rate,EL,Greece,2001,,3,,,,,
dataflow,ESTAT:CEI_WM020(1.0),Recycling rate of packaging waste by type of packaging,A,Annual,W150102,Plastic packaging,RT,Rate,EL,Greece,2002,,3,,,,,
dataflow,ESTAT:CEI_WM020(1.0),Recycling rate of packaging waste by type of packaging,A,Annual,W150102,Plastic packaging,RT,Rate,EL,Greece,2003,,3,,,,,
dataflow,ESTAT:CEI_WM020(1.0),Recycling rate of packaging waste by type of packaging,A,Annual,W150102,Plastic packaging,RT,Rate,EL,Greece,2004,,5.9,,,,,
dataflow,ESTAT:CEI_WM020(1.0),Recycling rate of packaging waste by type of packaging,A,Annual,W150102,Plastic packaging,RT,Rate,EL,Greece,2005,,9.9,,,,,
dataflow,ESTAT:CEI_WM020(1.0),Recycling rate of packaging waste by type of packaging,A,Annual,W150102,Plastic packaging,RT,Rate,EL,Greece,2006,,10,,,,,
dataflow,ESTAT:CEI_WM020(1.0),Recycling rate of packaging waste by type of packaging,A,Annual,W150102,Plastic packaging,RT,Rate,EL,Greece,2007,,13.7,,,,,
dataflow,ESTAT:CEI_WM020(1.0),Recycling rate of packaging waste by type of packaging,A,Annual,W150102,Plastic packaging,RT,Rate,EL,Greece,2008,,11.9,,,,,
dataflow,ESTAT:CEI_WM020(1.0),Recycling rate of packaging waste by type of packaging,A,Annual,W150102,Plastic packaging,RT,Rate,EL,Greece,2009,,26.7,,,,,
dataflow,ESTAT:CEI_WM020(1.0),Recycling rate of packaging waste by type of packaging,A,Annual,W150102,Plastic packaging,RT,Rate,EL,Greece,2010,,30.1,,,,,
dataflow,ESTAT:CEI_WM020(1.0),Recycling rate of packaging waste by type of packaging,A,Annual,W150102,Plastic packaging,RT,Rate,EL,Greece,2011,,33,,,,,
dataflow,ESTAT:CEI_WM020(1.0),Recycling rate of packaging waste by type of packaging,A,Annual,W150102,Plastic packaging,RT,Rate,EL,Greece,2012,,32.2,,,,,
dataflow,ESTAT:CEI_WM020(1.0),Recycling rate of packaging waste by type of packaging,A,Annual,W150102,Plastic packaging,RT,Rate,EL,Greece,2013,,32.3,,,,,
dataflow,ESTAT:CEI_WM020(1.0),Recycling rate of packaging waste by type of packaging,A,Annual,W150102,Plastic packaging,RT,Rate,EL,Greece,2014,,32.8,,,,,
dataflow,ESTAT:CEI_WM020(1.0),Recycling rate of packaging waste by type of packaging,A,Annual,W150102,Plastic packaging,RT,Rate,EL,Greece,2015,,36.8,,,,,
dataflow,ESTAT:CEI_WM020(1.0),Recycling rate of packaging waste by type of packaging,A,Annual,W150102,Plastic packaging,RT,Rate,EL,Greece,2016,,38.2,,,,,
dataflow,ESTAT:CEI_WM020(1.0),Recycling rate of packaging waste by type of packaging,A,Annual,W150102,Plastic packaging,RT,Rate,EL,Greece,2017,,41.4,,,,,
dataflow,ESTAT:CEI_WM020(1.0),Recycling rate of packaging waste by type of packaging,A,Annual,W150102,Plastic packaging,RT,Rate,EL,Greece,2018,,39.8,,e,estimated,,
dataflow,ESTAT:CEI_WM020(1.0),Recycling rate of packaging waste by type of packaging,A,Annual,W150102,Plastic packaging,RT,Rate,EL,Greece,2019,,37.6,,e,estimated,,
dataflow,ESTAT:CEI_WM020(1.0),Recycling rate of packaging waste by type of packaging,A,Annual,W150102,Plastic packaging,RT,Rate,EL,Greece,2021,,37.8,,,,,
dataflow,ESTAT:CEI_WM020(1.0),Recycling rate of packaging waste by type of packaging,A,Annual,W150102,Plastic packaging,RT,Rate,EL,Greece,2022,,31.8,,,,,
dataflow,ESTAT:CEI_WM020(1.0),Recycling rate of packaging waste by type of packaging,A,Annual,W150102,Plastic packaging,RT,Rate,ES,Spain,2000,,17.2,,,,,
dataflow,ESTAT:CEI_WM020(1.0),Recycling rate of packaging waste by type of packaging,A,Annual,W150102,Plastic packaging,RT,Rate,ES,Spain,2001,,17.8,,,,,
dataflow,ESTAT:CEI_WM020(1.0),Recycling rate of packaging waste by type of packaging,A,Annual,W150102,Plastic packaging,RT,Rate,ES,Spain,2002,,19.6,,,,,
dataflow,ESTAT:CEI_WM020(1.0),Recycling rate of packaging waste by type of packaging,A,Annual,W150102,Plastic packaging,RT,Rate,ES,Spain,2003,,19.9,,,,,
dataflow,ESTAT:CEI_WM020(1.0),Recycling rate of packaging waste by type of packaging,A,Annual,W150102,Plastic packaging,RT,Rate,ES,Spain,2004,,20.1,,,,,
dataflow,ESTAT:CEI_WM020(1.0),Recycling rate of packaging waste by type of packaging,A,Annual,W150102,Plastic packaging,RT,Rate,ES,Spain,2005,,20.7,,,,,
dataflow,ESTAT:CEI_WM020(1.0),Recycling rate of packaging waste by type of packaging,A,Annual,W150102,Plastic packaging,RT,Rate,ES,Spain,2006,,22.4,,,,,
dataflow,ESTAT:CEI_WM020(1.0),Recycling rate of packaging waste by type of packaging,A,Annual,W150102,Plastic packaging,RT,Rate,ES,Spain,2007,,23.3,,,,,
dataflow,ESTAT:CEI_WM020(1.0),Recycling rate of packaging waste by type of packaging,A,Annual,W150102,Plastic packaging,RT,Rate,ES,Spain,2008,,24.4,,,,,
dataflow,ESTAT:CEI_WM020(1.0),Recycling rate of packaging waste by type of packaging,A,Annual,W150102,Plastic packaging,RT,Rate,ES,Spain,2009,,26.6,,,,,
dataflow,ESTAT:CEI_WM020(1.0),Recycling rate of packaging waste by type of packaging,A,Annual,W150102,Plastic packaging,RT,Rate,ES,Spain,2010,,29.2,,,,,
dataflow,ESTAT:CEI_WM020(1.0),Recycling rate of packaging waste by type of packaging,A,Annual,W150102,Plastic packaging,RT,Rate,ES,Spain,2011,,32.4,,,,,
dataflow,ESTAT:CEI_WM020(1.0),Recycling rate of packaging waste by type of packaging,A,Annual,W150102,Plastic packaging,RT,Rate,ES,Spain,2012,,35.1,,,,,
dataflow,ESTAT:CEI_WM020(1.0),Recycling rate of packaging waste by type of packaging,A,Annual,W150102,Plastic packaging,RT,Rate,ES,Spain,2013,,40.7,,,,,
dataflow,ESTAT:CEI_WM020(1.0),Recycling rate of packaging waste by type of packaging,A,Annual,W150102,Plastic packaging,RT,Rate,ES,Spain,2014,,42.5,,,,,
dataflow,ESTAT:CEI_WM020(1.0),Recycling rate of packaging waste by type of packaging,A,Annual,W150102,Plastic packaging,RT,Rate,ES,Spain,2015,,44,,,,,
dataflow,ESTAT:CEI_WM020(1.0),Recycling rate of packaging waste by type of packaging,A,Annual,W150102,Plastic packaging,RT,Rate,ES,Spain,2016,,45.5,,,,,
dataflow,ESTAT:CEI_WM020(1.0),Recycling rate of packaging waste by type of packaging,A,Annual,W150102,Plastic packaging,RT,Rate,ES,Spain,2017,,47.9,,,,,
dataflow,ESTAT:CEI_WM020(1.0),Recycling rate of packaging waste by type of packaging,A,Annual,W150102,Plastic packaging,RT,Rate,ES,Spain,2018,,50.7,,,,,
dataflow,ESTAT:CEI_WM020(1.0),Recycling rate of packaging waste by type of packaging,A,Annual,W150102,Plastic packaging,RT,Rate,ES,Spain,2019,,51.5,,,,,
dataflow,ESTAT:CEI_WM020(1.0),Recycling rate of packaging waste by type of packaging,A,Annual,W150102,Plastic packaging,RT,Rate,ES,Spain,2020,,51.4,,b,break in time series,,
dataflow,ESTAT:CEI_WM020(1.0),Recycling rate of packaging waste by type of packaging,A,Annual,W150102,Plastic packaging,RT,Rate,ES,Spain,2021,,54.5,,,,,
dataflow,ESTAT:CEI_WM020(1.0),Recycling rate of packaging waste by type of packaging,A,Annual,W150102,Plastic packaging,RT,Rate,ES,Spain,2022,,51.5,,,,,
dataflow,ESTAT:CEI_WM020(1.0),Recycling rate of packaging waste by type of packaging,A,Annual,W150102,Plastic packaging,RT,Rate,EU27_2020,European Union - 27 countries (from 2020),2005,,24.4,,i,value imputed by Eurostat or other receiving agencies,,
dataflow,ESTAT:CEI_WM020(1.0),Recycling rate of packaging waste by type of packaging,A,Annual,W150102,Plastic packaging,RT,Rate,EU27_2020,European Union - 27 countries (from 2020),2006,,27.1,,i,value imputed by Eurostat or other receiving agencies,,
dataflow,ESTAT:CEI_WM020(1.0),Recycling rate of packaging waste by type of packaging,A,Annual,W150102,Plastic packaging,RT,Rate,EU27_2020,European Union - 27 countries (from 2020),2007,,28.6,,i,value imputed by Eurostat or other receiving agencies,,
dataflow,ESTAT:CEI_WM020(1.0),Recycling rate of packaging waste by type of packaging,A,Annual,W150102,Plastic packaging,RT,Rate,EU27_2020,European Union - 27 countries (from 2020),2008,,30.9,,i,value imputed by Eurostat or other receiving agencies,,
dataflow,ESTAT:CEI_WM020(1.0),Recycling rate of packaging waste by type of packaging,A,Annual,W150102,Plastic packaging,RT,Rate,EU27_2020,European Union - 27 countries (from 2020),2009,,33.5,,i,value imputed by Eurostat or other receiving agencies,,
dataflow,ESTAT:CEI_WM020(1.0),Recycling rate of packaging waste by type of packaging,A,Annual,W150102,Plastic packaging,RT,Rate,EU27_2020,European Union - 27 countries (from 2020),2010,,34.1,,i,value imputed by Eurostat or other receiving agencies,,
dataflow,ESTAT:CEI_WM020(1.0),Recycling rate of packaging waste by type of packaging,A,Annual,W150102,Plastic packaging,RT,Rate,EU27_2020,European Union - 27 countries (from 2020),2011,,35.6,,i,value imputed by Eurostat or other receiving agencies,,
dataflow,ESTAT:CEI_WM020(1.0),Recycling rate of packaging waste by type of packaging,A,Annual,W150102,Plastic packaging,RT,Rate,EU27_2020,European Union - 27 countries (from 2020),2012,,37,,,,,
dataflow,ESTAT:CEI_WM020(1.0),Recycling rate of packaging waste by type of packaging,A,Annual,W150102,Plastic packaging,RT,Rate,EU27_2020,European Union - 27 countries (from 2020),2013,,37.5,,,,,
dataflow,ESTAT:CEI_WM020(1.0),Recycling rate of packaging waste by type of packaging,A,Annual,W150102,Plastic packaging,RT,Rate,EU27_2020,European Union - 27 countries (from 2020),2014,,39,,,,,
dataflow,ESTAT:CEI_WM020(1.0),Recycling rate of packaging waste by type of packaging,A,Annual,W150102,Plastic packaging,RT,Rate,EU27_2020,European Union - 27 countries (from 2020),2015,,40.5,,,,,
dataflow,ESTAT:CEI_WM020(1.0),Recycling rate of packaging waste by type of packaging,A,Annual,W150102,Plastic packaging,RT,Rate,EU27_2020,European Union - 27 countries (from 2020),2016,,42.4,,,,,
dataflow,ESTAT:CEI_WM020(1.0),Recycling rate of packaging waste by type of packaging,A,Annual,W150102,Plastic packaging,RT,Rate,EU27_2020,European Union - 27 countries (from 2020),2017,,41.7,,,,,
dataflow,ESTAT:CEI_WM020(1.0),Recycling rate of packaging waste by type of packaging,A,Annual,W150102,Plastic packaging,RT,Rate,EU27_2020,European Union - 27 countries (from 2020),2018,,41.4,,,,,
dataflow,ESTAT:CEI_WM020(1.0),Recycling rate of packaging waste by type of packaging,A,Annual,W150102,Plastic packaging,RT,Rate,EU27_2020,European Union - 27 countries (from 2020),2019,,41.1,,,,,
dataflow,ESTAT:CEI_WM020(1.0),Recycling rate of packaging waste by type of packaging,A,Annual,W150102,Plastic packaging,RT,Rate,EU27_2020,European Union - 27 countries (from 2020),2020,,37.6,,,,,
dataflow,ESTAT:CEI_WM020(1.0),Recycling rate of packaging waste by type of packaging,A,Annual,W150102,Plastic packaging,RT,Rate,EU27_2020,European Union - 27 countries (from 2020),2021,,40.3,,,,,
dataflow,ESTAT:CEI_WM020(1.0),Recycling rate of packaging waste by type of packaging,A,Annual,W150102,Plastic packaging,RT,Rate,EU27_2020,European Union - 27 countries (from 2020),2022,,40.7,,,,,
dataflow,ESTAT:CEI_WM020(1.0),Recycling rate of packaging waste by type of packaging,A,Annual,W150102,Plastic packaging,RT,Rate,FI,Finland,2000,,14.1,,,,,
dataflow,ESTAT:CEI_WM020(1.0),Recycling rate of packaging waste by type of packaging,A,Annual,W150102,Plastic packaging,RT,Rate,FI,Finland,2001,,14.8,,,,,
dataflow,ESTAT:CEI_WM020(1.0),Recycling rate of packaging waste by type of packaging,A,Annual,W150102,Plastic packaging,RT,Rate,FI,Finland,2002,,14.6,,,,,
dataflow,ESTAT:CEI_WM020(1.0),Recycling rate of packaging waste by type of packaging,A,Annual,W150102,Plastic packaging,RT,Rate,FI,Finland,2003,,14.3,,,,,
dataflow,ESTAT:CEI_WM020(1.0),Recycling rate of packaging waste by type of packaging,A,Annual,W150102,Plastic packaging,RT,Rate,FI,Finland,2004,,14.6,,,,,
dataflow,ESTAT:CEI_WM020(1.0),Recycling rate of packaging waste by type of packaging,A,Annual,W150102,Plastic packaging,RT,Rate,FI,Finland,2005,,13.6,,,,,
dataflow,ESTAT:CEI_WM020(1.0),Recycling rate of packaging waste by type of packaging,A,Annual,W150102,Plastic packaging,RT,Rate,FI,Finland,2006,,15.9,,,,,
dataflow,ESTAT:CEI_WM020(1.0),Recycling rate of packaging waste by type of packaging,A,Annual,W150102,Plastic packaging,RT,Rate,FI,Finland,2007,,18.4,,,,,
dataflow,ESTAT:CEI_WM020(1.0),Recycling rate of packaging waste by type of packaging,A,Annual,W150102,Plastic packaging,RT,Rate,FI,Finland,2008,,22.7,,,,,
dataflow,ESTAT:CEI_WM020(1.0),Recycling rate of packaging waste by type of packaging,A,Annual,W150102,Plastic packaging,RT,Rate,FI,Finland,2009,,25.3,,,,,
dataflow,ESTAT:CEI_WM020(1.0),Recycling rate of packaging waste by type of packaging,A,Annual,W150102,Plastic packaging,RT,Rate,FI,Finland,2010,,26.2,,,,,
dataflow,ESTAT:CEI_WM020(1.0),Recycling rate of packaging waste by type of packaging,A,Annual,W150102,Plastic packaging,RT,Rate,FI,Finland,2011,,25.4,,,,,
dataflow,ESTAT:CEI_WM020(1.0),Recycling rate of packaging waste by type of packaging,A,Annual,W150102,Plastic packaging,RT,Rate,FI,Finland,2012,,25.4,,,,,
dataflow,ESTAT:CEI_WM020(1.0),Recycling rate of packaging waste by type of packaging,A,Annual,W150102,Plastic packaging,RT,Rate,FI,Finland,2013,,22.7,,,,,
dataflow,ESTAT:CEI_WM020(1.0),Recycling rate of packaging waste by type of packaging,A,Annual,W150102,Plastic packaging,RT,Rate,FI,Finland,2014,,24.6,,,,,
dataflow,ESTAT:CEI_WM020(1.0),Recycling rate of packaging waste by type of packaging,A,Annual,W150102,Plastic packaging,RT,Rate,FI,Finland,2015,,23.7,,,,,
dataflow,ESTAT:CEI_WM020(1.0),Recycling rate of packaging waste by type of packaging,A,Annual,W150102,Plastic packaging,RT,Rate,FI,Finland,2016,,25.4,,,,,
dataflow,ESTAT:CEI_WM020(1.0),Recycling rate of packaging waste by type of packaging,A,Annual,W150102,Plastic packaging,RT,Rate,FI,Finland,2017,,26.5,,,,,
dataflow,ESTAT:CEI_WM020(1.0),Recycling rate of packaging waste by type of packaging,A,Annual,W150102,Plastic packaging,RT,Rate,FI,Finland,2018,,31.1,,,,,
dataflow,ESTAT:CEI_WM020(1.0),Recycling rate of packaging waste by type of packaging,A,Annual,W150102,Plastic packaging,RT,Rate,FI,Finland,2019,,42,,,,,
dataflow,ESTAT:CEI_WM020(1.0),Recycling rate of packaging waste by type of packaging,A,Annual,W150102,Plastic packaging,RT,Rate,FI,Finland,2020,,39.4,,,,,
dataflow,ESTAT:CEI_WM020(1.0),Recycling rate of packaging waste by type of packaging,A,Annual,W150102,Plastic packaging,RT,Rate,FI,Finland,2021,,42.9,,,,,
dataflow,ESTAT:CEI_WM020(1.0),Recycling rate of packaging waste by type of packaging,A,Annual,W150102,Plastic packaging,RT,Rate,FI,Finland,2022,,44.5,,,,,
dataflow,ESTAT:CEI_WM020(1.0),Recycling rate of packaging waste by type of packaging,A,Annual,W150102,Plastic packaging,RT,Rate,FR,France,2000,,11.2,,,,,
dataflow,ESTAT:CEI_WM020(1.0),Recycling rate of packaging waste by type of packaging,A,Annual,W150102,Plastic packaging,RT,Rate,FR,France,2001,,13.6,,,,,
dataflow,ESTAT:CEI_WM020(1.0),Recycling rate of packaging waste by type of packaging,A,Annual,W150102,Plastic packaging,RT,Rate,FR,France,2002,,15.2,,,,,
dataflow,ESTAT:CEI_WM020(1.0),Recycling rate of packaging waste by type of packaging,A,Annual,W150102,Plastic packaging,RT,Rate,FR,France,2003,,16.1,,,,,
dataflow,ESTAT:CEI_WM020(1.0),Recycling rate of packaging waste by type of packaging,A,Annual,W150102,Plastic packaging,RT,Rate,FR,France,2004,,17.5,,,,,
dataflow,ESTAT:CEI_WM020(1.0),Recycling rate of packaging waste by type of packaging,A,Annual,W150102,Plastic packaging,RT,Rate,FR,France,2005,,19,,,,,
dataflow,ESTAT:CEI_WM020(1.0),Recycling rate of packaging waste by type of packaging,A,Annual,W150102,Plastic packaging,RT,Rate,FR,France,2006,,19,,,,,
dataflow,ESTAT:CEI_WM020(1.0),Recycling rate of packaging waste by type of packaging,A,Annual,W150102,Plastic packaging,RT,Rate,FR,France,2007,,21.1,,,,,
dataflow,ESTAT:CEI_WM020(1.0),Recycling rate of packaging waste by type of packaging,A,Annual,W150102,Plastic packaging,RT,Rate,FR,France,2008,,22.5,,,,,
dataflow,ESTAT:CEI_WM020(1.0),Recycling rate of packaging waste by type of packaging,A,Annual,W150102,Plastic packaging,RT,Rate,FR,France,2009,,25,,,,,
dataflow,ESTAT:CEI_WM020(1.0),Recycling rate of packaging waste by type of packaging,A,Annual,W150102,Plastic packaging,RT,Rate,FR,France,2010,,23.7,,,,,
dataflow,ESTAT:CEI_WM020(1.0),Recycling rate of packaging waste by type of packaging,A,Annual,W150102,Plastic packaging,RT,Rate,FR,France,2011,,23.3,,,,,
dataflow,ESTAT:CEI_WM020(1.0),Recycling rate of packaging waste by type of packaging,A,Annual,W150102,Plastic packaging,RT,Rate,FR,France,2012,,25.1,,,,,
dataflow,ESTAT:CEI_WM020(1.0),Recycling rate of packaging waste by type of packaging,A,Annual,W150102,Plastic packaging,RT,Rate,FR,France,2013,,25.6,,,,,
dataflow,ESTAT:CEI_WM020(1.0),Recycling rate of packaging waste by type of packaging,A,Annual,W150102,Plastic packaging,RT,Rate,FR,France,2014,,25.2,,,,,
dataflow,ESTAT:CEI_WM020(1.0),Recycling rate of packaging waste by type of packaging,A,Annual,W150102,Plastic packaging,RT,Rate,FR,France,2015,,25.5,,,,,
dataflow,ESTAT:CEI_WM020(1.0),Recycling rate of packaging waste by type of packaging,A,Annual,W150102,Plastic packaging,RT,Rate,FR,France,2016,,25.8,,,,,
dataflow,ESTAT:CEI_WM020(1.0),Recycling rate of packaging waste by type of packaging,A,Annual,W150102,Plastic packaging,RT,Rate,FR,France,2017,,26.5,,,,,
dataflow,ESTAT:CEI_WM020(1.0),Recycling rate of packaging waste by type of packaging,A,Annual,W150102,Plastic packaging,RT,Rate,FR,France,2018,,26.9,,,,,
dataflow,ESTAT:CEI_WM020(1.0),Recycling rate of packaging waste by type of packaging,A,Annual,W150102,Plastic packaging,RT,Rate,FR,France,2019,,26.9,,,,,
dataflow,ESTAT:CEI_WM020(1.0),Recycling rate of packaging waste by type of packaging,A,Annual,W150102,Plastic packaging,RT,Rate,FR,France,2020,,21.4,,,,,
dataflow,ESTAT:CEI_WM020(1.0),Recycling rate of packaging waste by type of packaging,A,Annual,W150102,Plastic packaging,RT,Rate,FR,France,2021,,23.1,,,,,
dataflow,ESTAT:CEI_WM020(1.0),Recycling rate of packaging waste by type of packaging,A,Annual,W150102,Plastic packaging,RT,Rate,FR,France,2022,,25.2,,,,,
dataflow,ESTAT:CEI_WM020(1.0),Recycling rate of packaging waste by type of packaging,A,Annual,W150102,Plastic packaging,RT,Rate,HR,Croatia,2012,,45.4,,,,,
dataflow,ESTAT:CEI_WM020(1.0),Recycling rate of packaging waste by type of packaging,A,Annual,W150102,Plastic packaging,RT,Rate,HR,Croatia,2013,,45.3,,,,,
dataflow,ESTAT:CEI_WM020(1.0),Recycling rate of packaging waste by type of packaging,A,Annual,W150102,Plastic packaging,RT,Rate,HR,Croatia,2014,,37.7,,,,,
dataflow,ESTAT:CEI_WM020(1.0),Recycling rate of packaging waste by type of packaging,A,Annual,W150102,Plastic packaging,RT,Rate,HR,Croatia,2015,,46.3,,,,,
dataflow,ESTAT:CEI_WM020(1.0),Recycling rate of packaging waste by type of packaging,A,Annual,W150102,Plastic packaging,RT,Rate,HR,Croatia,2016,,41.1,,,,,
dataflow,ESTAT:CEI_WM020(1.0),Recycling rate of packaging waste by type of packaging,A,Annual,W150102,Plastic packaging,RT,Rate,HR,Croatia,2017,,37.3,,,,,
dataflow,ESTAT:CEI_WM020(1.0),Recycling rate of packaging waste by type of packaging,A,Annual,W150102,Plastic packaging,RT,Rate,HR,Croatia,2018,,37.3,,,,,
dataflow,ESTAT:CEI_WM020(1.0),Recycling rate of packaging waste by type of packaging,A,Annual,W150102,Plastic packaging,RT,Rate,HR,Croatia,2019,,35.7,,,,,
dataflow,ESTAT:CEI_WM020(1.0),Recycling rate of packaging waste by type of packaging,A,Annual,W150102,Plastic packaging,RT,Rate,HR,Croatia,2020,,34.1,,,,,
dataflow,ESTAT:CEI_WM020(1.0),Recycling rate of packaging waste by type of packaging,A,Annual,W150102,Plastic packaging,RT,Rate,HR,Croatia,2021,,34.4,,,,,
dataflow,ESTAT:CEI_WM020(1.0),Recycling rate of packaging waste by type of packaging,A,Annual,W150102,Plastic packaging,RT,Rate,HR,Croatia,2022,,34.9,,,,,
dataflow,ESTAT:CEI_WM020(1.0),Recycling rate of packaging waste by type of packaging,A,Annual,W150102,Plastic packaging,RT,Rate,HU,Hungary,2004,,14,,,,,
dataflow,ESTAT:CEI_WM020(1.0),Recycling rate of packaging waste by type of packaging,A,Annual,W150102,Plastic packaging,RT,Rate,HU,Hungary,2005,,19.2,,,,,
dataflow,ESTAT:CEI_WM020(1.0),Recycling rate of packaging waste by type of packaging,A,Annual,W150102,Plastic packaging,RT,Rate,HU,Hungary,2006,,20.4,,,,,
dataflow,ESTAT:CEI_WM020(1.0),Recycling rate of packaging waste by type of packaging,A,Annual,W150102,Plastic packaging,RT,Rate,HU,Hungary,2007,,17,,,,,
dataflow,ESTAT:CEI_WM020(1.0),Recycling rate of packaging waste by type of packaging,A,Annual,W150102,Plastic packaging,RT,Rate,HU,Hungary,2008,,25.1,,,,,
dataflow,ESTAT:CEI_WM020(1.0),Recycling rate of packaging waste by type of packaging,A,Annual,W150102,Plastic packaging,RT,Rate,HU,Hungary,2009,,24.5,,,,,
dataflow,ESTAT:CEI_WM020(1.0),Recycling rate of packaging waste by type of packaging,A,Annual,W150102,Plastic packaging,RT,Rate,HU,Hungary,2010,,32.5,,,,,
dataflow,ESTAT:CEI_WM020(1.0),Recycling rate of packaging waste by type of packaging,A,Annual,W150102,Plastic packaging,RT,Rate,HU,Hungary,2011,,22.4,,,,,
dataflow,ESTAT:CEI_WM020(1.0),Recycling rate of packaging waste by type of packaging,A,Annual,W150102,Plastic packaging,RT,Rate,HU,Hungary,2012,,27.8,,,,,
dataflow,ESTAT:CEI_WM020(1.0),Recycling rate of packaging waste by type of packaging,A,Annual,W150102,Plastic packaging,RT,Rate,HU,Hungary,2013,,30.8,,,,,
dataflow,ESTAT:CEI_WM020(1.0),Recycling rate of packaging waste by type of packaging,A,Annual,W150102,Plastic packaging,RT,Rate,HU,Hungary,2014,,36.8,,,,,
dataflow,ESTAT:CEI_WM020(1.0),Recycling rate of packaging waste by type of packaging,A,Annual,W150102,Plastic packaging,RT,Rate,HU,Hungary,2015,,27.4,,,,,
dataflow,ESTAT:CEI_WM020(1.0),Recycling rate of packaging waste by type of packaging,A,Annual,W150102,Plastic packaging,RT,Rate,HU,Hungary,2016,,31.4,,,,,
dataflow,ESTAT:CEI_WM020(1.0),Recycling rate of packaging waste by type of packaging,A,Annual,W150102,Plastic packaging,RT,Rate,HU,Hungary,2017,,32,,,,,
dataflow,ESTAT:CEI_WM020(1.0),Recycling rate of packaging waste by type of packaging,A,Annual,W150102,Plastic packaging,RT,Rate,HU,Hungary,2018,,30,,,,,
dataflow,ESTAT:CEI_WM020(1.0),Recycling rate of packaging waste by type of packaging,A,Annual,W150102,Plastic packaging,RT,Rate,HU,Hungary,2019,,33,,,,,
dataflow,ESTAT:CEI_WM020(1.0),Recycling rate of packaging waste by type of packaging,A,Annual,W150102,Plastic packaging,RT,Rate,HU,Hungary,2020,,24.9,,,,,
dataflow,ESTAT:CEI_WM020(1.0),Recycling rate of packaging waste by type of packaging,A,Annual,W150102,Plastic packaging,RT,Rate,HU,Hungary,2021,,27.1,,,,,
dataflow,ESTAT:CEI_WM020(1.0),Recycling rate of packaging waste by type of packaging,A,Annual,W150102,Plastic packaging,RT,Rate,HU,Hungary,2022,,27.5,,,,,
dataflow,ESTAT:CEI_WM020(1.0),Recycling rate of packaging waste by type of packaging,A,Annual,W150102,Plastic packaging,RT,Rate,IE,Ireland,2000,,9.1,,,,,
dataflow,ESTAT:CEI_WM020(1.0),Recycling rate of packaging waste by type of packaging,A,Annual,W150102,Plastic packaging,RT,Rate,IE,Ireland,2001,,11.8,,,,,
dataflow,ESTAT:CEI_WM020(1.0),Recycling rate of packaging waste by type of packaging,A,Annual,W150102,Plastic packaging,RT,Rate,IE,Ireland,2002,,16.6,,,,,
dataflow,ESTAT:CEI_WM020(1.0),Recycling rate of packaging waste by type of packaging,A,Annual,W150102,Plastic packaging,RT,Rate,IE,Ireland,2003,,15.5,,,,,
dataflow,ESTAT:CEI_WM020(1.0),Recycling rate of packaging waste by type of packaging,A,Annual,W150102,Plastic packaging,RT,Rate,IE,Ireland,2004,,22.3,,,,,
dataflow,ESTAT:CEI_WM020(1.0),Recycling rate of packaging waste by type of packaging,A,Annual,W150102,Plastic packaging,RT,Rate,IE,Ireland,2005,,24.1,,,,,
dataflow,ESTAT:CEI_WM020(1.0),Recycling rate of packaging waste by type of packaging,A,Annual,W150102,Plastic packaging,RT,Rate,IE,Ireland,2006,,20.1,,,,,
dataflow,ESTAT:CEI_WM020(1.0),Recycling rate of packaging waste by type of packaging,A,Annual,W150102,Plastic packaging,RT,Rate,IE,Ireland,2007,,22.2,,,,,
dataflow,ESTAT:CEI_WM020(1.0),Recycling rate of packaging waste by type of packaging,A,Annual,W150102,Plastic packaging,RT,Rate,IE,Ireland,2008,,28.9,,i,value imputed by Eurostat or other receiving agencies,,
dataflow,ESTAT:CEI_WM020(1.0),Recycling rate of packaging waste by type of packaging,A,Annual,W150102,Plastic packaging,RT,Rate,IE,Ireland,2009,,36.2,,,,,
dataflow,ESTAT:CEI_WM020(1.0),Recycling rate of packaging waste by type of packaging,A,Annual,W150102,Plastic packaging,RT,Rate,IE,Ireland,2010,,39.4,,,,,
dataflow,ESTAT:CEI_WM020(1.0),Recycling rate of packaging waste by type of packaging,A,Annual,W150102,Plastic packaging,RT,Rate,IE,Ireland,2011,,47.5,,,,,
dataflow,ESTAT:CEI_WM020(1.0),Recycling rate of packaging waste by type of packaging,A,Annual,W150102,Plastic packaging,RT,Rate,IE,Ireland,2012,,38.2,,,,,
dataflow,ESTAT:CEI_WM020(1.0),Recycling rate of packaging waste by type of packaging,A,Annual,W150102,Plastic packaging,RT,Rate,IE,Ireland,2013,,34.8,,,,,
dataflow,ESTAT:CEI_WM020(1.0),Recycling rate of packaging waste by type of packaging,A,Annual,W150102,Plastic packaging,RT,Rate,IE,Ireland,2014,,31.3,,,,,
dataflow,ESTAT:CEI_WM020(1.0),Recycling rate of packaging waste by type of packaging,A,Annual,W150102,Plastic packaging,RT,Rate,IE,Ireland,2015,,29.7,,,,,
dataflow,ESTAT:CEI_WM020(1.0),Recycling rate of packaging waste by type of packaging,A,Annual,W150102,Plastic packaging,RT,Rate,IE,Ireland,2016,,31.2,,,,,
dataflow,ESTAT:CEI_WM020(1.0),Recycling rate of packaging waste by type of packaging,A,Annual,W150102,Plastic packaging,RT,Rate,IE,Ireland,2017,,30.5,,,,,
dataflow,ESTAT:CEI_WM020(1.0),Recycling rate of packaging waste by type of packaging,A,Annual,W150102,Plastic packaging,RT,Rate,IE,Ireland,2018,,27.1,,,,,
dataflow,ESTAT:CEI_WM020(1.0),Recycling rate of packaging waste by type of packaging,A,Annual,W150102,Plastic packaging,RT,Rate,IE,Ireland,2019,,27.5,,b,break in time series,,
dataflow,ESTAT:CEI_WM020(1.0),Recycling rate of packaging waste by type of packaging,A,Annual,W150102,Plastic packaging,RT,Rate,IE,Ireland,2020,,29,,,,,
dataflow,ESTAT:CEI_WM020(1.0),Recycling rate of packaging waste by type of packaging,A,Annual,W150102,Plastic packaging,RT,Rate,IE,Ireland,2021,,27.9,,,,,
dataflow,ESTAT:CEI_WM020(1.0),Recycling rate of packaging waste by type of packaging,A,Annual,W150102,Plastic packaging,RT,Rate,IE,Ireland,2022,,32.1,,,,,
dataflow,ESTAT:CEI_WM020(1.0),Recycling rate of packaging waste by type of packaging,A,Annual,W150102,Plastic packaging,RT,Rate,IS,Iceland,2010,,31.7,,,,,
dataflow,ESTAT:CEI_WM020(1.0),Recycling rate of packaging waste by type of packaging,A,Annual,W150102,Plastic packaging,RT,Rate,IS,Iceland,2011,,41.5,,,,,
dataflow,ESTAT:CEI_WM020(1.0),Recycling rate of packaging waste by type of packaging,A,Annual,W150102,Plastic packaging,RT,Rate,IS,Iceland,2012,,40.9,,,,,
dataflow,ESTAT:CEI_WM020(1.0),Recycling rate of packaging waste by type of packaging,A,Annual,W150102,Plastic packaging,RT,Rate,IS,Iceland,2013,,26.5,,,,,
dataflow,ESTAT:CEI_WM020(1.0),Recycling rate of packaging waste by type of packaging,A,Annual,W150102,Plastic packaging,RT,Rate,IS,Iceland,2014,,26.8,,,,,
dataflow,ESTAT:CEI_WM020(1.0),Recycling rate of packaging waste by type of packaging,A,Annual,W150102,Plastic packaging,RT,Rate,IS,Iceland,2015,,37,,,,,
dataflow,ESTAT:CEI_WM020(1.0),Recycling rate of packaging waste by type of packaging,A,Annual,W150102,Plastic packaging,RT,Rate,IS,Iceland,2016,,41.5,,,,,
dataflow,ESTAT:CEI_WM020(1.0),Recycling rate of packaging waste by type of packaging,A,Annual,W150102,Plastic packaging,RT,Rate,IS,Iceland,2017,,28.9,,,,,
dataflow,ESTAT:CEI_WM020(1.0),Recycling rate of packaging waste by type of packaging,A,Annual,W150102,Plastic packaging,RT,Rate,IS,Iceland,2018,,29.3,,,,,
dataflow,ESTAT:CEI_WM020(1.0),Recycling rate of packaging waste by type of packaging,A,Annual,W150102,Plastic packaging,RT,Rate,IS,Iceland,2019,,24,,,,,
dataflow,ESTAT:CEI_WM020(1.0),Recycling rate of packaging waste by type of packaging,A,Annual,W150102,Plastic packaging,RT,Rate,IS,Iceland,2020,,30.8,,d,definition differs (see metadata),,
dataflow,ESTAT:CEI_WM020(1.0),Recycling rate of packaging waste by type of packaging,A,Annual,W150102,Plastic packaging,RT,Rate,IS,Iceland,2021,,27.6,,,,,
dataflow,ESTAT:CEI_WM020(1.0),Recycling rate of packaging waste by type of packaging,A,Annual,W150102,Plastic packaging,RT,Rate,IS,Iceland,2022,,21.5,,d,definition differs (see metadata),,
dataflow,ESTAT:CEI_WM020(1.0),Recycling rate of packaging waste by type of packaging,A,Annual,W150102,Plastic packaging,RT,Rate,IT,Italy,2000,,16.1,,,,,
dataflow,ESTAT:CEI_WM020(1.0),Recycling rate of packaging waste by type of packaging,A,Annual,W150102,Plastic packaging,RT,Rate,IT,Italy,2001,,19.1,,,,,
dataflow,ESTAT:CEI_WM020(1.0),Recycling rate of packaging waste by type of packaging,A,Annual,W150102,Plastic packaging,RT,Rate,IT,Italy,2002,,23.1,,,,,
dataflow,ESTAT:CEI_WM020(1.0),Recycling rate of packaging waste by type of packaging,A,Annual,W150102,Plastic packaging,RT,Rate,IT,Italy,2003,,24,,,,,
dataflow,ESTAT:CEI_WM020(1.0),Recycling rate of packaging waste by type of packaging,A,Annual,W150102,Plastic packaging,RT,Rate,IT,Italy,2004,,25.9,,,,,
dataflow,ESTAT:CEI_WM020(1.0),Recycling rate of packaging waste by type of packaging,A,Annual,W150102,Plastic packaging,RT,Rate,IT,Italy,2005,,26,,,,,
dataflow,ESTAT:CEI_WM020(1.0),Recycling rate of packaging waste by type of packaging,A,Annual,W150102,Plastic packaging,RT,Rate,IT,Italy,2006,,27.4,,,,,
dataflow,ESTAT:CEI_WM020(1.0),Recycling rate of packaging waste by type of packaging,A,Annual,W150102,Plastic packaging,RT,Rate,IT,Italy,2007,,28.3,,,,,
dataflow,ESTAT:CEI_WM020(1.0),Recycling rate of packaging waste by type of packaging,A,Annual,W150102,Plastic packaging,RT,Rate,IT,Italy,2008,,31.1,,,,,
dataflow,ESTAT:CEI_WM020(1.0),Recycling rate of packaging waste by type of packaging,A,Annual,W150102,Plastic packaging,RT,Rate,IT,Italy,2009,,33.5,,,,,
dataflow,ESTAT:CEI_WM020(1.0),Recycling rate of packaging waste by type of packaging,A,Annual,W150102,Plastic packaging,RT,Rate,IT,Italy,2010,,34.5,,,,,
dataflow,ESTAT:CEI_WM020(1.0),Recycling rate of packaging waste by type of packaging,A,Annual,W150102,Plastic packaging,RT,Rate,IT,Italy,2011,,36.1,,,,,
dataflow,ESTAT:CEI_WM020(1.0),Recycling rate of packaging waste by type of packaging,A,Annual,W150102,Plastic packaging,RT,Rate,IT,Italy,2012,,37.5,,,,,
dataflow,ESTAT:CEI_WM020(1.0),Recycling rate of packaging waste by type of packaging,A,Annual,W150102,Plastic packaging,RT,Rate,IT,Italy,2013,,36.8,,,,,
dataflow,ESTAT:CEI_WM020(1.0),Recycling rate of packaging waste by type of packaging,A,Annual,W150102,Plastic packaging,RT,Rate,IT,Italy,2014,,38,,,,,
dataflow,ESTAT:CEI_WM020(1.0),Recycling rate of packaging waste by type of packaging,A,Annual,W150102,Plastic packaging,RT,Rate,IT,Italy,2015,,41.1,,,,,
dataflow,ESTAT:CEI_WM020(1.0),Recycling rate of packaging waste by type of packaging,A,Annual,W150102,Plastic packaging,RT,Rate,IT,Italy,2016,,42.4,,,,,
dataflow,ESTAT:CEI_WM020(1.0),Recycling rate of packaging waste by type of packaging,A,Annual,W150102,Plastic packaging,RT,Rate,IT,Italy,2017,,41.8,,,,,
dataflow,ESTAT:CEI_WM020(1.0),Recycling rate of packaging waste by type of packaging,A,Annual,W150102,Plastic packaging,RT,Rate,IT,Italy,2018,,43.4,,,,,
dataflow,ESTAT:CEI_WM020(1.0),Recycling rate of packaging waste by type of packaging,A,Annual,W150102,Plastic packaging,RT,Rate,IT,Italy,2019,,44.7,,,,,
dataflow,ESTAT:CEI_WM020(1.0),Recycling rate of packaging waste by type of packaging,A,Annual,W150102,Plastic packaging,RT,Rate,IT,Italy,2020,,51.2,,,,,
dataflow,ESTAT:CEI_WM020(1.0),Recycling rate of packaging waste by type of packaging,A,Annual,W150102,Plastic packaging,RT,Rate,IT,Italy,2021,,54.8,,,,,
dataflow,ESTAT:CEI_WM020(1.0),Recycling rate of packaging waste by type of packaging,A,Annual,W150102,Plastic packaging,RT,Rate,IT,Italy,2022,,54.6,,,,,
dataflow,ESTAT:CEI_WM020(1.0),Recycling rate of packaging waste by type of packaging,A,Annual,W150102,Plastic packaging,RT,Rate,LI,Liechtenstein,2006,,4.5,,,,,
dataflow,ESTAT:CEI_WM020(1.0),Recycling rate of packaging waste by type of packaging,A,Annual,W150102,Plastic packaging,RT,Rate,LI,Liechtenstein,2007,,3.2,,,,,
dataflow,ESTAT:CEI_WM020(1.0),Recycling rate of packaging waste by type of packaging,A,Annual,W150102,Plastic packaging,RT,Rate,LI,Liechtenstein,2008,,1.9,,,,,
dataflow,ESTAT:CEI_WM020(1.0),Recycling rate of packaging waste by type of packaging,A,Annual,W150102,Plastic packaging,RT,Rate,LI,Liechtenstein,2009,,3,,,,,
dataflow,ESTAT:CEI_WM020(1.0),Recycling rate of packaging waste by type of packaging,A,Annual,W150102,Plastic packaging,RT,Rate,LI,Liechtenstein,2010,,2.3,,,,,
dataflow,ESTAT:CEI_WM020(1.0),Recycling rate of packaging waste by type of packaging,A,Annual,W150102,Plastic packaging,RT,Rate,LI,Liechtenstein,2011,,2.6,,,,,
dataflow,ESTAT:CEI_WM020(1.0),Recycling rate of packaging waste by type of packaging,A,Annual,W150102,Plastic packaging,RT,Rate,LI,Liechtenstein,2012,,7,,,,,
dataflow,ESTAT:CEI_WM020(1.0),Recycling rate of packaging waste by type of packaging,A,Annual,W150102,Plastic packaging,RT,Rate,LI,Liechtenstein,2013,,6.6,,,,,
dataflow,ESTAT:CEI_WM020(1.0),Recycling rate of packaging waste by type of packaging,A,Annual,W150102,Plastic packaging,RT,Rate,LI,Liechtenstein,2014,,6.8,,,,,
dataflow,ESTAT:CEI_WM020(1.0),Recycling rate of packaging waste by type of packaging,A,Annual,W150102,Plastic packaging,RT,Rate,LI,Liechtenstein,2015,,16.9,,,,,
dataflow,ESTAT:CEI_WM020(1.0),Recycling rate of packaging waste by type of packaging,A,Annual,W150102,Plastic packaging,RT,Rate,LI,Liechtenstein,2016,,20.9,,,,,
dataflow,ESTAT:CEI_WM020(1.0),Recycling rate of packaging waste by type of packaging,A,Annual,W150102,Plastic packaging,RT,Rate,LI,Liechtenstein,2017,,18.3,,,,,
dataflow,ESTAT:CEI_WM020(1.0),Recycling rate of packaging waste by type of packaging,A,Annual,W150102,Plastic packaging,RT,Rate,LI,Liechtenstein,2018,,21.4,,,,,
dataflow,ESTAT:CEI_WM020(1.0),Recycling rate of packaging waste by type of packaging,A,Annual,W150102,Plastic packaging,RT,Rate,LI,Liechtenstein,2019,,26.5,,,,,
dataflow,ESTAT:CEI_WM020(1.0),Recycling rate of packaging waste by type of packaging,A,Annual,W150102,Plastic packaging,RT,Rate,LI,Liechtenstein,2020,,30.2,,d,definition differs (see metadata),,
dataflow,ESTAT:CEI_WM020(1.0),Recycling rate of packaging waste by type of packaging,A,Annual,W150102,Plastic packaging,RT,Rate,LI,Liechtenstein,2021,,31.4,,d,definition differs (see metadata),,
dataflow,ESTAT:CEI_WM020(1.0),Recycling rate of packaging waste by type of packaging,A,Annual,W150102,Plastic packaging,RT,Rate,LI,Liechtenstein,2022,,30.8,,d,definition differs (see metadata),,
dataflow,ESTAT:CEI_WM020(1.0),Recycling rate of packaging waste by type of packaging,A,Annual,W150102,Plastic packaging,RT,Rate,LT,Lithuania,2004,,20.9,,,,,
dataflow,ESTAT:CEI_WM020(1.0),Recycling rate of packaging waste by type of packaging,A,Annual,W150102,Plastic packaging,RT,Rate,LT,Lithuania,2005,,21.2,,,,,
dataflow,ESTAT:CEI_WM020(1.0),Recycling rate of packaging waste by type of packaging,A,Annual,W150102,Plastic packaging,RT,Rate,LT,Lithuania,2006,,26.7,,,,,
dataflow,ESTAT:CEI_WM020(1.0),Recycling rate of packaging waste by type of packaging,A,Annual,W150102,Plastic packaging,RT,Rate,LT,Lithuania,2007,,28.5,,,,,
dataflow,ESTAT:CEI_WM020(1.0),Recycling rate of packaging waste by type of packaging,A,Annual,W150102,Plastic packaging,RT,Rate,LT,Lithuania,2008,,32.6,,,,,
dataflow,ESTAT:CEI_WM020(1.0),Recycling rate of packaging waste by type of packaging,A,Annual,W150102,Plastic packaging,RT,Rate,LT,Lithuania,2009,,35.9,,,,,
dataflow,ESTAT:CEI_WM020(1.0),Recycling rate of packaging waste by type of packaging,A,Annual,W150102,Plastic packaging,RT,Rate,LT,Lithuania,2010,,38.4,,,,,
dataflow,ESTAT:CEI_WM020(1.0),Recycling rate of packaging waste by type of packaging,A,Annual,W150102,Plastic packaging,RT,Rate,LT,Lithuania,2011,,38.9,,,,,
dataflow,ESTAT:CEI_WM020(1.0),Recycling rate of packaging waste by type of packaging,A,Annual,W150102,Plastic packaging,RT,Rate,LT,Lithuania,2012,,38.9,,,,,
dataflow,ESTAT:CEI_WM020(1.0),Recycling rate of packaging waste by type of packaging,A,Annual,W150102,Plastic packaging,RT,Rate,LT,Lithuania,2013,,42.9,,,,,
dataflow,ESTAT:CEI_WM020(1.0),Recycling rate of packaging waste by type of packaging,A,Annual,W150102,Plastic packaging,RT,Rate,LT,Lithuania,2014,,51.2,,,,,
dataflow,ESTAT:CEI_WM020(1.0),Recycling rate of packaging waste by type of packaging,A,Annual,W150102,Plastic packaging,RT,Rate,LT,Lithuania,2015,,54.8,,,,,
dataflow,ESTAT:CEI_WM020(1.0),Recycling rate of packaging waste by type of packaging,A,Annual,W150102,Plastic packaging,RT,Rate,LT,Lithuania,2016,,74.4,,,,,
dataflow,ESTAT:CEI_WM020(1.0),Recycling rate of packaging waste by type of packaging,A,Annual,W150102,Plastic packaging,RT,Rate,LT,Lithuania,2017,,71.5,,,,,
dataflow,ESTAT:CEI_WM020(1.0),Recycling rate of packaging waste by type of packaging,A,Annual,W150102,Plastic packaging,RT,Rate,LT,Lithuania,2018,,69.3,,,,,
dataflow,ESTAT:CEI_WM020(1.0),Recycling rate of packaging waste by type of packaging,A,Annual,W150102,Plastic packaging,RT,Rate,LT,Lithuania,2019,,69.6,,,,,
dataflow,ESTAT:CEI_WM020(1.0),Recycling rate of packaging waste by type of packaging,A,Annual,W150102,Plastic packaging,RT,Rate,LT,Lithuania,2020,,56.1,,b,break in time series,,
dataflow,ESTAT:CEI_WM020(1.0),Recycling rate of packaging waste by type of packaging,A,Annual,W150102,Plastic packaging,RT,Rate,LT,Lithuania,2021,,44.8,,b,break in time series,,
dataflow,ESTAT:CEI_WM020(1.0),Recycling rate of packaging waste by type of packaging,A,Annual,W150102,Plastic packaging,RT,Rate,LT,Lithuania,2022,,44.1,,,,,
dataflow,ESTAT:CEI_WM020(1.0),Recycling rate of packaging waste by type of packaging,A,Annual,W150102,Plastic packaging,RT,Rate,LU,Luxembourg,2000,,35.9,,,,,
dataflow,ESTAT:CEI_WM020(1.0),Recycling rate of packaging waste by type of packaging,A,Annual,W150102,Plastic packaging,RT,Rate,LU,Luxembourg,2001,,33.7,,,,,
dataflow,ESTAT:CEI_WM020(1.0),Recycling rate of packaging waste by type of packaging,A,Annual,W150102,Plastic packaging,RT,Rate,LU,Luxembourg,2002,,28.3,,,,,
dataflow,ESTAT:CEI_WM020(1.0),Recycling rate of packaging waste by type of packaging,A,Annual,W150102,Plastic packaging,RT,Rate,LU,Luxembourg,2003,,23.5,,,,,
dataflow,ESTAT:CEI_WM020(1.0),Recycling rate of packaging waste by type of packaging,A,Annual,W150102,Plastic packaging,RT,Rate,LU,Luxembourg,2004,,34.5,,,,,
dataflow,ESTAT:CEI_WM020(1.0),Recycling rate of packaging waste by type of packaging,A,Annual,W150102,Plastic packaging,RT,Rate,LU,Luxembourg,2005,,29.6,,,,,
dataflow,ESTAT:CEI_WM020(1.0),Recycling rate of packaging waste by type of packaging,A,Annual,W150102,Plastic packaging,RT,Rate,LU,Luxembourg,2006,,31.8,,,,,
dataflow,ESTAT:CEI_WM020(1.0),Recycling rate of packaging waste by type of packaging,A,Annual,W150102,Plastic packaging,RT,Rate,LU,Luxembourg,2007,,38.7,,,,,
dataflow,ESTAT:CEI_WM020(1.0),Recycling rate of packaging waste by type of packaging,A,Annual,W150102,Plastic packaging,RT,Rate,LU,Luxembourg,2008,,29.7,,,,,
dataflow,ESTAT:CEI_WM020(1.0),Recycling rate of packaging waste by type of packaging,A,Annual,W150102,Plastic packaging,RT,Rate,LU,Luxembourg,2009,,24.6,,,,,
dataflow,ESTAT:CEI_WM020(1.0),Recycling rate of packaging waste by type of packaging,A,Annual,W150102,Plastic packaging,RT,Rate,LU,Luxembourg,2010,,31,,,,,
dataflow,ESTAT:CEI_WM020(1.0),Recycling rate of packaging waste by type of packaging,A,Annual,W150102,Plastic packaging,RT,Rate,LU,Luxembourg,2011,,33.2,,,,,
dataflow,ESTAT:CEI_WM020(1.0),Recycling rate of packaging waste by type of packaging,A,Annual,W150102,Plastic packaging,RT,Rate,LU,Luxembourg,2012,,36.7,,,,,
dataflow,ESTAT:CEI_WM020(1.0),Recycling rate of packaging waste by type of packaging,A,Annual,W150102,Plastic packaging,RT,Rate,LU,Luxembourg,2013,,32.2,,,,,
dataflow,ESTAT:CEI_WM020(1.0),Recycling rate of packaging waste by type of packaging,A,Annual,W150102,Plastic packaging,RT,Rate,LU,Luxembourg,2014,,32.3,,,,,
dataflow,ESTAT:CEI_WM020(1.0),Recycling rate of packaging waste by type of packaging,A,Annual,W150102,Plastic packaging,RT,Rate,LU,Luxembourg,2015,,32.7,,,,,
dataflow,ESTAT:CEI_WM020(1.0),Recycling rate of packaging waste by type of packaging,A,Annual,W150102,Plastic packaging,RT,Rate,LU,Luxembourg,2016,,31.9,,,,,
dataflow,ESTAT:CEI_WM020(1.0),Recycling rate of packaging waste by type of packaging,A,Annual,W150102,Plastic packaging,RT,Rate,LU,Luxembourg,2017,,33.1,,,,,
dataflow,ESTAT:CEI_WM020(1.0),Recycling rate of packaging waste by type of packaging,A,Annual,W150102,Plastic packaging,RT,Rate,LU,Luxembourg,2018,,32.3,,,,,
dataflow,ESTAT:CEI_WM020(1.0),Recycling rate of packaging waste by type of packaging,A,Annual,W150102,Plastic packaging,RT,Rate,LU,Luxembourg,2019,,33.4,,,,,
dataflow,ESTAT:CEI_WM020(1.0),Recycling rate of packaging waste by type of packaging,A,Annual,W150102,Plastic packaging,RT,Rate,LU,Luxembourg,2020,,34.7,,,,,
dataflow,ESTAT:CEI_WM020(1.0),Recycling rate of packaging waste by type of packaging,A,Annual,W150102,Plastic packaging,RT,Rate,LU,Luxembourg,2021,,39.5,,,,,
dataflow,ESTAT:CEI_WM020(1.0),Recycling rate of packaging waste by type of packaging,A,Annual,W150102,Plastic packaging,RT,Rate,LU,Luxembourg,2022,,39.8,,,,,
dataflow,ESTAT:CEI_WM020(1.0),Recycling rate of packaging waste by type of packaging,A,Annual,W150102,Plastic packaging,RT,Rate,LV,Latvia,2004,,21.2,,,,,
dataflow,ESTAT:CEI_WM020(1.0),Recycling rate of packaging waste by type of packaging,A,Annual,W150102,Plastic packaging,RT,Rate,LV,Latvia,2005,,33.5,,,,,
dataflow,ESTAT:CEI_WM020(1.0),Recycling rate of packaging waste by type of packaging,A,Annual,W150102,Plastic packaging,RT,Rate,LV,Latvia,2006,,26.7,,,,,
dataflow,ESTAT:CEI_WM020(1.0),Recycling rate of packaging waste by type of packaging,A,Annual,W150102,Plastic packaging,RT,Rate,LV,Latvia,2007,,22.8,,,,,
dataflow,ESTAT:CEI_WM020(1.0),Recycling rate of packaging waste by type of packaging,A,Annual,W150102,Plastic packaging,RT,Rate,LV,Latvia,2008,,17.6,,,,,
dataflow,ESTAT:CEI_WM020(1.0),Recycling rate of packaging waste by type of packaging,A,Annual,W150102,Plastic packaging,RT,Rate,LV,Latvia,2009,,20.3,,,,,
dataflow,ESTAT:CEI_WM020(1.0),Recycling rate of packaging waste by type of packaging,A,Annual,W150102,Plastic packaging,RT,Rate,LV,Latvia,2010,,24,,,,,
dataflow,ESTAT:CEI_WM020(1.0),Recycling rate of packaging waste by type of packaging,A,Annual,W150102,Plastic packaging,RT,Rate,LV,Latvia,2011,,23,,,,,
dataflow,ESTAT:CEI_WM020(1.0),Recycling rate of packaging waste by type of packaging,A,Annual,W150102,Plastic packaging,RT,Rate,LV,Latvia,2012,,24,,,,,
dataflow,ESTAT:CEI_WM020(1.0),Recycling rate of packaging waste by type of packaging,A,Annual,W150102,Plastic packaging,RT,Rate,LV,Latvia,2013,,24.5,,,,,
dataflow,ESTAT:CEI_WM020(1.0),Recycling rate of packaging waste by type of packaging,A,Annual,W150102,Plastic packaging,RT,Rate,LV,Latvia,2014,,36.4,,,,,
dataflow,ESTAT:CEI_WM020(1.0),Recycling rate of packaging waste by type of packaging,A,Annual,W150102,Plastic packaging,RT,Rate,LV,Latvia,2015,,35.3,,,,,
dataflow,ESTAT:CEI_WM020(1.0),Recycling rate of packaging waste by type of packaging,A,Annual,W150102,Plastic packaging,RT,Rate,LV,Latvia,2016,,37.2,,,,,
dataflow,ESTAT:CEI_WM020(1.0),Recycling rate of packaging waste by type of packaging,A,Annual,W150102,Plastic packaging,RT,Rate,LV,Latvia,2017,,36.6,,,,,
dataflow,ESTAT:CEI_WM020(1.0),Recycling rate of packaging waste by type of packaging,A,Annual,W150102,Plastic packaging,RT,Rate,LV,Latvia,2018,,35.8,,,,,
dataflow,ESTAT:CEI_WM020(1.0),Recycling rate of packaging waste by type of packaging,A,Annual,W150102,Plastic packaging,RT,Rate,LV,Latvia,2019,,35.4,,,,,
dataflow,ESTAT:CEI_WM020(1.0),Recycling rate of packaging waste by type of packaging,A,Annual,W150102,Plastic packaging,RT,Rate,LV,Latvia,2020,,35.9,,,,,
dataflow,ESTAT:CEI_WM020(1.0),Recycling rate of packaging waste by type of packaging,A,Annual,W150102,Plastic packaging,RT,Rate,LV,Latvia,2021,,41.6,,,,,
dataflow,ESTAT:CEI_WM020(1.0),Recycling rate of packaging waste by type of packaging,A,Annual,W150102,Plastic packaging,RT,Rate,LV,Latvia,2022,,47.3,,,,,
dataflow,ESTAT:CEI_WM020(1.0),Recycling rate of packaging waste by type of packaging,A,Annual,W150102,Plastic packaging,RT,Rate,MT,Malta,2004,,3,,,,,
dataflow,ESTAT:CEI_WM020(1.0),Recycling rate of packaging waste by type of packaging,A,Annual,W150102,Plastic packaging,RT,Rate,MT,Malta,2005,,5.4,,,,,
dataflow,ESTAT:CEI_WM020(1.0),Recycling rate of packaging waste by type of packaging,A,Annual,W150102,Plastic packaging,RT,Rate,MT,Malta,2006,,7.4,,,,,
dataflow,ESTAT:CEI_WM020(1.0),Recycling rate of packaging waste by type of packaging,A,Annual,W150102,Plastic packaging,RT,Rate,MT,Malta,2007,,10.6,,,,,
dataflow,ESTAT:CEI_WM020(1.0),Recycling rate of packaging waste by type of packaging,A,Annual,W150102,Plastic packaging,RT,Rate,MT,Malta,2008,,14,,,,,
dataflow,ESTAT:CEI_WM020(1.0),Recycling rate of packaging waste by type of packaging,A,Annual,W150102,Plastic packaging,RT,Rate,MT,Malta,2009,,50.9,,,,,
dataflow,ESTAT:CEI_WM020(1.0),Recycling rate of packaging waste by type of packaging,A,Annual,W150102,Plastic packaging,RT,Rate,MT,Malta,2010,,22,,,,,
dataflow,ESTAT:CEI_WM020(1.0),Recycling rate of packaging waste by type of packaging,A,Annual,W150102,Plastic packaging,RT,Rate,MT,Malta,2011,,28.9,,,,,
dataflow,ESTAT:CEI_WM020(1.0),Recycling rate of packaging waste by type of packaging,A,Annual,W150102,Plastic packaging,RT,Rate,MT,Malta,2012,,32.8,,,,,
dataflow,ESTAT:CEI_WM020(1.0),Recycling rate of packaging waste by type of packaging,A,Annual,W150102,Plastic packaging,RT,Rate,MT,Malta,2013,,22.6,,,,,
dataflow,ESTAT:CEI_WM020(1.0),Recycling rate of packaging waste by type of packaging,A,Annual,W150102,Plastic packaging,RT,Rate,MT,Malta,2014,,32.9,,,,,
dataflow,ESTAT:CEI_WM020(1.0),Recycling rate of packaging waste by type of packaging,A,Annual,W150102,Plastic packaging,RT,Rate,MT,Malta,2015,,28.6,,,,,
dataflow,ESTAT:CEI_WM020(1.0),Recycling rate of packaging waste by type of packaging,A,Annual,W150102,Plastic packaging,RT,Rate,MT,Malta,2016,,23.5,,,,,
dataflow,ESTAT:CEI_WM020(1.0),Recycling rate of packaging waste by type of packaging,A,Annual,W150102,Plastic packaging,RT,Rate,MT,Malta,2017,,19.2,,,,,
dataflow,ESTAT:CEI_WM020(1.0),Recycling rate of packaging waste by type of packaging,A,Annual,W150102,Plastic packaging,RT,Rate,MT,Malta,2018,,11.1,,,,,
dataflow,ESTAT:CEI_WM020(1.0),Recycling rate of packaging waste by type of packaging,A,Annual,W150102,Plastic packaging,RT,Rate,MT,Malta,2019,,15.4,,,,,
dataflow,ESTAT:CEI_WM020(1.0),Recycling rate of packaging waste by type of packaging,A,Annual,W150102,Plastic packaging,RT,Rate,MT,Malta,2020,,10.2,,,,,
dataflow,ESTAT:CEI_WM020(1.0),Recycling rate of packaging waste by type of packaging,A,Annual,W150102,Plastic packaging,RT,Rate,MT,Malta,2021,,17.1,,,,,
dataflow,ESTAT:CEI_WM020(1.0),Recycling rate of packaging waste by type of packaging,A,Annual,W150102,Plastic packaging,RT,Rate,MT,Malta,2022,,16.4,,,,,
dataflow,ESTAT:CEI_WM020(1.0),Recycling rate of packaging waste by type of packaging,A,Annual,W150102,Plastic packaging,RT,Rate,NL,Netherlands,2000,,22.9,,,,,
dataflow,ESTAT:CEI_WM020(1.0),Recycling rate of packaging waste by type of packaging,A,Annual,W150102,Plastic packaging,RT,Rate,NL,Netherlands,2001,,20.8,,,,,
dataflow,ESTAT:CEI_WM020(1.0),Recycling rate of packaging waste by type of packaging,A,Annual,W150102,Plastic packaging,RT,Rate,NL,Netherlands,2002,,16.4,,,,,
dataflow,ESTAT:CEI_WM020(1.0),Recycling rate of packaging waste by type of packaging,A,Annual,W150102,Plastic packaging,RT,Rate,NL,Netherlands,2003,,19.9,,,,,
dataflow,ESTAT:CEI_WM020(1.0),Recycling rate of packaging waste by type of packaging,A,Annual,W150102,Plastic packaging,RT,Rate,NL,Netherlands,2004,,19.3,,,,,
dataflow,ESTAT:CEI_WM020(1.0),Recycling rate of packaging waste by type of packaging,A,Annual,W150102,Plastic packaging,RT,Rate,NL,Netherlands,2005,,22.1,,,,,
dataflow,ESTAT:CEI_WM020(1.0),Recycling rate of packaging waste by type of packaging,A,Annual,W150102,Plastic packaging,RT,Rate,NL,Netherlands,2006,,32.5,,,,,
dataflow,ESTAT:CEI_WM020(1.0),Recycling rate of packaging waste by type of packaging,A,Annual,W150102,Plastic packaging,RT,Rate,NL,Netherlands,2007,,33.7,,,,,
dataflow,ESTAT:CEI_WM020(1.0),Recycling rate of packaging waste by type of packaging,A,Annual,W150102,Plastic packaging,RT,Rate,NL,Netherlands,2008,,36.4,,,,,
dataflow,ESTAT:CEI_WM020(1.0),Recycling rate of packaging waste by type of packaging,A,Annual,W150102,Plastic packaging,RT,Rate,NL,Netherlands,2009,,38.4,,,,,
dataflow,ESTAT:CEI_WM020(1.0),Recycling rate of packaging waste by type of packaging,A,Annual,W150102,Plastic packaging,RT,Rate,NL,Netherlands,2010,,47.6,,,,,
dataflow,ESTAT:CEI_WM020(1.0),Recycling rate of packaging waste by type of packaging,A,Annual,W150102,Plastic packaging,RT,Rate,NL,Netherlands,2011,,50.7,,,,,
dataflow,ESTAT:CEI_WM020(1.0),Recycling rate of packaging waste by type of packaging,A,Annual,W150102,Plastic packaging,RT,Rate,NL,Netherlands,2012,,47.7,,,,,
dataflow,ESTAT:CEI_WM020(1.0),Recycling rate of packaging waste by type of packaging,A,Annual,W150102,Plastic packaging,RT,Rate,NL,Netherlands,2013,,46.6,,,,,
dataflow,ESTAT:CEI_WM020(1.0),Recycling rate of packaging waste by type of packaging,A,Annual,W150102,Plastic packaging,RT,Rate,NL,Netherlands,2014,,50.6,,,,,
dataflow,ESTAT:CEI_WM020(1.0),Recycling rate of packaging waste by type of packaging,A,Annual,W150102,Plastic packaging,RT,Rate,NL,Netherlands,2015,,49.8,,,,,
dataflow,ESTAT:CEI_WM020(1.0),Recycling rate of packaging waste by type of packaging,A,Annual,W150102,Plastic packaging,RT,Rate,NL,Netherlands,2016,,51.5,,,,,
dataflow,ESTAT:CEI_WM020(1.0),Recycling rate of packaging waste by type of packaging,A,Annual,W150102,Plastic packaging,RT,Rate,NL,Netherlands,2017,,50.4,,,,,
dataflow,ESTAT:CEI_WM020(1.0),Recycling rate of packaging waste by type of packaging,A,Annual,W150102,Plastic packaging,RT,Rate,NL,Netherlands,2018,,52,,,,,
dataflow,ESTAT:CEI_WM020(1.0),Recycling rate of packaging waste by type of packaging,A,Annual,W150102,Plastic packaging,RT,Rate,NL,Netherlands,2019,,57.2,,,,,
dataflow,ESTAT:CEI_WM020(1.0),Recycling rate of packaging waste by type of packaging,A,Annual,W150102,Plastic packaging,RT,Rate,NL,Netherlands,2020,,49.2,,be,"break in time series, estimated",,
dataflow,ESTAT:CEI_WM020(1.0),Recycling rate of packaging waste by type of packaging,A,Annual,W150102,Plastic packaging,RT,Rate,NL,Netherlands,2021,,48.9,,,,,
dataflow,ESTAT:CEI_WM020(1.0),Recycling rate of packaging waste by type of packaging,A,Annual,W150102,Plastic packaging,RT,Rate,NL,Netherlands,2022,,45.7,,,,,
dataflow,ESTAT:CEI_WM020(1.0),Recycling rate of packaging waste by type of packaging,A,Annual,W150102,Plastic packaging,RT,Rate,NO,Norway,2006,,29.9,,,,,
dataflow,ESTAT:CEI_WM020(1.0),Recycling rate of packaging waste by type of packaging,A,Annual,W150102,Plastic packaging,RT,Rate,NO,Norway,2007,,29.8,,,,,
dataflow,ESTAT:CEI_WM020(1.0),Recycling rate of packaging waste by type of packaging,A,Annual,W150102,Plastic packaging,RT,Rate,NO,Norway,2008,,26.7,,,,,
dataflow,ESTAT:CEI_WM020(1.0),Recycling rate of packaging waste by type of packaging,A,Annual,W150102,Plastic packaging,RT,Rate,NO,Norway,2009,,30,,,,,
dataflow,ESTAT:CEI_WM020(1.0),Recycling rate of packaging waste by type of packaging,A,Annual,W150102,Plastic packaging,RT,Rate,NO,Norway,2010,,36.4,,,,,
dataflow,ESTAT:CEI_WM020(1.0),Recycling rate of packaging waste by type of packaging,A,Annual,W150102,Plastic packaging,RT,Rate,NO,Norway,2011,,37.6,,,,,
dataflow,ESTAT:CEI_WM020(1.0),Recycling rate of packaging waste by type of packaging,A,Annual,W150102,Plastic packaging,RT,Rate,NO,Norway,2012,,38.1,,,,,
dataflow,ESTAT:CEI_WM020(1.0),Recycling rate of packaging waste by type of packaging,A,Annual,W150102,Plastic packaging,RT,Rate,NO,Norway,2013,,38.8,,,,,
dataflow,ESTAT:CEI_WM020(1.0),Recycling rate of packaging waste by type of packaging,A,Annual,W150102,Plastic packaging,RT,Rate,NO,Norway,2014,,36.1,,,,,
dataflow,ESTAT:CEI_WM020(1.0),Recycling rate of packaging waste by type of packaging,A,Annual,W150102,Plastic packaging,RT,Rate,NO,Norway,2015,,37.1,,,,,
dataflow,ESTAT:CEI_WM020(1.0),Recycling rate of packaging waste by type of packaging,A,Annual,W150102,Plastic packaging,RT,Rate,NO,Norway,2016,,39.3,,,,,
dataflow,ESTAT:CEI_WM020(1.0),Recycling rate of packaging waste by type of packaging,A,Annual,W150102,Plastic packaging,RT,Rate,NO,Norway,2017,,36.9,,,,,
dataflow,ESTAT:CEI_WM020(1.0),Recycling rate of packaging waste by type of packaging,A,Annual,W150102,Plastic packaging,RT,Rate,NO,Norway,2018,,36.3,,,,,
dataflow,ESTAT:CEI_WM020(1.0),Recycling rate of packaging waste by type of packaging,A,Annual,W150102,Plastic packaging,RT,Rate,NO,Norway,2019,,33.2,,,,,
dataflow,ESTAT:CEI_WM020(1.0),Recycling rate of packaging waste by type of packaging,A,Annual,W150102,Plastic packaging,RT,Rate,NO,Norway,2020,,27.9,,,,,
dataflow,ESTAT:CEI_WM020(1.0),Recycling rate of packaging waste by type of packaging,A,Annual,W150102,Plastic packaging,RT,Rate,NO,Norway,2021,,28.3,,,,,
dataflow,ESTAT:CEI_WM020(1.0),Recycling rate of packaging waste by type of packaging,A,Annual,W150102,Plastic packaging,RT,Rate,NO,Norway,2022,,28,,,,,
dataflow,ESTAT:CEI_WM020(1.0),Recycling rate of packaging waste by type of packaging,A,Annual,W150102,Plastic packaging,RT,Rate,PL,Poland,2004,,16.3,,,,,
dataflow,ESTAT:CEI_WM020(1.0),Recycling rate of packaging waste by type of packaging,A,Annual,W150102,Plastic packaging,RT,Rate,PL,Poland,2005,,17.4,,,,,
dataflow,ESTAT:CEI_WM020(1.0),Recycling rate of packaging waste by type of packaging,A,Annual,W150102,Plastic packaging,RT,Rate,PL,Poland,2006,,24.6,,,,,
dataflow,ESTAT:CEI_WM020(1.0),Recycling rate of packaging waste by type of packaging,A,Annual,W150102,Plastic packaging,RT,Rate,PL,Poland,2007,,27.9,,,,,
dataflow,ESTAT:CEI_WM020(1.0),Recycling rate of packaging waste by type of packaging,A,Annual,W150102,Plastic packaging,RT,Rate,PL,Poland,2008,,23.7,,,,,
dataflow,ESTAT:CEI_WM020(1.0),Recycling rate of packaging waste by type of packaging,A,Annual,W150102,Plastic packaging,RT,Rate,PL,Poland,2009,,21.3,,,,,
dataflow,ESTAT:CEI_WM020(1.0),Recycling rate of packaging waste by type of packaging,A,Annual,W150102,Plastic packaging,RT,Rate,PL,Poland,2010,,20.1,,,,,
dataflow,ESTAT:CEI_WM020(1.0),Recycling rate of packaging waste by type of packaging,A,Annual,W150102,Plastic packaging,RT,Rate,PL,Poland,2011,,22.5,,,,,
dataflow,ESTAT:CEI_WM020(1.0),Recycling rate of packaging waste by type of packaging,A,Annual,W150102,Plastic packaging,RT,Rate,PL,Poland,2012,,21.9,,,,,
dataflow,ESTAT:CEI_WM020(1.0),Recycling rate of packaging waste by type of packaging,A,Annual,W150102,Plastic packaging,RT,Rate,PL,Poland,2013,,19.7,,,,,
dataflow,ESTAT:CEI_WM020(1.0),Recycling rate of packaging waste by type of packaging,A,Annual,W150102,Plastic packaging,RT,Rate,PL,Poland,2014,,28.3,,,,,
dataflow,ESTAT:CEI_WM020(1.0),Recycling rate of packaging waste by type of packaging,A,Annual,W150102,Plastic packaging,RT,Rate,PL,Poland,2015,,30.8,,,,,
dataflow,ESTAT:CEI_WM020(1.0),Recycling rate of packaging waste by type of packaging,A,Annual,W150102,Plastic packaging,RT,Rate,PL,Poland,2016,,46.9,,,,,
dataflow,ESTAT:CEI_WM020(1.0),Recycling rate of packaging waste by type of packaging,A,Annual,W150102,Plastic packaging,RT,Rate,PL,Poland,2017,,34.6,,,,,
dataflow,ESTAT:CEI_WM020(1.0),Recycling rate of packaging waste by type of packaging,A,Annual,W150102,Plastic packaging,RT,Rate,PL,Poland,2018,,35.7,,,,,
dataflow,ESTAT:CEI_WM020(1.0),Recycling rate of packaging waste by type of packaging,A,Annual,W150102,Plastic packaging,RT,Rate,PL,Poland,2019,,36.2,,,,,
dataflow,ESTAT:CEI_WM020(1.0),Recycling rate of packaging waste by type of packaging,A,Annual,W150102,Plastic packaging,RT,Rate,PL,Poland,2022,,46.3,,,,,
dataflow,ESTAT:CEI_WM020(1.0),Recycling rate of packaging waste by type of packaging,A,Annual,W150102,Plastic packaging,RT,Rate,PT,Portugal,2000,,4.5,,,,,
dataflow,ESTAT:CEI_WM020(1.0),Recycling rate of packaging waste by type of packaging,A,Annual,W150102,Plastic packaging,RT,Rate,PT,Portugal,2001,,9.4,,,,,
dataflow,ESTAT:CEI_WM020(1.0),Recycling rate of packaging waste by type of packaging,A,Annual,W150102,Plastic packaging,RT,Rate,PT,Portugal,2002,,9,,,,,
dataflow,ESTAT:CEI_WM020(1.0),Recycling rate of packaging waste by type of packaging,A,Annual,W150102,Plastic packaging,RT,Rate,PT,Portugal,2003,,9.1,,,,,
dataflow,ESTAT:CEI_WM020(1.0),Recycling rate of packaging waste by type of packaging,A,Annual,W150102,Plastic packaging,RT,Rate,PT,Portugal,2004,,10.5,,,,,
dataflow,ESTAT:CEI_WM020(1.0),Recycling rate of packaging waste by type of packaging,A,Annual,W150102,Plastic packaging,RT,Rate,PT,Portugal,2005,,15.8,,,,,
dataflow,ESTAT:CEI_WM020(1.0),Recycling rate of packaging waste by type of packaging,A,Annual,W150102,Plastic packaging,RT,Rate,PT,Portugal,2006,,15.4,,,,,
dataflow,ESTAT:CEI_WM020(1.0),Recycling rate of packaging waste by type of packaging,A,Annual,W150102,Plastic packaging,RT,Rate,PT,Portugal,2007,,15.3,,,,,
dataflow,ESTAT:CEI_WM020(1.0),Recycling rate of packaging waste by type of packaging,A,Annual,W150102,Plastic packaging,RT,Rate,PT,Portugal,2008,,19.1,,,,,
dataflow,ESTAT:CEI_WM020(1.0),Recycling rate of packaging waste by type of packaging,A,Annual,W150102,Plastic packaging,RT,Rate,PT,Portugal,2009,,25.5,,,,,
dataflow,ESTAT:CEI_WM020(1.0),Recycling rate of packaging waste by type of packaging,A,Annual,W150102,Plastic packaging,RT,Rate,PT,Portugal,2010,,24.5,,,,,
dataflow,ESTAT:CEI_WM020(1.0),Recycling rate of packaging waste by type of packaging,A,Annual,W150102,Plastic packaging,RT,Rate,PT,Portugal,2011,,26.1,,,,,
dataflow,ESTAT:CEI_WM020(1.0),Recycling rate of packaging waste by type of packaging,A,Annual,W150102,Plastic packaging,RT,Rate,PT,Portugal,2012,,30.4,,,,,
dataflow,ESTAT:CEI_WM020(1.0),Recycling rate of packaging waste by type of packaging,A,Annual,W150102,Plastic packaging,RT,Rate,PT,Portugal,2013,,35.3,,,,,
dataflow,ESTAT:CEI_WM020(1.0),Recycling rate of packaging waste by type of packaging,A,Annual,W150102,Plastic packaging,RT,Rate,PT,Portugal,2014,,40,,,,,
dataflow,ESTAT:CEI_WM020(1.0),Recycling rate of packaging waste by type of packaging,A,Annual,W150102,Plastic packaging,RT,Rate,PT,Portugal,2015,,43,,,,,
dataflow,ESTAT:CEI_WM020(1.0),Recycling rate of packaging waste by type of packaging,A,Annual,W150102,Plastic packaging,RT,Rate,PT,Portugal,2016,,41.8,,,,,
dataflow,ESTAT:CEI_WM020(1.0),Recycling rate of packaging waste by type of packaging,A,Annual,W150102,Plastic packaging,RT,Rate,PT,Portugal,2017,,34.9,,,,,
dataflow,ESTAT:CEI_WM020(1.0),Recycling rate of packaging waste by type of packaging,A,Annual,W150102,Plastic packaging,RT,Rate,PT,Portugal,2018,,33.9,,,,,
dataflow,ESTAT:CEI_WM020(1.0),Recycling rate of packaging waste by type of packaging,A,Annual,W150102,Plastic packaging,RT,Rate,PT,Portugal,2019,,35.6,,,,,
dataflow,ESTAT:CEI_WM020(1.0),Recycling rate of packaging waste by type of packaging,A,Annual,W150102,Plastic packaging,RT,Rate,PT,Portugal,2020,,33.9,,,,,
dataflow,ESTAT:CEI_WM020(1.0),Recycling rate of packaging waste by type of packaging,A,Annual,W150102,Plastic packaging,RT,Rate,PT,Portugal,2021,,38.1,,,,,
dataflow,ESTAT:CEI_WM020(1.0),Recycling rate of packaging waste by type of packaging,A,Annual,W150102,Plastic packaging,RT,Rate,PT,Portugal,2022,,37.3,,,,,
dataflow,ESTAT:CEI_WM020(1.0),Recycling rate of packaging waste by type of packaging,A,Annual,W150102,Plastic packaging,RT,Rate,RO,Romania,2005,,11.2,,,,,
dataflow,ESTAT:CEI_WM020(1.0),Recycling rate of packaging waste by type of packaging,A,Annual,W150102,Plastic packaging,RT,Rate,RO,Romania,2006,,17,,,,,
dataflow,ESTAT:CEI_WM020(1.0),Recycling rate of packaging waste by type of packaging,A,Annual,W150102,Plastic packaging,RT,Rate,RO,Romania,2007,,15.3,,,,,
dataflow,ESTAT:CEI_WM020(1.0),Recycling rate of packaging waste by type of packaging,A,Annual,W150102,Plastic packaging,RT,Rate,RO,Romania,2008,,15.5,,,,,
dataflow,ESTAT:CEI_WM020(1.0),Recycling rate of packaging waste by type of packaging,A,Annual,W150102,Plastic packaging,RT,Rate,RO,Romania,2009,,23.8,,,,,
dataflow,ESTAT:CEI_WM020(1.0),Recycling rate of packaging waste by type of packaging,A,Annual,W150102,Plastic packaging,RT,Rate,RO,Romania,2010,,28.2,,,,,
dataflow,ESTAT:CEI_WM020(1.0),Recycling rate of packaging waste by type of packaging,A,Annual,W150102,Plastic packaging,RT,Rate,RO,Romania,2011,,40.3,,,,,
dataflow,ESTAT:CEI_WM020(1.0),Recycling rate of packaging waste by type of packaging,A,Annual,W150102,Plastic packaging,RT,Rate,RO,Romania,2012,,51.3,,,,,
dataflow,ESTAT:CEI_WM020(1.0),Recycling rate of packaging waste by type of packaging,A,Annual,W150102,Plastic packaging,RT,Rate,RO,Romania,2013,,51.7,,,,,
dataflow,ESTAT:CEI_WM020(1.0),Recycling rate of packaging waste by type of packaging,A,Annual,W150102,Plastic packaging,RT,Rate,RO,Romania,2014,,44.5,,,,,
dataflow,ESTAT:CEI_WM020(1.0),Recycling rate of packaging waste by type of packaging,A,Annual,W150102,Plastic packaging,RT,Rate,RO,Romania,2015,,46.7,,,,,
dataflow,ESTAT:CEI_WM020(1.0),Recycling rate of packaging waste by type of packaging,A,Annual,W150102,Plastic packaging,RT,Rate,RO,Romania,2016,,46.5,,,,,
dataflow,ESTAT:CEI_WM020(1.0),Recycling rate of packaging waste by type of packaging,A,Annual,W150102,Plastic packaging,RT,Rate,RO,Romania,2017,,47.6,,,,,
dataflow,ESTAT:CEI_WM020(1.0),Recycling rate of packaging waste by type of packaging,A,Annual,W150102,Plastic packaging,RT,Rate,RO,Romania,2018,,43,,,,,
dataflow,ESTAT:CEI_WM020(1.0),Recycling rate of packaging waste by type of packaging,A,Annual,W150102,Plastic packaging,RT,Rate,RO,Romania,2019,,31.1,,b,break in time series,,
dataflow,ESTAT:CEI_WM020(1.0),Recycling rate of packaging waste by type of packaging,A,Annual,W150102,Plastic packaging,RT,Rate,RO,Romania,2020,,30.1,,,,,
dataflow,ESTAT:CEI_WM020(1.0),Recycling rate of packaging waste by type of packaging,A,Annual,W150102,Plastic packaging,RT,Rate,RO,Romania,2021,,31.6,,,,,
dataflow,ESTAT:CEI_WM020(1.0),Recycling rate of packaging waste by type of packaging,A,Annual,W150102,Plastic packaging,RT,Rate,RO,Romania,2022,,32.4,,,,,
dataflow,ESTAT:CEI_WM020(1.0),Recycling rate of packaging waste by type of packaging,A,Annual,W150102,Plastic packaging,RT,Rate,SE,Sweden,2000,,13.5,,,,,
dataflow,ESTAT:CEI_WM020(1.0),Recycling rate of packaging waste by type of packaging,A,Annual,W150102,Plastic packaging,RT,Rate,SE,Sweden,2001,,17.2,,,,,
dataflow,ESTAT:CEI_WM020(1.0),Recycling rate of packaging waste by type of packaging,A,Annual,W150102,Plastic packaging,RT,Rate,SE,Sweden,2002,,19.8,,,,,
dataflow,ESTAT:CEI_WM020(1.0),Recycling rate of packaging waste by type of packaging,A,Annual,W150102,Plastic packaging,RT,Rate,SE,Sweden,2003,,22.3,,,,,
dataflow,ESTAT:CEI_WM020(1.0),Recycling rate of packaging waste by type of packaging,A,Annual,W150102,Plastic packaging,RT,Rate,SE,Sweden,2004,,25.2,,,,,
dataflow,ESTAT:CEI_WM020(1.0),Recycling rate of packaging waste by type of packaging,A,Annual,W150102,Plastic packaging,RT,Rate,SE,Sweden,2005,,29.9,,,,,
dataflow,ESTAT:CEI_WM020(1.0),Recycling rate of packaging waste by type of packaging,A,Annual,W150102,Plastic packaging,RT,Rate,SE,Sweden,2006,,43.8,,,,,
dataflow,ESTAT:CEI_WM020(1.0),Recycling rate of packaging waste by type of packaging,A,Annual,W150102,Plastic packaging,RT,Rate,SE,Sweden,2007,,41.7,,,,,
dataflow,ESTAT:CEI_WM020(1.0),Recycling rate of packaging waste by type of packaging,A,Annual,W150102,Plastic packaging,RT,Rate,SE,Sweden,2008,,37,,,,,
dataflow,ESTAT:CEI_WM020(1.0),Recycling rate of packaging waste by type of packaging,A,Annual,W150102,Plastic packaging,RT,Rate,SE,Sweden,2009,,37.5,,,,,
dataflow,ESTAT:CEI_WM020(1.0),Recycling rate of packaging waste by type of packaging,A,Annual,W150102,Plastic packaging,RT,Rate,SE,Sweden,2010,,32.4,,,,,
dataflow,ESTAT:CEI_WM020(1.0),Recycling rate of packaging waste by type of packaging,A,Annual,W150102,Plastic packaging,RT,Rate,SE,Sweden,2011,,34.1,,,,,
dataflow,ESTAT:CEI_WM020(1.0),Recycling rate of packaging waste by type of packaging,A,Annual,W150102,Plastic packaging,RT,Rate,SE,Sweden,2012,,34.9,,,,,
dataflow,ESTAT:CEI_WM020(1.0),Recycling rate of packaging waste by type of packaging,A,Annual,W150102,Plastic packaging,RT,Rate,SE,Sweden,2013,,45.6,,,,,
dataflow,ESTAT:CEI_WM020(1.0),Recycling rate of packaging waste by type of packaging,A,Annual,W150102,Plastic packaging,RT,Rate,SE,Sweden,2014,,47.5,,,,,
dataflow,ESTAT:CEI_WM020(1.0),Recycling rate of packaging waste by type of packaging,A,Annual,W150102,Plastic packaging,RT,Rate,SE,Sweden,2015,,49,,,,,
dataflow,ESTAT:CEI_WM020(1.0),Recycling rate of packaging waste by type of packaging,A,Annual,W150102,Plastic packaging,RT,Rate,SE,Sweden,2016,,50.7,,,,,
dataflow,ESTAT:CEI_WM020(1.0),Recycling rate of packaging waste by type of packaging,A,Annual,W150102,Plastic packaging,RT,Rate,SE,Sweden,2017,,48.4,,,,,
dataflow,ESTAT:CEI_WM020(1.0),Recycling rate of packaging waste by type of packaging,A,Annual,W150102,Plastic packaging,RT,Rate,SE,Sweden,2018,,50,,,,,
dataflow,ESTAT:CEI_WM020(1.0),Recycling rate of packaging waste by type of packaging,A,Annual,W150102,Plastic packaging,RT,Rate,SE,Sweden,2019,,53.2,,,,,
dataflow,ESTAT:CEI_WM020(1.0),Recycling rate of packaging waste by type of packaging,A,Annual,W150102,Plastic packaging,RT,Rate,SE,Sweden,2020,,33.5,,b,break in time series,,
dataflow,ESTAT:CEI_WM020(1.0),Recycling rate of packaging waste by type of packaging,A,Annual,W150102,Plastic packaging,RT,Rate,SE,Sweden,2021,,23.8,,be,"break in time series, estimated",,
dataflow,ESTAT:CEI_WM020(1.0),Recycling rate of packaging waste by type of packaging,A,Annual,W150102,Plastic packaging,RT,Rate,SE,Sweden,2022,,28.3,,be,"break in time series, estimated",,
dataflow,ESTAT:CEI_WM020(1.0),Recycling rate of packaging waste by type of packaging,A,Annual,W150102,Plastic packaging,RT,Rate,SI,Slovenia,2004,,12.1,,,,,
dataflow,ESTAT:CEI_WM020(1.0),Recycling rate of packaging waste by type of packaging,A,Annual,W150102,Plastic packaging,RT,Rate,SI,Slovenia,2005,,33.9,,,,,
dataflow,ESTAT:CEI_WM020(1.0),Recycling rate of packaging waste by type of packaging,A,Annual,W150102,Plastic packaging,RT,Rate,SI,Slovenia,2006,,38.6,,,,,
dataflow,ESTAT:CEI_WM020(1.0),Recycling rate of packaging waste by type of packaging,A,Annual,W150102,Plastic packaging,RT,Rate,SI,Slovenia,2007,,46.5,,,,,
dataflow,ESTAT:CEI_WM020(1.0),Recycling rate of packaging waste by type of packaging,A,Annual,W150102,Plastic packaging,RT,Rate,SI,Slovenia,2008,,55.6,,,,,
dataflow,ESTAT:CEI_WM020(1.0),Recycling rate of packaging waste by type of packaging,A,Annual,W150102,Plastic packaging,RT,Rate,SI,Slovenia,2009,,42,,,,,
dataflow,ESTAT:CEI_WM020(1.0),Recycling rate of packaging waste by type of packaging,A,Annual,W150102,Plastic packaging,RT,Rate,SI,Slovenia,2010,,67.3,,,,,
dataflow,ESTAT:CEI_WM020(1.0),Recycling rate of packaging waste by type of packaging,A,Annual,W150102,Plastic packaging,RT,Rate,SI,Slovenia,2011,,75.5,,,,,
dataflow,ESTAT:CEI_WM020(1.0),Recycling rate of packaging waste by type of packaging,A,Annual,W150102,Plastic packaging,RT,Rate,SI,Slovenia,2012,,64.8,,,,,
dataflow,ESTAT:CEI_WM020(1.0),Recycling rate of packaging waste by type of packaging,A,Annual,W150102,Plastic packaging,RT,Rate,SI,Slovenia,2013,,81.7,,,,,
dataflow,ESTAT:CEI_WM020(1.0),Recycling rate of packaging waste by type of packaging,A,Annual,W150102,Plastic packaging,RT,Rate,SI,Slovenia,2014,,69.3,,,,,
dataflow,ESTAT:CEI_WM020(1.0),Recycling rate of packaging waste by type of packaging,A,Annual,W150102,Plastic packaging,RT,Rate,SI,Slovenia,2015,,63.4,,,,,
dataflow,ESTAT:CEI_WM020(1.0),Recycling rate of packaging waste by type of packaging,A,Annual,W150102,Plastic packaging,RT,Rate,SI,Slovenia,2016,,62,,,,,
dataflow,ESTAT:CEI_WM020(1.0),Recycling rate of packaging waste by type of packaging,A,Annual,W150102,Plastic packaging,RT,Rate,SI,Slovenia,2017,,60.4,,,,,
dataflow,ESTAT:CEI_WM020(1.0),Recycling rate of packaging waste by type of packaging,A,Annual,W150102,Plastic packaging,RT,Rate,SI,Slovenia,2018,,48.8,,,,,
dataflow,ESTAT:CEI_WM020(1.0),Recycling rate of packaging waste by type of packaging,A,Annual,W150102,Plastic packaging,RT,Rate,SI,Slovenia,2019,,50.3,,,,,
dataflow,ESTAT:CEI_WM020(1.0),Recycling rate of packaging waste by type of packaging,A,Annual,W150102,Plastic packaging,RT,Rate,SI,Slovenia,2020,,44.6,,,,,
dataflow,ESTAT:CEI_WM020(1.0),Recycling rate of packaging waste by type of packaging,A,Annual,W150102,Plastic packaging,RT,Rate,SI,Slovenia,2021,,50,,,,,
dataflow,ESTAT:CEI_WM020(1.0),Recycling rate of packaging waste by type of packaging,A,Annual,W150102,Plastic packaging,RT,Rate,SI,Slovenia,2022,,50.9,,,,,
dataflow,ESTAT:CEI_WM020(1.0),Recycling rate of packaging waste by type of packaging,A,Annual,W150102,Plastic packaging,RT,Rate,SK,Slovakia,2003,,11.9,,,,,
dataflow,ESTAT:CEI_WM020(1.0),Recycling rate of packaging waste by type of packaging,A,Annual,W150102,Plastic packaging,RT,Rate,SK,Slovakia,2004,,16,,,,,
dataflow,ESTAT:CEI_WM020(1.0),Recycling rate of packaging waste by type of packaging,A,Annual,W150102,Plastic packaging,RT,Rate,SK,Slovakia,2005,,18.1,,,,,
dataflow,ESTAT:CEI_WM020(1.0),Recycling rate of packaging waste by type of packaging,A,Annual,W150102,Plastic packaging,RT,Rate,SK,Slovakia,2006,,39.7,,,,,
dataflow,ESTAT:CEI_WM020(1.0),Recycling rate of packaging waste by type of packaging,A,Annual,W150102,Plastic packaging,RT,Rate,SK,Slovakia,2007,,41.7,,,,,
dataflow,ESTAT:CEI_WM020(1.0),Recycling rate of packaging waste by type of packaging,A,Annual,W150102,Plastic packaging,RT,Rate,SK,Slovakia,2008,,43.7,,,,,
dataflow,ESTAT:CEI_WM020(1.0),Recycling rate of packaging waste by type of packaging,A,Annual,W150102,Plastic packaging,RT,Rate,SK,Slovakia,2009,,49.3,,,,,
dataflow,ESTAT:CEI_WM020(1.0),Recycling rate of packaging waste by type of packaging,A,Annual,W150102,Plastic packaging,RT,Rate,SK,Slovakia,2010,,44.9,,,,,
dataflow,ESTAT:CEI_WM020(1.0),Recycling rate of packaging waste by type of packaging,A,Annual,W150102,Plastic packaging,RT,Rate,SK,Slovakia,2011,,49.9,,,,,
dataflow,ESTAT:CEI_WM020(1.0),Recycling rate of packaging waste by type of packaging,A,Annual,W150102,Plastic packaging,RT,Rate,SK,Slovakia,2012,,57,,,,,
dataflow,ESTAT:CEI_WM020(1.0),Recycling rate of packaging waste by type of packaging,A,Annual,W150102,Plastic packaging,RT,Rate,SK,Slovakia,2013,,55.1,,,,,
dataflow,ESTAT:CEI_WM020(1.0),Recycling rate of packaging waste by type of packaging,A,Annual,W150102,Plastic packaging,RT,Rate,SK,Slovakia,2014,,55.9,,,,,
dataflow,ESTAT:CEI_WM020(1.0),Recycling rate of packaging waste by type of packaging,A,Annual,W150102,Plastic packaging,RT,Rate,SK,Slovakia,2015,,54.4,,,,,
dataflow,ESTAT:CEI_WM020(1.0),Recycling rate of packaging waste by type of packaging,A,Annual,W150102,Plastic packaging,RT,Rate,SK,Slovakia,2016,,51.7,,,,,
dataflow,ESTAT:CEI_WM020(1.0),Recycling rate of packaging waste by type of packaging,A,Annual,W150102,Plastic packaging,RT,Rate,SK,Slovakia,2017,,52.4,,,,,
dataflow,ESTAT:CEI_WM020(1.0),Recycling rate of packaging waste by type of packaging,A,Annual,W150102,Plastic packaging,RT,Rate,SK,Slovakia,2018,,51.4,,,,,
dataflow,ESTAT:CEI_WM020(1.0),Recycling rate of packaging waste by type of packaging,A,Annual,W150102,Plastic packaging,RT,Rate,SK,Slovakia,2019,,52.8,,,,,
dataflow,ESTAT:CEI_WM020(1.0),Recycling rate of packaging waste by type of packaging,A,Annual,W150102,Plastic packaging,RT,Rate,SK,Slovakia,2020,,56.3,,d,definition differs (see metadata),,
dataflow,ESTAT:CEI_WM020(1.0),Recycling rate of packaging waste by type of packaging,A,Annual,W150102,Plastic packaging,RT,Rate,SK,Slovakia,2021,,60.2,,d,definition differs (see metadata),,
dataflow,ESTAT:CEI_WM020(1.0),Recycling rate of packaging waste by type of packaging,A,Annual,W150102,Plastic packaging,RT,Rate,SK,Slovakia,2022,,51.9,,d,definition differs (see metadata),,
