STRUCTURE,STRUCTURE_ID,STRUCTURE_NAME,freq,Time frequency,unit,Unit of measure,geo,Geopolitical entity (reporting),TIME_PERIOD,Time,OBS_VALUE,Observation value,OBS_FLAG,Observation status (Flag) V2 structure,CONF_STATUS,Confidentiality status (flag)
dataflow,ESTAT:CEI_PC030(1.0),Resource productivity,A,Annual,I00,"Index, 2000=100",AT,Austria,2000,,100,,,,,
dataflow,ESTAT:CEI_PC030(1.0),Resource productivity,A,Annual,I00,"Index, 2000=100",AT,Austria,2001,,104.134,,b,break in time series,,
dataflow,ESTAT:CEI_PC030(1.0),Resource productivity,A,Annual,I00,"Index, 2000=100",AT,Austria,2002,,99.511,,b,break in time series,,
dataflow,ESTAT:CEI_PC030(1.0),Resource productivity,A,Annual,I00,"Index, 2000=100",AT,Austria,2003,,104.417,,b,break in time series,,
dataflow,ESTAT:CEI_PC030(1.0),Resource productivity,A,Annual,I00,"Index, 2000=100",AT,Austria,2004,,102.967,,b,break in time series,,
dataflow,ESTAT:CEI_PC030(1.0),Resource productivity,A,Annual,I00,"Index, 2000=100",AT,Austria,2005,,101.958,,b,break in time series,,
dataflow,ESTAT:CEI_PC030(1.0),Resource productivity,A,Annual,I00,"Index, 2000=100",AT,Austria,2006,,103.778,,b,break in time series,,
dataflow,ESTAT:CEI_PC030(1.0),Resource productivity,A,Annual,I00,"Index, 2000=100",AT,Austria,2007,,105.988,,b,break in time series,,
dataflow,ESTAT:CEI_PC030(1.0),Resource productivity,A,Annual,I00,"Index, 2000=100",AT,Austria,2008,,110.31,,b,break in time series,,
dataflow,ESTAT:CEI_PC030(1.0),Resource productivity,A,Annual,I00,"Index, 2000=100",AT,Austria,2009,,113.713,,b,break in time series,,
dataflow,ESTAT:CEI_PC030(1.0),Resource productivity,A,Annual,I00,"Index, 2000=100",AT,Austria,2010,,115.122,,b,break in time series,,
dataflow,ESTAT:CEI_PC030(1.0),Resource productivity,A,Annual,I00,"Index, 2000=100",AT,Austria,2011,,111.795,,b,break in time series,,
dataflow,ESTAT:CEI_PC030(1.0),Resource productivity,A,Annual,I00,"Index, 2000=100",AT,Austria,2012,,118.588,,b,break in time series,,
dataflow,ESTAT:CEI_PC030(1.0),Resource productivity,A,Annual,I00,"Index, 2000=100",AT,Austria,2013,,121.171,,b,break in time series,,
dataflow,ESTAT:CEI_PC030(1.0),Resource productivity,A,Annual,I00,"Index, 2000=100",AT,Austria,2014,,119.032,,b,break in time series,,
dataflow,ESTAT:CEI_PC030(1.0),Resource productivity,A,Annual,I00,"Index, 2000=100",AT,Austria,2015,,124.471,,b,break in time series,,
dataflow,ESTAT:CEI_PC030(1.0),Resource productivity,A,Annual,I00,"Index, 2000=100",AT,Austria,2016,,124.567,,b,break in time series,,
dataflow,ESTAT:CEI_PC030(1.0),Resource productivity,A,Annual,I00,"Index, 2000=100",AT,Austria,2017,,127.016,,b,break in time series,,
dataflow,ESTAT:CEI_PC030(1.0),Resource productivity,A,Annual,I00,"Index, 2000=100",AT,Austria,2018,,129.719,,b,break in time series,,
dataflow,ESTAT:CEI_PC030(1.0),Resource productivity,A,Annual,I00,"Index, 2000=100",AT,Austria,2019,,129.359,,b,break in time series,,
dataflow,ESTAT:CEI_PC030(1.0),Resource productivity,A,Annual,I00,"Index, 2000=100",AT,Austria,2020,,119.949,,b,break in time series,,
dataflow,ESTAT:CEI_PC030(1.0),Resource productivity,A,Annual,I00,"Index, 2000=100",AT,Austria,2021,,120.744,,b,break in time series,,
dataflow,ESTAT:CEI_PC030(1.0),Resource productivity,A,Annual,I00,"Index, 2000=100",AT,Austria,2022,,135.44,,b,break in time series,,
dataflow,ESTAT:CEI_PC030(1.0),Resource productivity,A,Annual,I00,"Index, 2000=100",AT,Austria,2023,,139.69,,i,value imputed by Eurostat or other receiving agencies,,
dataflow,ESTAT:CEI_PC030(1.0),Resource productivity,A,Annual,I00,"Index, 2000=100",BE,Belgium,2000,,100,,,,,
dataflow,ESTAT:CEI_PC030(1.0),Resource productivity,A,Annual,I00,"Index, 2000=100",BE,Belgium,2001,,87.346,,,,,
dataflow,ESTAT:CEI_PC030(1.0),Resource productivity,A,Annual,I00,"Index, 2000=100",BE,Belgium,2002,,98.951,,,,,
dataflow,ESTAT:CEI_PC030(1.0),Resource productivity,A,Annual,I00,"Index, 2000=100",BE,Belgium,2003,,101.826,,,,,
dataflow,ESTAT:CEI_PC030(1.0),Resource productivity,A,Annual,I00,"Index, 2000=100",BE,Belgium,2004,,106.384,,,,,
dataflow,ESTAT:CEI_PC030(1.0),Resource productivity,A,Annual,I00,"Index, 2000=100",BE,Belgium,2005,,113.713,,,,,
dataflow,ESTAT:CEI_PC030(1.0),Resource productivity,A,Annual,I00,"Index, 2000=100",BE,Belgium,2006,,111.924,,,,,
dataflow,ESTAT:CEI_PC030(1.0),Resource productivity,A,Annual,I00,"Index, 2000=100",BE,Belgium,2007,,108.55,,,,,
dataflow,ESTAT:CEI_PC030(1.0),Resource productivity,A,Annual,I00,"Index, 2000=100",BE,Belgium,2008,,109.732,,,,,
dataflow,ESTAT:CEI_PC030(1.0),Resource productivity,A,Annual,I00,"Index, 2000=100",BE,Belgium,2009,,118.27,,,,,
dataflow,ESTAT:CEI_PC030(1.0),Resource productivity,A,Annual,I00,"Index, 2000=100",BE,Belgium,2010,,121.94,,,,,
dataflow,ESTAT:CEI_PC030(1.0),Resource productivity,A,Annual,I00,"Index, 2000=100",BE,Belgium,2011,,115.643,,,,,
dataflow,ESTAT:CEI_PC030(1.0),Resource productivity,A,Annual,I00,"Index, 2000=100",BE,Belgium,2012,,125.92,,,,,
dataflow,ESTAT:CEI_PC030(1.0),Resource productivity,A,Annual,I00,"Index, 2000=100",BE,Belgium,2013,,128.158,,,,,
dataflow,ESTAT:CEI_PC030(1.0),Resource productivity,A,Annual,I00,"Index, 2000=100",BE,Belgium,2014,,130.472,,,,,
dataflow,ESTAT:CEI_PC030(1.0),Resource productivity,A,Annual,I00,"Index, 2000=100",BE,Belgium,2015,,134.189,,,,,
dataflow,ESTAT:CEI_PC030(1.0),Resource productivity,A,Annual,I00,"Index, 2000=100",BE,Belgium,2016,,135.893,,,,,
dataflow,ESTAT:CEI_PC030(1.0),Resource productivity,A,Annual,I00,"Index, 2000=100",BE,Belgium,2017,,135.006,,,,,
dataflow,ESTAT:CEI_PC030(1.0),Resource productivity,A,Annual,I00,"Index, 2000=100",BE,Belgium,2018,,142.773,,,,,
dataflow,ESTAT:CEI_PC030(1.0),Resource productivity,A,Annual,I00,"Index, 2000=100",BE,Belgium,2019,,140.075,,,,,
dataflow,ESTAT:CEI_PC030(1.0),Resource productivity,A,Annual,I00,"Index, 2000=100",BE,Belgium,2020,,144.803,,,,,
dataflow,ESTAT:CEI_PC030(1.0),Resource productivity,A,Annual,I00,"Index, 2000=100",BE,Belgium,2021,,157.509,,,,,
dataflow,ESTAT:CEI_PC030(1.0),Resource productivity,A,Annual,I00,"Index, 2000=100",BE,Belgium,2022,,146.603,,,,,
dataflow,ESTAT:CEI_PC030(1.0),Resource productivity,A,Annual,I00,"Index, 2000=100",BE,Belgium,2023,,133.573,,e,estimated,,
dataflow,ESTAT:CEI_PC030(1.0),Resource productivity,A,Annual,I00,"Index, 2000=100",BG,Bulgaria,2000,,100,,,,,
dataflow,ESTAT:CEI_PC030(1.0),Resource productivity,A,Annual,I00,"Index, 2000=100",BG,Bulgaria,2001,,97.197,,e,estimated,,
dataflow,ESTAT:CEI_PC030(1.0),Resource productivity,A,Annual,I00,"Index, 2000=100",BG,Bulgaria,2002,,100.813,,e,estimated,,
dataflow,ESTAT:CEI_PC030(1.0),Resource productivity,A,Annual,I00,"Index, 2000=100",BG,Bulgaria,2003,,104.909,,e,estimated,,
dataflow,ESTAT:CEI_PC030(1.0),Resource productivity,A,Annual,I00,"Index, 2000=100",BG,Bulgaria,2004,,99.495,,e,estimated,,
dataflow,ESTAT:CEI_PC030(1.0),Resource productivity,A,Annual,I00,"Index, 2000=100",BG,Bulgaria,2005,,105.097,,e,estimated,,
dataflow,ESTAT:CEI_PC030(1.0),Resource productivity,A,Annual,I00,"Index, 2000=100",BG,Bulgaria,2006,,103.312,,e,estimated,,
dataflow,ESTAT:CEI_PC030(1.0),Resource productivity,A,Annual,I00,"Index, 2000=100",BG,Bulgaria,2007,,106.685,,e,estimated,,
dataflow,ESTAT:CEI_PC030(1.0),Resource productivity,A,Annual,I00,"Index, 2000=100",BG,Bulgaria,2008,,105.049,,e,estimated,,
dataflow,ESTAT:CEI_PC030(1.0),Resource productivity,A,Annual,I00,"Index, 2000=100",BG,Bulgaria,2009,,127.069,,e,estimated,,
dataflow,ESTAT:CEI_PC030(1.0),Resource productivity,A,Annual,I00,"Index, 2000=100",BG,Bulgaria,2010,,130.828,,e,estimated,,
dataflow,ESTAT:CEI_PC030(1.0),Resource productivity,A,Annual,I00,"Index, 2000=100",BG,Bulgaria,2011,,120.609,,e,estimated,,
dataflow,ESTAT:CEI_PC030(1.0),Resource productivity,A,Annual,I00,"Index, 2000=100",BG,Bulgaria,2012,,126.422,,e,estimated,,
dataflow,ESTAT:CEI_PC030(1.0),Resource productivity,A,Annual,I00,"Index, 2000=100",BG,Bulgaria,2013,,130.233,,e,estimated,,
dataflow,ESTAT:CEI_PC030(1.0),Resource productivity,A,Annual,I00,"Index, 2000=100",BG,Bulgaria,2014,,119.956,,,,,
dataflow,ESTAT:CEI_PC030(1.0),Resource productivity,A,Annual,I00,"Index, 2000=100",BG,Bulgaria,2015,,110.322,,,,,
dataflow,ESTAT:CEI_PC030(1.0),Resource productivity,A,Annual,I00,"Index, 2000=100",BG,Bulgaria,2016,,128.841,,e,estimated,,
dataflow,ESTAT:CEI_PC030(1.0),Resource productivity,A,Annual,I00,"Index, 2000=100",BG,Bulgaria,2017,,128.271,,,,,
dataflow,ESTAT:CEI_PC030(1.0),Resource productivity,A,Annual,I00,"Index, 2000=100",BG,Bulgaria,2018,,128.412,,,,,
dataflow,ESTAT:CEI_PC030(1.0),Resource productivity,A,Annual,I00,"Index, 2000=100",BG,Bulgaria,2019,,132.546,,,,,
dataflow,ESTAT:CEI_PC030(1.0),Resource productivity,A,Annual,I00,"Index, 2000=100",BG,Bulgaria,2020,,129.342,,,,,
dataflow,ESTAT:CEI_PC030(1.0),Resource productivity,A,Annual,I00,"Index, 2000=100",BG,Bulgaria,2021,,125.862,,,,,
dataflow,ESTAT:CEI_PC030(1.0),Resource productivity,A,Annual,I00,"Index, 2000=100",BG,Bulgaria,2022,,126.237,,,,,
dataflow,ESTAT:CEI_PC030(1.0),Resource productivity,A,Annual,I00,"Index, 2000=100",BG,Bulgaria,2023,,143.108,,i,value imputed by Eurostat or other receiving agencies,,
dataflow,ESTAT:CEI_PC030(1.0),Resource productivity,A,Annual,I00,"Index, 2000=100",CH,Switzerland,2000,,100,,,,,
dataflow,ESTAT:CEI_PC030(1.0),Resource productivity,A,Annual,I00,"Index, 2000=100",CH,Switzerland,2001,,101.548,,,,,
dataflow,ESTAT:CEI_PC030(1.0),Resource productivity,A,Annual,I00,"Index, 2000=100",CH,Switzerland,2002,,103.523,,b,break in time series,,
dataflow,ESTAT:CEI_PC030(1.0),Resource productivity,A,Annual,I00,"Index, 2000=100",CH,Switzerland,2003,,107.573,,,,,
dataflow,ESTAT:CEI_PC030(1.0),Resource productivity,A,Annual,I00,"Index, 2000=100",CH,Switzerland,2004,,103.013,,,,,
dataflow,ESTAT:CEI_PC030(1.0),Resource productivity,A,Annual,I00,"Index, 2000=100",CH,Switzerland,2005,,104.467,,,,,
dataflow,ESTAT:CEI_PC030(1.0),Resource productivity,A,Annual,I00,"Index, 2000=100",CH,Switzerland,2006,,107.37,,,,,
dataflow,ESTAT:CEI_PC030(1.0),Resource productivity,A,Annual,I00,"Index, 2000=100",CH,Switzerland,2007,,111.269,,,,,
dataflow,ESTAT:CEI_PC030(1.0),Resource productivity,A,Annual,I00,"Index, 2000=100",CH,Switzerland,2008,,112.785,,,,,
dataflow,ESTAT:CEI_PC030(1.0),Resource productivity,A,Annual,I00,"Index, 2000=100",CH,Switzerland,2009,,110.095,,,,,
dataflow,ESTAT:CEI_PC030(1.0),Resource productivity,A,Annual,I00,"Index, 2000=100",CH,Switzerland,2010,,110.856,,,,,
dataflow,ESTAT:CEI_PC030(1.0),Resource productivity,A,Annual,I00,"Index, 2000=100",CH,Switzerland,2011,,110.31,,,,,
dataflow,ESTAT:CEI_PC030(1.0),Resource productivity,A,Annual,I00,"Index, 2000=100",CH,Switzerland,2012,,114.586,,,,,
dataflow,ESTAT:CEI_PC030(1.0),Resource productivity,A,Annual,I00,"Index, 2000=100",CH,Switzerland,2013,,113.993,,,,,
dataflow,ESTAT:CEI_PC030(1.0),Resource productivity,A,Annual,I00,"Index, 2000=100",CH,Switzerland,2014,,114.37,,,,,
dataflow,ESTAT:CEI_PC030(1.0),Resource productivity,A,Annual,I00,"Index, 2000=100",CH,Switzerland,2015,,124.441,,,,,
dataflow,ESTAT:CEI_PC030(1.0),Resource productivity,A,Annual,I00,"Index, 2000=100",CH,Switzerland,2016,,123.385,,,,,
dataflow,ESTAT:CEI_PC030(1.0),Resource productivity,A,Annual,I00,"Index, 2000=100",CH,Switzerland,2017,,128.085,,,,,
dataflow,ESTAT:CEI_PC030(1.0),Resource productivity,A,Annual,I00,"Index, 2000=100",CH,Switzerland,2018,,135.372,,,,,
dataflow,ESTAT:CEI_PC030(1.0),Resource productivity,A,Annual,I00,"Index, 2000=100",CH,Switzerland,2019,,135.137,,,,,
dataflow,ESTAT:CEI_PC030(1.0),Resource productivity,A,Annual,I00,"Index, 2000=100",CH,Switzerland,2020,,137.377,,,,,
dataflow,ESTAT:CEI_PC030(1.0),Resource productivity,A,Annual,I00,"Index, 2000=100",CH,Switzerland,2021,,144.271,,,,,
dataflow,ESTAT:CEI_PC030(1.0),Resource productivity,A,Annual,I00,"Index, 2000=100",CH,Switzerland,2022,,148.352,,,,,
dataflow,ESTAT:CEI_PC030(1.0),Resource productivity,A,Annual,I00,"Index, 2000=100",CH,Switzerland,2023,,157.502,,e,estimated,,
dataflow,ESTAT:CEI_PC030(1.0),Resource productivity,A,Annual,I00,"Index, 2000=100",CY,Cyprus,2000,,100,,,,,
dataflow,ESTAT:CEI_PC030(1.0),Resource productivity,A,Annual,I00,"Index, 2000=100",CY,Cyprus,2001,,103.936,,i,value imputed by Eurostat or other receiving agencies,,
dataflow,ESTAT:CEI_PC030(1.0),Resource productivity,A,Annual,I00,"Index, 2000=100",CY,Cyprus,2002,,99.345,,i,value imputed by Eurostat or other receiving agencies,,
dataflow,ESTAT:CEI_PC030(1.0),Resource productivity,A,Annual,I00,"Index, 2000=100",CY,Cyprus,2003,,115.863,,i,value imputed by Eurostat or other receiving agencies,,
dataflow,ESTAT:CEI_PC030(1.0),Resource productivity,A,Annual,I00,"Index, 2000=100",CY,Cyprus,2004,,108.889,,i,value imputed by Eurostat or other receiving agencies,,
dataflow,ESTAT:CEI_PC030(1.0),Resource productivity,A,Annual,I00,"Index, 2000=100",CY,Cyprus,2005,,111.785,,i,value imputed by Eurostat or other receiving agencies,,
dataflow,ESTAT:CEI_PC030(1.0),Resource productivity,A,Annual,I00,"Index, 2000=100",CY,Cyprus,2006,,118.314,,i,value imputed by Eurostat or other receiving agencies,,
dataflow,ESTAT:CEI_PC030(1.0),Resource productivity,A,Annual,I00,"Index, 2000=100",CY,Cyprus,2007,,108.002,,i,value imputed by Eurostat or other receiving agencies,,
dataflow,ESTAT:CEI_PC030(1.0),Resource productivity,A,Annual,I00,"Index, 2000=100",CY,Cyprus,2008,,74.393,,i,value imputed by Eurostat or other receiving agencies,,
dataflow,ESTAT:CEI_PC030(1.0),Resource productivity,A,Annual,I00,"Index, 2000=100",CY,Cyprus,2009,,92.816,,i,value imputed by Eurostat or other receiving agencies,,
dataflow,ESTAT:CEI_PC030(1.0),Resource productivity,A,Annual,I00,"Index, 2000=100",CY,Cyprus,2010,,101.912,,i,value imputed by Eurostat or other receiving agencies,,
dataflow,ESTAT:CEI_PC030(1.0),Resource productivity,A,Annual,I00,"Index, 2000=100",CY,Cyprus,2011,,104.251,,i,value imputed by Eurostat or other receiving agencies,,
dataflow,ESTAT:CEI_PC030(1.0),Resource productivity,A,Annual,I00,"Index, 2000=100",CY,Cyprus,2012,,137.198,,i,value imputed by Eurostat or other receiving agencies,,
dataflow,ESTAT:CEI_PC030(1.0),Resource productivity,A,Annual,I00,"Index, 2000=100",CY,Cyprus,2013,,177.541,,i,value imputed by Eurostat or other receiving agencies,,
dataflow,ESTAT:CEI_PC030(1.0),Resource productivity,A,Annual,I00,"Index, 2000=100",CY,Cyprus,2014,,175.64,,i,value imputed by Eurostat or other receiving agencies,,
dataflow,ESTAT:CEI_PC030(1.0),Resource productivity,A,Annual,I00,"Index, 2000=100",CY,Cyprus,2015,,180.74,,i,value imputed by Eurostat or other receiving agencies,,
dataflow,ESTAT:CEI_PC030(1.0),Resource productivity,A,Annual,I00,"Index, 2000=100",CY,Cyprus,2016,,173.171,,i,value imputed by Eurostat or other receiving agencies,,
dataflow,ESTAT:CEI_PC030(1.0),Resource productivity,A,Annual,I00,"Index, 2000=100",CY,Cyprus,2017,,154.441,,i,value imputed by Eurostat or other receiving agencies,,
dataflow,ESTAT:CEI_PC030(1.0),Resource productivity,A,Annual,I00,"Index, 2000=100",CY,Cyprus,2018,,163.844,,i,value imputed by Eurostat or other receiving agencies,,
dataflow,ESTAT:CEI_PC030(1.0),Resource productivity,A,Annual,I00,"Index, 2000=100",CY,Cyprus,2019,,160.533,,i,value imputed by Eurostat or other receiving agencies,,
dataflow,ESTAT:CEI_PC030(1.0),Resource productivity,A,Annual,I00,"Index, 2000=100",CY,Cyprus,2020,,161.32,,i,value imputed by Eurostat or other receiving agencies,,
dataflow,ESTAT:CEI_PC030(1.0),Resource productivity,A,Annual,I00,"Index, 2000=100",CY,Cyprus,2021,,164.04,,i,value imputed by Eurostat or other receiving agencies,,
dataflow,ESTAT:CEI_PC030(1.0),Resource productivity,A,Annual,I00,"Index, 2000=100",CY,Cyprus,2022,,174.674,,i,value imputed by Eurostat or other receiving agencies,,
dataflow,ESTAT:CEI_PC030(1.0),Resource productivity,A,Annual,I00,"Index, 2000=100",CY,Cyprus,2023,,164.019,,i,value imputed by Eurostat or other receiving agencies,,
dataflow,ESTAT:CEI_PC030(1.0),Resource productivity,A,Annual,I00,"Index, 2000=100",CZ,Czechia,2000,,100,,,,,
dataflow,ESTAT:CEI_PC030(1.0),Resource productivity,A,Annual,I00,"Index, 2000=100",CZ,Czechia,2001,,101.814,,,,,
dataflow,ESTAT:CEI_PC030(1.0),Resource productivity,A,Annual,I00,"Index, 2000=100",CZ,Czechia,2002,,108.318,,,,,
dataflow,ESTAT:CEI_PC030(1.0),Resource productivity,A,Annual,I00,"Index, 2000=100",CZ,Czechia,2003,,108.804,,,,,
dataflow,ESTAT:CEI_PC030(1.0),Resource productivity,A,Annual,I00,"Index, 2000=100",CZ,Czechia,2004,,107.34,,,,,
dataflow,ESTAT:CEI_PC030(1.0),Resource productivity,A,Annual,I00,"Index, 2000=100",CZ,Czechia,2005,,115.109,,,,,
dataflow,ESTAT:CEI_PC030(1.0),Resource productivity,A,Annual,I00,"Index, 2000=100",CZ,Czechia,2006,,118.989,,,,,
dataflow,ESTAT:CEI_PC030(1.0),Resource productivity,A,Annual,I00,"Index, 2000=100",CZ,Czechia,2007,,123.709,,,,,
dataflow,ESTAT:CEI_PC030(1.0),Resource productivity,A,Annual,I00,"Index, 2000=100",CZ,Czechia,2008,,128.96,,,,,
dataflow,ESTAT:CEI_PC030(1.0),Resource productivity,A,Annual,I00,"Index, 2000=100",CZ,Czechia,2009,,134.506,,,,,
dataflow,ESTAT:CEI_PC030(1.0),Resource productivity,A,Annual,I00,"Index, 2000=100",CZ,Czechia,2010,,145.458,,,,,
dataflow,ESTAT:CEI_PC030(1.0),Resource productivity,A,Annual,I00,"Index, 2000=100",CZ,Czechia,2011,,140.242,,,,,
dataflow,ESTAT:CEI_PC030(1.0),Resource productivity,A,Annual,I00,"Index, 2000=100",CZ,Czechia,2012,,156.476,,,,,
dataflow,ESTAT:CEI_PC030(1.0),Resource productivity,A,Annual,I00,"Index, 2000=100",CZ,Czechia,2013,,158.872,,,,,
dataflow,ESTAT:CEI_PC030(1.0),Resource productivity,A,Annual,I00,"Index, 2000=100",CZ,Czechia,2014,,157.095,,,,,
dataflow,ESTAT:CEI_PC030(1.0),Resource productivity,A,Annual,I00,"Index, 2000=100",CZ,Czechia,2015,,158.179,,,,,
dataflow,ESTAT:CEI_PC030(1.0),Resource productivity,A,Annual,I00,"Index, 2000=100",CZ,Czechia,2016,,164.482,,,,,
dataflow,ESTAT:CEI_PC030(1.0),Resource productivity,A,Annual,I00,"Index, 2000=100",CZ,Czechia,2017,,170.44,,,,,
dataflow,ESTAT:CEI_PC030(1.0),Resource productivity,A,Annual,I00,"Index, 2000=100",CZ,Czechia,2018,,172.476,,,,,
dataflow,ESTAT:CEI_PC030(1.0),Resource productivity,A,Annual,I00,"Index, 2000=100",CZ,Czechia,2019,,177.002,,,,,
dataflow,ESTAT:CEI_PC030(1.0),Resource productivity,A,Annual,I00,"Index, 2000=100",CZ,Czechia,2020,,181,,,,,
dataflow,ESTAT:CEI_PC030(1.0),Resource productivity,A,Annual,I00,"Index, 2000=100",CZ,Czechia,2021,,179.544,,,,,
dataflow,ESTAT:CEI_PC030(1.0),Resource productivity,A,Annual,I00,"Index, 2000=100",CZ,Czechia,2022,,183.211,,,,,
dataflow,ESTAT:CEI_PC030(1.0),Resource productivity,A,Annual,I00,"Index, 2000=100",CZ,Czechia,2023,,188.859,,i,value imputed by Eurostat or other receiving agencies,,
dataflow,ESTAT:CEI_PC030(1.0),Resource productivity,A,Annual,I00,"Index, 2000=100",DE,Germany,2000,,100,,,,,
dataflow,ESTAT:CEI_PC030(1.0),Resource productivity,A,Annual,I00,"Index, 2000=100",DE,Germany,2001,,107.449,,,,,
dataflow,ESTAT:CEI_PC030(1.0),Resource productivity,A,Annual,I00,"Index, 2000=100",DE,Germany,2002,,109.708,,,,,
dataflow,ESTAT:CEI_PC030(1.0),Resource productivity,A,Annual,I00,"Index, 2000=100",DE,Germany,2003,,110.362,,,,,
dataflow,ESTAT:CEI_PC030(1.0),Resource productivity,A,Annual,I00,"Index, 2000=100",DE,Germany,2004,,111.022,,,,,
dataflow,ESTAT:CEI_PC030(1.0),Resource productivity,A,Annual,I00,"Index, 2000=100",DE,Germany,2005,,114.781,,,,,
dataflow,ESTAT:CEI_PC030(1.0),Resource productivity,A,Annual,I00,"Index, 2000=100",DE,Germany,2006,,115.971,,,,,
dataflow,ESTAT:CEI_PC030(1.0),Resource productivity,A,Annual,I00,"Index, 2000=100",DE,Germany,2007,,120.037,,,,,
dataflow,ESTAT:CEI_PC030(1.0),Resource productivity,A,Annual,I00,"Index, 2000=100",DE,Germany,2008,,122.901,,,,,
dataflow,ESTAT:CEI_PC030(1.0),Resource productivity,A,Annual,I00,"Index, 2000=100",DE,Germany,2009,,121.883,,,,,
dataflow,ESTAT:CEI_PC030(1.0),Resource productivity,A,Annual,I00,"Index, 2000=100",DE,Germany,2010,,126.066,,,,,
dataflow,ESTAT:CEI_PC030(1.0),Resource productivity,A,Annual,I00,"Index, 2000=100",DE,Germany,2011,,122.735,,,,,
dataflow,ESTAT:CEI_PC030(1.0),Resource productivity,A,Annual,I00,"Index, 2000=100",DE,Germany,2012,,127.672,,,,,
dataflow,ESTAT:CEI_PC030(1.0),Resource productivity,A,Annual,I00,"Index, 2000=100",DE,Germany,2013,,128.172,,,,,
dataflow,ESTAT:CEI_PC030(1.0),Resource productivity,A,Annual,I00,"Index, 2000=100",DE,Germany,2014,,129.783,,,,,
dataflow,ESTAT:CEI_PC030(1.0),Resource productivity,A,Annual,I00,"Index, 2000=100",DE,Germany,2015,,135.961,,,,,
dataflow,ESTAT:CEI_PC030(1.0),Resource productivity,A,Annual,I00,"Index, 2000=100",DE,Germany,2016,,137.317,,,,,
dataflow,ESTAT:CEI_PC030(1.0),Resource productivity,A,Annual,I00,"Index, 2000=100",DE,Germany,2017,,139.058,,,,,
dataflow,ESTAT:CEI_PC030(1.0),Resource productivity,A,Annual,I00,"Index, 2000=100",DE,Germany,2018,,145.179,,,,,
dataflow,ESTAT:CEI_PC030(1.0),Resource productivity,A,Annual,I00,"Index, 2000=100",DE,Germany,2019,,151.847,,,,,
dataflow,ESTAT:CEI_PC030(1.0),Resource productivity,A,Annual,I00,"Index, 2000=100",DE,Germany,2020,,150.638,,,,,
dataflow,ESTAT:CEI_PC030(1.0),Resource productivity,A,Annual,I00,"Index, 2000=100",DE,Germany,2021,,150.971,,,,,
dataflow,ESTAT:CEI_PC030(1.0),Resource productivity,A,Annual,I00,"Index, 2000=100",DE,Germany,2022,,160.768,,,,,
dataflow,ESTAT:CEI_PC030(1.0),Resource productivity,A,Annual,I00,"Index, 2000=100",DE,Germany,2023,,170.739,,i,value imputed by Eurostat or other receiving agencies,,
dataflow,ESTAT:CEI_PC030(1.0),Resource productivity,A,Annual,I00,"Index, 2000=100",DK,Denmark,2000,,100,,,,,
dataflow,ESTAT:CEI_PC030(1.0),Resource productivity,A,Annual,I00,"Index, 2000=100",DK,Denmark,2001,,102.862,,,,,
dataflow,ESTAT:CEI_PC030(1.0),Resource productivity,A,Annual,I00,"Index, 2000=100",DK,Denmark,2002,,107.898,,,,,
dataflow,ESTAT:CEI_PC030(1.0),Resource productivity,A,Annual,I00,"Index, 2000=100",DK,Denmark,2003,,105.326,,,,,
dataflow,ESTAT:CEI_PC030(1.0),Resource productivity,A,Annual,I00,"Index, 2000=100",DK,Denmark,2004,,102.883,,,,,
dataflow,ESTAT:CEI_PC030(1.0),Resource productivity,A,Annual,I00,"Index, 2000=100",DK,Denmark,2005,,97.134,,,,,
dataflow,ESTAT:CEI_PC030(1.0),Resource productivity,A,Annual,I00,"Index, 2000=100",DK,Denmark,2006,,94.799,,,,,
dataflow,ESTAT:CEI_PC030(1.0),Resource productivity,A,Annual,I00,"Index, 2000=100",DK,Denmark,2007,,98.771,,,,,
dataflow,ESTAT:CEI_PC030(1.0),Resource productivity,A,Annual,I00,"Index, 2000=100",DK,Denmark,2008,,102.619,,,,,
dataflow,ESTAT:CEI_PC030(1.0),Resource productivity,A,Annual,I00,"Index, 2000=100",DK,Denmark,2009,,115.956,,,,,
dataflow,ESTAT:CEI_PC030(1.0),Resource productivity,A,Annual,I00,"Index, 2000=100",DK,Denmark,2010,,125.656,,,,,
dataflow,ESTAT:CEI_PC030(1.0),Resource productivity,A,Annual,I00,"Index, 2000=100",DK,Denmark,2011,,114.226,,,,,
dataflow,ESTAT:CEI_PC030(1.0),Resource productivity,A,Annual,I00,"Index, 2000=100",DK,Denmark,2012,,113.769,,,,,
dataflow,ESTAT:CEI_PC030(1.0),Resource productivity,A,Annual,I00,"Index, 2000=100",DK,Denmark,2013,,122.152,,,,,
dataflow,ESTAT:CEI_PC030(1.0),Resource productivity,A,Annual,I00,"Index, 2000=100",DK,Denmark,2014,,123.111,,,,,
dataflow,ESTAT:CEI_PC030(1.0),Resource productivity,A,Annual,I00,"Index, 2000=100",DK,Denmark,2015,,120.776,,,,,
dataflow,ESTAT:CEI_PC030(1.0),Resource productivity,A,Annual,I00,"Index, 2000=100",DK,Denmark,2016,,120.911,,,,,
dataflow,ESTAT:CEI_PC030(1.0),Resource productivity,A,Annual,I00,"Index, 2000=100",DK,Denmark,2017,,120.238,,,,,
dataflow,ESTAT:CEI_PC030(1.0),Resource productivity,A,Annual,I00,"Index, 2000=100",DK,Denmark,2018,,122.001,,,,,
dataflow,ESTAT:CEI_PC030(1.0),Resource productivity,A,Annual,I00,"Index, 2000=100",DK,Denmark,2019,,122.806,,,,,
dataflow,ESTAT:CEI_PC030(1.0),Resource productivity,A,Annual,I00,"Index, 2000=100",DK,Denmark,2020,,123.949,,,,,
dataflow,ESTAT:CEI_PC030(1.0),Resource productivity,A,Annual,I00,"Index, 2000=100",DK,Denmark,2021,,127.554,,,,,
dataflow,ESTAT:CEI_PC030(1.0),Resource productivity,A,Annual,I00,"Index, 2000=100",DK,Denmark,2022,,124.395,,,,,
dataflow,ESTAT:CEI_PC030(1.0),Resource productivity,A,Annual,I00,"Index, 2000=100",DK,Denmark,2023,,136.034,,i,value imputed by Eurostat or other receiving agencies,,
dataflow,ESTAT:CEI_PC030(1.0),Resource productivity,A,Annual,I00,"Index, 2000=100",EE,Estonia,2000,,100,,,,,
dataflow,ESTAT:CEI_PC030(1.0),Resource productivity,A,Annual,I00,"Index, 2000=100",EE,Estonia,2001,,104.209,,,,,
dataflow,ESTAT:CEI_PC030(1.0),Resource productivity,A,Annual,I00,"Index, 2000=100",EE,Estonia,2002,,101.18,,,,,
dataflow,ESTAT:CEI_PC030(1.0),Resource productivity,A,Annual,I00,"Index, 2000=100",EE,Estonia,2003,,83.598,,,,,
dataflow,ESTAT:CEI_PC030(1.0),Resource productivity,A,Annual,I00,"Index, 2000=100",EE,Estonia,2004,,93.481,,,,,
dataflow,ESTAT:CEI_PC030(1.0),Resource productivity,A,Annual,I00,"Index, 2000=100",EE,Estonia,2005,,99.941,,,,,
dataflow,ESTAT:CEI_PC030(1.0),Resource productivity,A,Annual,I00,"Index, 2000=100",EE,Estonia,2006,,103.486,,,,,
dataflow,ESTAT:CEI_PC030(1.0),Resource productivity,A,Annual,I00,"Index, 2000=100",EE,Estonia,2007,,94.245,,,,,
dataflow,ESTAT:CEI_PC030(1.0),Resource productivity,A,Annual,I00,"Index, 2000=100",EE,Estonia,2008,,102.327,,,,,
dataflow,ESTAT:CEI_PC030(1.0),Resource productivity,A,Annual,I00,"Index, 2000=100",EE,Estonia,2009,,90.368,,,,,
dataflow,ESTAT:CEI_PC030(1.0),Resource productivity,A,Annual,I00,"Index, 2000=100",EE,Estonia,2010,,93.516,,,,,
dataflow,ESTAT:CEI_PC030(1.0),Resource productivity,A,Annual,I00,"Index, 2000=100",EE,Estonia,2011,,93.04,,,,,
dataflow,ESTAT:CEI_PC030(1.0),Resource productivity,A,Annual,I00,"Index, 2000=100",EE,Estonia,2012,,94.58,,,,,
dataflow,ESTAT:CEI_PC030(1.0),Resource productivity,A,Annual,I00,"Index, 2000=100",EE,Estonia,2013,,90.777,,,,,
dataflow,ESTAT:CEI_PC030(1.0),Resource productivity,A,Annual,I00,"Index, 2000=100",EE,Estonia,2014,,98.264,,,,,
dataflow,ESTAT:CEI_PC030(1.0),Resource productivity,A,Annual,I00,"Index, 2000=100",EE,Estonia,2015,,101.007,,,,,
dataflow,ESTAT:CEI_PC030(1.0),Resource productivity,A,Annual,I00,"Index, 2000=100",EE,Estonia,2016,,107.741,,,,,
dataflow,ESTAT:CEI_PC030(1.0),Resource productivity,A,Annual,I00,"Index, 2000=100",EE,Estonia,2017,,96.059,,,,,
dataflow,ESTAT:CEI_PC030(1.0),Resource productivity,A,Annual,I00,"Index, 2000=100",EE,Estonia,2018,,96.055,,,,,
dataflow,ESTAT:CEI_PC030(1.0),Resource productivity,A,Annual,I00,"Index, 2000=100",EE,Estonia,2019,,110.896,,,,,
dataflow,ESTAT:CEI_PC030(1.0),Resource productivity,A,Annual,I00,"Index, 2000=100",EE,Estonia,2020,,114.943,,,,,
dataflow,ESTAT:CEI_PC030(1.0),Resource productivity,A,Annual,I00,"Index, 2000=100",EE,Estonia,2021,,128.141,,,,,
dataflow,ESTAT:CEI_PC030(1.0),Resource productivity,A,Annual,I00,"Index, 2000=100",EE,Estonia,2022,,120.692,,,,,
dataflow,ESTAT:CEI_PC030(1.0),Resource productivity,A,Annual,I00,"Index, 2000=100",EE,Estonia,2023,,110.296,,i,value imputed by Eurostat or other receiving agencies,,
dataflow,ESTAT:CEI_PC030(1.0),Resource productivity,A,Annual,I00,"Index, 2000=100",EL,Greece,2000,,100,,,,,
dataflow,ESTAT:CEI_PC030(1.0),Resource productivity,A,Annual,I00,"Index, 2000=100",EL,Greece,2001,,98.347,,i,value imputed by Eurostat or other receiving agencies,,
dataflow,ESTAT:CEI_PC030(1.0),Resource productivity,A,Annual,I00,"Index, 2000=100",EL,Greece,2002,,99.618,,i,value imputed by Eurostat or other receiving agencies,,
dataflow,ESTAT:CEI_PC030(1.0),Resource productivity,A,Annual,I00,"Index, 2000=100",EL,Greece,2003,,96.056,,i,value imputed by Eurostat or other receiving agencies,,
dataflow,ESTAT:CEI_PC030(1.0),Resource productivity,A,Annual,I00,"Index, 2000=100",EL,Greece,2004,,102.737,,i,value imputed by Eurostat or other receiving agencies,,
dataflow,ESTAT:CEI_PC030(1.0),Resource productivity,A,Annual,I00,"Index, 2000=100",EL,Greece,2005,,103.36,,i,value imputed by Eurostat or other receiving agencies,,
dataflow,ESTAT:CEI_PC030(1.0),Resource productivity,A,Annual,I00,"Index, 2000=100",EL,Greece,2006,,111.154,,i,value imputed by Eurostat or other receiving agencies,,
dataflow,ESTAT:CEI_PC030(1.0),Resource productivity,A,Annual,I00,"Index, 2000=100",EL,Greece,2007,,83.898,,i,value imputed by Eurostat or other receiving agencies,,
dataflow,ESTAT:CEI_PC030(1.0),Resource productivity,A,Annual,I00,"Index, 2000=100",EL,Greece,2008,,84.326,,i,value imputed by Eurostat or other receiving agencies,,
dataflow,ESTAT:CEI_PC030(1.0),Resource productivity,A,Annual,I00,"Index, 2000=100",EL,Greece,2009,,93.608,,i,value imputed by Eurostat or other receiving agencies,,
dataflow,ESTAT:CEI_PC030(1.0),Resource productivity,A,Annual,I00,"Index, 2000=100",EL,Greece,2010,,101.008,,i,value imputed by Eurostat or other receiving agencies,,
dataflow,ESTAT:CEI_PC030(1.0),Resource productivity,A,Annual,I00,"Index, 2000=100",EL,Greece,2011,,99.578,,i,value imputed by Eurostat or other receiving agencies,,
dataflow,ESTAT:CEI_PC030(1.0),Resource productivity,A,Annual,I00,"Index, 2000=100",EL,Greece,2012,,100.397,,i,value imputed by Eurostat or other receiving agencies,,
dataflow,ESTAT:CEI_PC030(1.0),Resource productivity,A,Annual,I00,"Index, 2000=100",EL,Greece,2013,,105.43,,i,value imputed by Eurostat or other receiving agencies,,
dataflow,ESTAT:CEI_PC030(1.0),Resource productivity,A,Annual,I00,"Index, 2000=100",EL,Greece,2014,,102.95,,i,value imputed by Eurostat or other receiving agencies,,
dataflow,ESTAT:CEI_PC030(1.0),Resource productivity,A,Annual,I00,"Index, 2000=100",EL,Greece,2015,,107.831,,i,value imputed by Eurostat or other receiving agencies,,
dataflow,ESTAT:CEI_PC030(1.0),Resource productivity,A,Annual,I00,"Index, 2000=100",EL,Greece,2016,,113.65,,i,value imputed by Eurostat or other receiving agencies,,
dataflow,ESTAT:CEI_PC030(1.0),Resource productivity,A,Annual,I00,"Index, 2000=100",EL,Greece,2017,,116.431,,i,value imputed by Eurostat or other receiving agencies,,
dataflow,ESTAT:CEI_PC030(1.0),Resource productivity,A,Annual,I00,"Index, 2000=100",EL,Greece,2018,,121.788,,i,value imputed by Eurostat or other receiving agencies,,
dataflow,ESTAT:CEI_PC030(1.0),Resource productivity,A,Annual,I00,"Index, 2000=100",EL,Greece,2019,,130.703,,i,value imputed by Eurostat or other receiving agencies,,
dataflow,ESTAT:CEI_PC030(1.0),Resource productivity,A,Annual,I00,"Index, 2000=100",EL,Greece,2020,,134.823,,i,value imputed by Eurostat or other receiving agencies,,
dataflow,ESTAT:CEI_PC030(1.0),Resource productivity,A,Annual,I00,"Index, 2000=100",EL,Greece,2021,,143.352,,bi,"break in time series, value imputed by Eurostat or other receiving agencies",,
dataflow,ESTAT:CEI_PC030(1.0),Resource productivity,A,Annual,I00,"Index, 2000=100",EL,Greece,2022,,148.566,,i,value imputed by Eurostat or other receiving agencies,,
dataflow,ESTAT:CEI_PC030(1.0),Resource productivity,A,Annual,I00,"Index, 2000=100",EL,Greece,2023,,151.443,,i,value imputed by Eurostat or other receiving agencies,,
dataflow,ESTAT:CEI_PC030(1.0),Resource productivity,A,Annual,I00,"Index, 2000=100",ES,Spain,2000,,100,,,,,
dataflow,ESTAT:CEI_PC030(1.0),Resource productivity,A,Annual,I00,"Index, 2000=100",ES,Spain,2001,,100.943,,,,,
dataflow,ESTAT:CEI_PC030(1.0),Resource productivity,A,Annual,I00,"Index, 2000=100",ES,Spain,2002,,95.175,,,,,
dataflow,ESTAT:CEI_PC030(1.0),Resource productivity,A,Annual,I00,"Index, 2000=100",ES,Spain,2003,,92.83,,,,,
dataflow,ESTAT:CEI_PC030(1.0),Resource productivity,A,Annual,I00,"Index, 2000=100",ES,Spain,2004,,92.993,,,,,
dataflow,ESTAT:CEI_PC030(1.0),Resource productivity,A,Annual,I00,"Index, 2000=100",ES,Spain,2005,,93.396,,,,,
dataflow,ESTAT:CEI_PC030(1.0),Resource productivity,A,Annual,I00,"Index, 2000=100",ES,Spain,2006,,92.791,,,,,
dataflow,ESTAT:CEI_PC030(1.0),Resource productivity,A,Annual,I00,"Index, 2000=100",ES,Spain,2007,,93.865,,,,,
dataflow,ESTAT:CEI_PC030(1.0),Resource productivity,A,Annual,I00,"Index, 2000=100",ES,Spain,2008,,108.669,,b,break in time series,,
dataflow,ESTAT:CEI_PC030(1.0),Resource productivity,A,Annual,I00,"Index, 2000=100",ES,Spain,2009,,128.126,,,,,
dataflow,ESTAT:CEI_PC030(1.0),Resource productivity,A,Annual,I00,"Index, 2000=100",ES,Spain,2010,,144.484,,,,,
dataflow,ESTAT:CEI_PC030(1.0),Resource productivity,A,Annual,I00,"Index, 2000=100",ES,Spain,2011,,162.402,,,,,
dataflow,ESTAT:CEI_PC030(1.0),Resource productivity,A,Annual,I00,"Index, 2000=100",ES,Spain,2012,,198.084,,,,,
dataflow,ESTAT:CEI_PC030(1.0),Resource productivity,A,Annual,I00,"Index, 2000=100",ES,Spain,2013,,208.012,,,,,
dataflow,ESTAT:CEI_PC030(1.0),Resource productivity,A,Annual,I00,"Index, 2000=100",ES,Spain,2014,,208.8,,,,,
dataflow,ESTAT:CEI_PC030(1.0),Resource productivity,A,Annual,I00,"Index, 2000=100",ES,Spain,2015,,207.399,,,,,
dataflow,ESTAT:CEI_PC030(1.0),Resource productivity,A,Annual,I00,"Index, 2000=100",ES,Spain,2016,,218.945,,,,,
dataflow,ESTAT:CEI_PC030(1.0),Resource productivity,A,Annual,I00,"Index, 2000=100",ES,Spain,2017,,220.84,,,,,
dataflow,ESTAT:CEI_PC030(1.0),Resource productivity,A,Annual,I00,"Index, 2000=100",ES,Spain,2018,,206.979,,,,,
dataflow,ESTAT:CEI_PC030(1.0),Resource productivity,A,Annual,I00,"Index, 2000=100",ES,Spain,2019,,215.521,,,,,
dataflow,ESTAT:CEI_PC030(1.0),Resource productivity,A,Annual,I00,"Index, 2000=100",ES,Spain,2020,,196.559,,,,,
dataflow,ESTAT:CEI_PC030(1.0),Resource productivity,A,Annual,I00,"Index, 2000=100",ES,Spain,2021,,202.74,,,,,
dataflow,ESTAT:CEI_PC030(1.0),Resource productivity,A,Annual,I00,"Index, 2000=100",ES,Spain,2022,,224.306,,,,,
dataflow,ESTAT:CEI_PC030(1.0),Resource productivity,A,Annual,I00,"Index, 2000=100",ES,Spain,2023,,246.619,,i,value imputed by Eurostat or other receiving agencies,,
dataflow,ESTAT:CEI_PC030(1.0),Resource productivity,A,Annual,I00,"Index, 2000=100",EU27_2020,European Union - 27 countries (from 2020),2000,,100,,,,,
dataflow,ESTAT:CEI_PC030(1.0),Resource productivity,A,Annual,I00,"Index, 2000=100",EU27_2020,European Union - 27 countries (from 2020),2001,,101.728,,i,value imputed by Eurostat or other receiving agencies,,
dataflow,ESTAT:CEI_PC030(1.0),Resource productivity,A,Annual,I00,"Index, 2000=100",EU27_2020,European Union - 27 countries (from 2020),2002,,101.667,,i,value imputed by Eurostat or other receiving agencies,,
dataflow,ESTAT:CEI_PC030(1.0),Resource productivity,A,Annual,I00,"Index, 2000=100",EU27_2020,European Union - 27 countries (from 2020),2003,,101.608,,i,value imputed by Eurostat or other receiving agencies,,
dataflow,ESTAT:CEI_PC030(1.0),Resource productivity,A,Annual,I00,"Index, 2000=100",EU27_2020,European Union - 27 countries (from 2020),2004,,99.753,,i,value imputed by Eurostat or other receiving agencies,,
dataflow,ESTAT:CEI_PC030(1.0),Resource productivity,A,Annual,I00,"Index, 2000=100",EU27_2020,European Union - 27 countries (from 2020),2005,,100.596,,i,value imputed by Eurostat or other receiving agencies,,
dataflow,ESTAT:CEI_PC030(1.0),Resource productivity,A,Annual,I00,"Index, 2000=100",EU27_2020,European Union - 27 countries (from 2020),2006,,101.718,,i,value imputed by Eurostat or other receiving agencies,,
dataflow,ESTAT:CEI_PC030(1.0),Resource productivity,A,Annual,I00,"Index, 2000=100",EU27_2020,European Union - 27 countries (from 2020),2007,,101.191,,i,value imputed by Eurostat or other receiving agencies,,
dataflow,ESTAT:CEI_PC030(1.0),Resource productivity,A,Annual,I00,"Index, 2000=100",EU27_2020,European Union - 27 countries (from 2020),2008,,103.75,,i,value imputed by Eurostat or other receiving agencies,,
dataflow,ESTAT:CEI_PC030(1.0),Resource productivity,A,Annual,I00,"Index, 2000=100",EU27_2020,European Union - 27 countries (from 2020),2009,,112.974,,i,value imputed by Eurostat or other receiving agencies,,
dataflow,ESTAT:CEI_PC030(1.0),Resource productivity,A,Annual,I00,"Index, 2000=100",EU27_2020,European Union - 27 countries (from 2020),2010,,117.906,,i,value imputed by Eurostat or other receiving agencies,,
dataflow,ESTAT:CEI_PC030(1.0),Resource productivity,A,Annual,I00,"Index, 2000=100",EU27_2020,European Union - 27 countries (from 2020),2011,,114.393,,i,value imputed by Eurostat or other receiving agencies,,
dataflow,ESTAT:CEI_PC030(1.0),Resource productivity,A,Annual,I00,"Index, 2000=100",EU27_2020,European Union - 27 countries (from 2020),2012,,123.075,,i,value imputed by Eurostat or other receiving agencies,,
dataflow,ESTAT:CEI_PC030(1.0),Resource productivity,A,Annual,I00,"Index, 2000=100",EU27_2020,European Union - 27 countries (from 2020),2013,,126.054,,i,value imputed by Eurostat or other receiving agencies,,
dataflow,ESTAT:CEI_PC030(1.0),Resource productivity,A,Annual,I00,"Index, 2000=100",EU27_2020,European Union - 27 countries (from 2020),2014,,126.728,,i,value imputed by Eurostat or other receiving agencies,,
dataflow,ESTAT:CEI_PC030(1.0),Resource productivity,A,Annual,I00,"Index, 2000=100",EU27_2020,European Union - 27 countries (from 2020),2015,,129.156,,i,value imputed by Eurostat or other receiving agencies,,
dataflow,ESTAT:CEI_PC030(1.0),Resource productivity,A,Annual,I00,"Index, 2000=100",EU27_2020,European Union - 27 countries (from 2020),2016,,132.016,,i,value imputed by Eurostat or other receiving agencies,,
dataflow,ESTAT:CEI_PC030(1.0),Resource productivity,A,Annual,I00,"Index, 2000=100",EU27_2020,European Union - 27 countries (from 2020),2017,,132.306,,i,value imputed by Eurostat or other receiving agencies,,
dataflow,ESTAT:CEI_PC030(1.0),Resource productivity,A,Annual,I00,"Index, 2000=100",EU27_2020,European Union - 27 countries (from 2020),2018,,132.281,,i,value imputed by Eurostat or other receiving agencies,,
dataflow,ESTAT:CEI_PC030(1.0),Resource productivity,A,Annual,I00,"Index, 2000=100",EU27_2020,European Union - 27 countries (from 2020),2019,,134.112,,i,value imputed by Eurostat or other receiving agencies,,
dataflow,ESTAT:CEI_PC030(1.0),Resource productivity,A,Annual,I00,"Index, 2000=100",EU27_2020,European Union - 27 countries (from 2020),2020,,132.258,,i,value imputed by Eurostat or other receiving agencies,,
dataflow,ESTAT:CEI_PC030(1.0),Resource productivity,A,Annual,I00,"Index, 2000=100",EU27_2020,European Union - 27 countries (from 2020),2021,,134.573,,i,value imputed by Eurostat or other receiving agencies,,
dataflow,ESTAT:CEI_PC030(1.0),Resource productivity,A,Annual,I00,"Index, 2000=100",EU27_2020,European Union - 27 countries (from 2020),2022,,140.566,,i,value imputed by Eurostat or other receiving agencies,,
dataflow,ESTAT:CEI_PC030(1.0),Resource productivity,A,Annual,I00,"Index, 2000=100",EU27_2020,European Union - 27 countries (from 2020),2023,,144.479,,i,value imputed by Eurostat or other receiving agencies,,
dataflow,ESTAT:CEI_PC030(1.0),Resource productivity,A,Annual,I00,"Index, 2000=100",FI,Finland,2000,,100,,,,,
dataflow,ESTAT:CEI_PC030(1.0),Resource productivity,A,Annual,I00,"Index, 2000=100",FI,Finland,2001,,100.518,,,,,
dataflow,ESTAT:CEI_PC030(1.0),Resource productivity,A,Annual,I00,"Index, 2000=100",FI,Finland,2002,,102.005,,,,,
dataflow,ESTAT:CEI_PC030(1.0),Resource productivity,A,Annual,I00,"Index, 2000=100",FI,Finland,2003,,99.38,,,,,
dataflow,ESTAT:CEI_PC030(1.0),Resource productivity,A,Annual,I00,"Index, 2000=100",FI,Finland,2004,,102.286,,,,,
dataflow,ESTAT:CEI_PC030(1.0),Resource productivity,A,Annual,I00,"Index, 2000=100",FI,Finland,2005,,103.277,,,,,
dataflow,ESTAT:CEI_PC030(1.0),Resource productivity,A,Annual,I00,"Index, 2000=100",FI,Finland,2006,,102.757,,,,,
dataflow,ESTAT:CEI_PC030(1.0),Resource productivity,A,Annual,I00,"Index, 2000=100",FI,Finland,2007,,106.181,,,,,
dataflow,ESTAT:CEI_PC030(1.0),Resource productivity,A,Annual,I00,"Index, 2000=100",FI,Finland,2008,,105.702,,,,,
dataflow,ESTAT:CEI_PC030(1.0),Resource productivity,A,Annual,I00,"Index, 2000=100",FI,Finland,2009,,117.895,,,,,
dataflow,ESTAT:CEI_PC030(1.0),Resource productivity,A,Annual,I00,"Index, 2000=100",FI,Finland,2010,,86.899,,,,,
dataflow,ESTAT:CEI_PC030(1.0),Resource productivity,A,Annual,I00,"Index, 2000=100",FI,Finland,2011,,90.901,,,,,
dataflow,ESTAT:CEI_PC030(1.0),Resource productivity,A,Annual,I00,"Index, 2000=100",FI,Finland,2012,,90.325,,,,,
dataflow,ESTAT:CEI_PC030(1.0),Resource productivity,A,Annual,I00,"Index, 2000=100",FI,Finland,2013,,78.849,,,,,
dataflow,ESTAT:CEI_PC030(1.0),Resource productivity,A,Annual,I00,"Index, 2000=100",FI,Finland,2014,,90.158,,,,,
dataflow,ESTAT:CEI_PC030(1.0),Resource productivity,A,Annual,I00,"Index, 2000=100",FI,Finland,2015,,93.011,,,,,
dataflow,ESTAT:CEI_PC030(1.0),Resource productivity,A,Annual,I00,"Index, 2000=100",FI,Finland,2016,,88.579,,,,,
dataflow,ESTAT:CEI_PC030(1.0),Resource productivity,A,Annual,I00,"Index, 2000=100",FI,Finland,2017,,94.595,,,,,
dataflow,ESTAT:CEI_PC030(1.0),Resource productivity,A,Annual,I00,"Index, 2000=100",FI,Finland,2018,,86.189,,,,,
dataflow,ESTAT:CEI_PC030(1.0),Resource productivity,A,Annual,I00,"Index, 2000=100",FI,Finland,2019,,91.656,,,,,
dataflow,ESTAT:CEI_PC030(1.0),Resource productivity,A,Annual,I00,"Index, 2000=100",FI,Finland,2020,,89.037,,,,,
dataflow,ESTAT:CEI_PC030(1.0),Resource productivity,A,Annual,I00,"Index, 2000=100",FI,Finland,2021,,92.995,,,,,
dataflow,ESTAT:CEI_PC030(1.0),Resource productivity,A,Annual,I00,"Index, 2000=100",FI,Finland,2022,,89.735,,,,,
dataflow,ESTAT:CEI_PC030(1.0),Resource productivity,A,Annual,I00,"Index, 2000=100",FI,Finland,2023,,96.681,,i,value imputed by Eurostat or other receiving agencies,,
dataflow,ESTAT:CEI_PC030(1.0),Resource productivity,A,Annual,I00,"Index, 2000=100",FR,France,2000,,100,,,,,
dataflow,ESTAT:CEI_PC030(1.0),Resource productivity,A,Annual,I00,"Index, 2000=100",FR,France,2001,,105.768,,,,,
dataflow,ESTAT:CEI_PC030(1.0),Resource productivity,A,Annual,I00,"Index, 2000=100",FR,France,2002,,106.243,,,,,
dataflow,ESTAT:CEI_PC030(1.0),Resource productivity,A,Annual,I00,"Index, 2000=100",FR,France,2003,,114.143,,,,,
dataflow,ESTAT:CEI_PC030(1.0),Resource productivity,A,Annual,I00,"Index, 2000=100",FR,France,2004,,106.754,,,,,
dataflow,ESTAT:CEI_PC030(1.0),Resource productivity,A,Annual,I00,"Index, 2000=100",FR,France,2005,,112.259,,,,,
dataflow,ESTAT:CEI_PC030(1.0),Resource productivity,A,Annual,I00,"Index, 2000=100",FR,France,2006,,112.811,,,,,
dataflow,ESTAT:CEI_PC030(1.0),Resource productivity,A,Annual,I00,"Index, 2000=100",FR,France,2007,,111.131,,,,,
dataflow,ESTAT:CEI_PC030(1.0),Resource productivity,A,Annual,I00,"Index, 2000=100",FR,France,2008,,113.952,,,,,
dataflow,ESTAT:CEI_PC030(1.0),Resource productivity,A,Annual,I00,"Index, 2000=100",FR,France,2009,,123.93,,,,,
dataflow,ESTAT:CEI_PC030(1.0),Resource productivity,A,Annual,I00,"Index, 2000=100",FR,France,2010,,128.889,,,,,
dataflow,ESTAT:CEI_PC030(1.0),Resource productivity,A,Annual,I00,"Index, 2000=100",FR,France,2011,,128.557,,b,break in time series,,
dataflow,ESTAT:CEI_PC030(1.0),Resource productivity,A,Annual,I00,"Index, 2000=100",FR,France,2012,,131.754,,,,,
dataflow,ESTAT:CEI_PC030(1.0),Resource productivity,A,Annual,I00,"Index, 2000=100",FR,France,2013,,132.498,,,,,
dataflow,ESTAT:CEI_PC030(1.0),Resource productivity,A,Annual,I00,"Index, 2000=100",FR,France,2014,,135.318,,,,,
dataflow,ESTAT:CEI_PC030(1.0),Resource productivity,A,Annual,I00,"Index, 2000=100",FR,France,2015,,144.47,,,,,
dataflow,ESTAT:CEI_PC030(1.0),Resource productivity,A,Annual,I00,"Index, 2000=100",FR,France,2016,,147.838,,,,,
dataflow,ESTAT:CEI_PC030(1.0),Resource productivity,A,Annual,I00,"Index, 2000=100",FR,France,2017,,139.28,,,,,
dataflow,ESTAT:CEI_PC030(1.0),Resource productivity,A,Annual,I00,"Index, 2000=100",FR,France,2018,,143.511,,,,,
dataflow,ESTAT:CEI_PC030(1.0),Resource productivity,A,Annual,I00,"Index, 2000=100",FR,France,2019,,142.326,,,,,
dataflow,ESTAT:CEI_PC030(1.0),Resource productivity,A,Annual,I00,"Index, 2000=100",FR,France,2020,,144.786,,,,,
dataflow,ESTAT:CEI_PC030(1.0),Resource productivity,A,Annual,I00,"Index, 2000=100",FR,France,2021,,140.457,,,,,
dataflow,ESTAT:CEI_PC030(1.0),Resource productivity,A,Annual,I00,"Index, 2000=100",FR,France,2022,,152.095,,,,,
dataflow,ESTAT:CEI_PC030(1.0),Resource productivity,A,Annual,I00,"Index, 2000=100",FR,France,2023,,153.284,,i,value imputed by Eurostat or other receiving agencies,,
dataflow,ESTAT:CEI_PC030(1.0),Resource productivity,A,Annual,I00,"Index, 2000=100",HR,Croatia,2000,,100,,,,,
dataflow,ESTAT:CEI_PC030(1.0),Resource productivity,A,Annual,I00,"Index, 2000=100",HR,Croatia,2001,,85.417,,i,value imputed by Eurostat or other receiving agencies,,
dataflow,ESTAT:CEI_PC030(1.0),Resource productivity,A,Annual,I00,"Index, 2000=100",HR,Croatia,2002,,78.321,,i,value imputed by Eurostat or other receiving agencies,,
dataflow,ESTAT:CEI_PC030(1.0),Resource productivity,A,Annual,I00,"Index, 2000=100",HR,Croatia,2003,,77.699,,i,value imputed by Eurostat or other receiving agencies,,
dataflow,ESTAT:CEI_PC030(1.0),Resource productivity,A,Annual,I00,"Index, 2000=100",HR,Croatia,2004,,71.624,,i,value imputed by Eurostat or other receiving agencies,,
dataflow,ESTAT:CEI_PC030(1.0),Resource productivity,A,Annual,I00,"Index, 2000=100",HR,Croatia,2005,,77.428,,i,value imputed by Eurostat or other receiving agencies,,
dataflow,ESTAT:CEI_PC030(1.0),Resource productivity,A,Annual,I00,"Index, 2000=100",HR,Croatia,2006,,76.78,,i,value imputed by Eurostat or other receiving agencies,,
dataflow,ESTAT:CEI_PC030(1.0),Resource productivity,A,Annual,I00,"Index, 2000=100",HR,Croatia,2007,,80.555,,i,value imputed by Eurostat or other receiving agencies,,
dataflow,ESTAT:CEI_PC030(1.0),Resource productivity,A,Annual,I00,"Index, 2000=100",HR,Croatia,2008,,72.536,,i,value imputed by Eurostat or other receiving agencies,,
dataflow,ESTAT:CEI_PC030(1.0),Resource productivity,A,Annual,I00,"Index, 2000=100",HR,Croatia,2009,,85.181,,i,value imputed by Eurostat or other receiving agencies,,
dataflow,ESTAT:CEI_PC030(1.0),Resource productivity,A,Annual,I00,"Index, 2000=100",HR,Croatia,2010,,99.233,,i,value imputed by Eurostat or other receiving agencies,,
dataflow,ESTAT:CEI_PC030(1.0),Resource productivity,A,Annual,I00,"Index, 2000=100",HR,Croatia,2011,,99.536,,i,value imputed by Eurostat or other receiving agencies,,
dataflow,ESTAT:CEI_PC030(1.0),Resource productivity,A,Annual,I00,"Index, 2000=100",HR,Croatia,2012,,105.747,,i,value imputed by Eurostat or other receiving agencies,,
dataflow,ESTAT:CEI_PC030(1.0),Resource productivity,A,Annual,I00,"Index, 2000=100",HR,Croatia,2013,,102.471,,i,value imputed by Eurostat or other receiving agencies,,
dataflow,ESTAT:CEI_PC030(1.0),Resource productivity,A,Annual,I00,"Index, 2000=100",HR,Croatia,2014,,111.137,,i,value imputed by Eurostat or other receiving agencies,,
dataflow,ESTAT:CEI_PC030(1.0),Resource productivity,A,Annual,I00,"Index, 2000=100",HR,Croatia,2015,,107.894,,i,value imputed by Eurostat or other receiving agencies,,
dataflow,ESTAT:CEI_PC030(1.0),Resource productivity,A,Annual,I00,"Index, 2000=100",HR,Croatia,2016,,109.169,,i,value imputed by Eurostat or other receiving agencies,,
dataflow,ESTAT:CEI_PC030(1.0),Resource productivity,A,Annual,I00,"Index, 2000=100",HR,Croatia,2017,,114.268,,i,value imputed by Eurostat or other receiving agencies,,
dataflow,ESTAT:CEI_PC030(1.0),Resource productivity,A,Annual,I00,"Index, 2000=100",HR,Croatia,2018,,114.756,,i,value imputed by Eurostat or other receiving agencies,,
dataflow,ESTAT:CEI_PC030(1.0),Resource productivity,A,Annual,I00,"Index, 2000=100",HR,Croatia,2019,,115.008,,i,value imputed by Eurostat or other receiving agencies,,
dataflow,ESTAT:CEI_PC030(1.0),Resource productivity,A,Annual,I00,"Index, 2000=100",HR,Croatia,2020,,103.539,,i,value imputed by Eurostat or other receiving agencies,,
dataflow,ESTAT:CEI_PC030(1.0),Resource productivity,A,Annual,I00,"Index, 2000=100",HR,Croatia,2021,,116.224,,i,value imputed by Eurostat or other receiving agencies,,
dataflow,ESTAT:CEI_PC030(1.0),Resource productivity,A,Annual,I00,"Index, 2000=100",HR,Croatia,2022,,121.203,,i,value imputed by Eurostat or other receiving agencies,,
dataflow,ESTAT:CEI_PC030(1.0),Resource productivity,A,Annual,I00,"Index, 2000=100",HR,Croatia,2023,,120.124,,i,value imputed by Eurostat or other receiving agencies,,
dataflow,ESTAT:CEI_PC030(1.0),Resource productivity,A,Annual,I00,"Index, 2000=100",HU,Hungary,2000,,100,,,,,
dataflow,ESTAT:CEI_PC030(1.0),Resource productivity,A,Annual,I00,"Index, 2000=100",HU,Hungary,2001,,91.794,,,,,
dataflow,ESTAT:CEI_PC030(1.0),Resource productivity,A,Annual,I00,"Index, 2000=100",HU,Hungary,2002,,99.97,,,,,
dataflow,ESTAT:CEI_PC030(1.0),Resource productivity,A,Annual,I00,"Index, 2000=100",HU,Hungary,2003,,102.353,,,,,
dataflow,ESTAT:CEI_PC030(1.0),Resource productivity,A,Annual,I00,"Index, 2000=100",HU,Hungary,2004,,91.567,,,,,
dataflow,ESTAT:CEI_PC030(1.0),Resource productivity,A,Annual,I00,"Index, 2000=100",HU,Hungary,2005,,83.22,,,,,
dataflow,ESTAT:CEI_PC030(1.0),Resource productivity,A,Annual,I00,"Index, 2000=100",HU,Hungary,2006,,103.367,,,,,
dataflow,ESTAT:CEI_PC030(1.0),Resource productivity,A,Annual,I00,"Index, 2000=100",HU,Hungary,2007,,132.652,,,,,
dataflow,ESTAT:CEI_PC030(1.0),Resource productivity,A,Annual,I00,"Index, 2000=100",HU,Hungary,2008,,119.437,,,,,
dataflow,ESTAT:CEI_PC030(1.0),Resource productivity,A,Annual,I00,"Index, 2000=100",HU,Hungary,2009,,136.93,,,,,
dataflow,ESTAT:CEI_PC030(1.0),Resource productivity,A,Annual,I00,"Index, 2000=100",HU,Hungary,2010,,151.228,,,,,
dataflow,ESTAT:CEI_PC030(1.0),Resource productivity,A,Annual,I00,"Index, 2000=100",HU,Hungary,2011,,153.41,,,,,
dataflow,ESTAT:CEI_PC030(1.0),Resource productivity,A,Annual,I00,"Index, 2000=100",HU,Hungary,2012,,172.951,,,,,
dataflow,ESTAT:CEI_PC030(1.0),Resource productivity,A,Annual,I00,"Index, 2000=100",HU,Hungary,2013,,153.728,,,,,
dataflow,ESTAT:CEI_PC030(1.0),Resource productivity,A,Annual,I00,"Index, 2000=100",HU,Hungary,2014,,124.669,,,,,
dataflow,ESTAT:CEI_PC030(1.0),Resource productivity,A,Annual,I00,"Index, 2000=100",HU,Hungary,2015,,131.527,,,,,
dataflow,ESTAT:CEI_PC030(1.0),Resource productivity,A,Annual,I00,"Index, 2000=100",HU,Hungary,2016,,140.397,,,,,
dataflow,ESTAT:CEI_PC030(1.0),Resource productivity,A,Annual,I00,"Index, 2000=100",HU,Hungary,2017,,130.64,,,,,
dataflow,ESTAT:CEI_PC030(1.0),Resource productivity,A,Annual,I00,"Index, 2000=100",HU,Hungary,2018,,120.335,,,,,
dataflow,ESTAT:CEI_PC030(1.0),Resource productivity,A,Annual,I00,"Index, 2000=100",HU,Hungary,2019,,121.537,,,,,
dataflow,ESTAT:CEI_PC030(1.0),Resource productivity,A,Annual,I00,"Index, 2000=100",HU,Hungary,2020,,134.291,,,,,
dataflow,ESTAT:CEI_PC030(1.0),Resource productivity,A,Annual,I00,"Index, 2000=100",HU,Hungary,2021,,144.939,,,,,
dataflow,ESTAT:CEI_PC030(1.0),Resource productivity,A,Annual,I00,"Index, 2000=100",HU,Hungary,2022,,160.367,,,,,
dataflow,ESTAT:CEI_PC030(1.0),Resource productivity,A,Annual,I00,"Index, 2000=100",HU,Hungary,2023,,140.489,,i,value imputed by Eurostat or other receiving agencies,,
dataflow,ESTAT:CEI_PC030(1.0),Resource productivity,A,Annual,I00,"Index, 2000=100",IE,Ireland,2000,,100,,,,,
dataflow,ESTAT:CEI_PC030(1.0),Resource productivity,A,Annual,I00,"Index, 2000=100",IE,Ireland,2001,,104.5,,,,,
dataflow,ESTAT:CEI_PC030(1.0),Resource productivity,A,Annual,I00,"Index, 2000=100",IE,Ireland,2002,,109.721,,,,,
dataflow,ESTAT:CEI_PC030(1.0),Resource productivity,A,Annual,I00,"Index, 2000=100",IE,Ireland,2003,,97.974,,,,,
dataflow,ESTAT:CEI_PC030(1.0),Resource productivity,A,Annual,I00,"Index, 2000=100",IE,Ireland,2004,,98.722,,,,,
dataflow,ESTAT:CEI_PC030(1.0),Resource productivity,A,Annual,I00,"Index, 2000=100",IE,Ireland,2005,,101.581,,,,,
dataflow,ESTAT:CEI_PC030(1.0),Resource productivity,A,Annual,I00,"Index, 2000=100",IE,Ireland,2006,,100.648,,,,,
dataflow,ESTAT:CEI_PC030(1.0),Resource productivity,A,Annual,I00,"Index, 2000=100",IE,Ireland,2007,,103.457,,,,,
dataflow,ESTAT:CEI_PC030(1.0),Resource productivity,A,Annual,I00,"Index, 2000=100",IE,Ireland,2008,,111.65,,,,,
dataflow,ESTAT:CEI_PC030(1.0),Resource productivity,A,Annual,I00,"Index, 2000=100",IE,Ireland,2009,,137.724,,,,,
dataflow,ESTAT:CEI_PC030(1.0),Resource productivity,A,Annual,I00,"Index, 2000=100",IE,Ireland,2010,,161.265,,,,,
dataflow,ESTAT:CEI_PC030(1.0),Resource productivity,A,Annual,I00,"Index, 2000=100",IE,Ireland,2011,,189.478,,,,,
dataflow,ESTAT:CEI_PC030(1.0),Resource productivity,A,Annual,I00,"Index, 2000=100",IE,Ireland,2012,,188.42,,,,,
dataflow,ESTAT:CEI_PC030(1.0),Resource productivity,A,Annual,I00,"Index, 2000=100",IE,Ireland,2013,,179.871,,,,,
dataflow,ESTAT:CEI_PC030(1.0),Resource productivity,A,Annual,I00,"Index, 2000=100",IE,Ireland,2014,,201.657,,,,,
dataflow,ESTAT:CEI_PC030(1.0),Resource productivity,A,Annual,I00,"Index, 2000=100",IE,Ireland,2015,,243.58,,,,,
dataflow,ESTAT:CEI_PC030(1.0),Resource productivity,A,Annual,I00,"Index, 2000=100",IE,Ireland,2016,,230.806,,,,,
dataflow,ESTAT:CEI_PC030(1.0),Resource productivity,A,Annual,I00,"Index, 2000=100",IE,Ireland,2017,,239.721,,,,,
dataflow,ESTAT:CEI_PC030(1.0),Resource productivity,A,Annual,I00,"Index, 2000=100",IE,Ireland,2018,,242.435,,,,,
dataflow,ESTAT:CEI_PC030(1.0),Resource productivity,A,Annual,I00,"Index, 2000=100",IE,Ireland,2019,,249.548,,,,,
dataflow,ESTAT:CEI_PC030(1.0),Resource productivity,A,Annual,I00,"Index, 2000=100",IE,Ireland,2020,,283.41,,,,,
dataflow,ESTAT:CEI_PC030(1.0),Resource productivity,A,Annual,I00,"Index, 2000=100",IE,Ireland,2021,,330.082,,,,,
dataflow,ESTAT:CEI_PC030(1.0),Resource productivity,A,Annual,I00,"Index, 2000=100",IE,Ireland,2022,,351.129,,,,,
dataflow,ESTAT:CEI_PC030(1.0),Resource productivity,A,Annual,I00,"Index, 2000=100",IE,Ireland,2023,,371.609,,i,value imputed by Eurostat or other receiving agencies,,
dataflow,ESTAT:CEI_PC030(1.0),Resource productivity,A,Annual,I00,"Index, 2000=100",IS,Iceland,2000,,100,,,,,
dataflow,ESTAT:CEI_PC030(1.0),Resource productivity,A,Annual,I00,"Index, 2000=100",IS,Iceland,2001,,115.133,,b,break in time series,,
dataflow,ESTAT:CEI_PC030(1.0),Resource productivity,A,Annual,I00,"Index, 2000=100",IS,Iceland,2002,,127.064,,b,break in time series,,
dataflow,ESTAT:CEI_PC030(1.0),Resource productivity,A,Annual,I00,"Index, 2000=100",IS,Iceland,2003,,118.597,,b,break in time series,,
dataflow,ESTAT:CEI_PC030(1.0),Resource productivity,A,Annual,I00,"Index, 2000=100",IS,Iceland,2004,,117.48,,b,break in time series,,
dataflow,ESTAT:CEI_PC030(1.0),Resource productivity,A,Annual,I00,"Index, 2000=100",IS,Iceland,2005,,122.13,,b,break in time series,,
dataflow,ESTAT:CEI_PC030(1.0),Resource productivity,A,Annual,I00,"Index, 2000=100",IS,Iceland,2006,,122.249,,b,break in time series,,
dataflow,ESTAT:CEI_PC030(1.0),Resource productivity,A,Annual,I00,"Index, 2000=100",IS,Iceland,2007,,134.685,,b,break in time series,,
dataflow,ESTAT:CEI_PC030(1.0),Resource productivity,A,Annual,I00,"Index, 2000=100",IS,Iceland,2008,,148.509,,b,break in time series,,
dataflow,ESTAT:CEI_PC030(1.0),Resource productivity,A,Annual,I00,"Index, 2000=100",IS,Iceland,2009,,205.86,,b,break in time series,,
dataflow,ESTAT:CEI_PC030(1.0),Resource productivity,A,Annual,I00,"Index, 2000=100",IS,Iceland,2010,,218.889,,b,break in time series,,
dataflow,ESTAT:CEI_PC030(1.0),Resource productivity,A,Annual,I00,"Index, 2000=100",IS,Iceland,2011,,238.481,,b,break in time series,,
dataflow,ESTAT:CEI_PC030(1.0),Resource productivity,A,Annual,I00,"Index, 2000=100",IS,Iceland,2012,,212.27,,b,break in time series,,
dataflow,ESTAT:CEI_PC030(1.0),Resource productivity,A,Annual,I00,"Index, 2000=100",IS,Iceland,2013,,221.38,,b,break in time series,,
dataflow,ESTAT:CEI_PC030(1.0),Resource productivity,A,Annual,I00,"Index, 2000=100",IS,Iceland,2014,,232.53,,b,break in time series,,
dataflow,ESTAT:CEI_PC030(1.0),Resource productivity,A,Annual,I00,"Index, 2000=100",IS,Iceland,2015,,215.524,,b,break in time series,,
dataflow,ESTAT:CEI_PC030(1.0),Resource productivity,A,Annual,I00,"Index, 2000=100",IS,Iceland,2016,,214.62,,b,break in time series,,
dataflow,ESTAT:CEI_PC030(1.0),Resource productivity,A,Annual,I00,"Index, 2000=100",IS,Iceland,2017,,195.188,,b,break in time series,,
dataflow,ESTAT:CEI_PC030(1.0),Resource productivity,A,Annual,I00,"Index, 2000=100",IS,Iceland,2018,,200.032,,b,break in time series,,
dataflow,ESTAT:CEI_PC030(1.0),Resource productivity,A,Annual,I00,"Index, 2000=100",IS,Iceland,2019,,233.565,,b,break in time series,,
dataflow,ESTAT:CEI_PC030(1.0),Resource productivity,A,Annual,I00,"Index, 2000=100",IS,Iceland,2020,,251.513,,b,break in time series,,
dataflow,ESTAT:CEI_PC030(1.0),Resource productivity,A,Annual,I00,"Index, 2000=100",IS,Iceland,2021,,234.74,,b,break in time series,,
dataflow,ESTAT:CEI_PC030(1.0),Resource productivity,A,Annual,I00,"Index, 2000=100",IS,Iceland,2022,,228.865,,b,break in time series,,
dataflow,ESTAT:CEI_PC030(1.0),Resource productivity,A,Annual,I00,"Index, 2000=100",IT,Italy,2000,,100,,,,,
dataflow,ESTAT:CEI_PC030(1.0),Resource productivity,A,Annual,I00,"Index, 2000=100",IT,Italy,2001,,100.38,,,,,
dataflow,ESTAT:CEI_PC030(1.0),Resource productivity,A,Annual,I00,"Index, 2000=100",IT,Italy,2002,,95.552,,,,,
dataflow,ESTAT:CEI_PC030(1.0),Resource productivity,A,Annual,I00,"Index, 2000=100",IT,Italy,2003,,96.885,,,,,
dataflow,ESTAT:CEI_PC030(1.0),Resource productivity,A,Annual,I00,"Index, 2000=100",IT,Italy,2004,,94.811,,,,,
dataflow,ESTAT:CEI_PC030(1.0),Resource productivity,A,Annual,I00,"Index, 2000=100",IT,Italy,2005,,94.856,,,,,
dataflow,ESTAT:CEI_PC030(1.0),Resource productivity,A,Annual,I00,"Index, 2000=100",IT,Italy,2006,,94.549,,,,,
dataflow,ESTAT:CEI_PC030(1.0),Resource productivity,A,Annual,I00,"Index, 2000=100",IT,Italy,2007,,98.504,,,,,
dataflow,ESTAT:CEI_PC030(1.0),Resource productivity,A,Annual,I00,"Index, 2000=100",IT,Italy,2008,,101.797,,b,break in time series,,
dataflow,ESTAT:CEI_PC030(1.0),Resource productivity,A,Annual,I00,"Index, 2000=100",IT,Italy,2009,,107.927,,,,,
dataflow,ESTAT:CEI_PC030(1.0),Resource productivity,A,Annual,I00,"Index, 2000=100",IT,Italy,2010,,113.381,,,,,
dataflow,ESTAT:CEI_PC030(1.0),Resource productivity,A,Annual,I00,"Index, 2000=100",IT,Italy,2011,,112.871,,,,,
dataflow,ESTAT:CEI_PC030(1.0),Resource productivity,A,Annual,I00,"Index, 2000=100",IT,Italy,2012,,128.343,,,,,
dataflow,ESTAT:CEI_PC030(1.0),Resource productivity,A,Annual,I00,"Index, 2000=100",IT,Italy,2013,,148.719,,,,,
dataflow,ESTAT:CEI_PC030(1.0),Resource productivity,A,Annual,I00,"Index, 2000=100",IT,Italy,2014,,149.568,,,,,
dataflow,ESTAT:CEI_PC030(1.0),Resource productivity,A,Annual,I00,"Index, 2000=100",IT,Italy,2015,,155.645,,,,,
dataflow,ESTAT:CEI_PC030(1.0),Resource productivity,A,Annual,I00,"Index, 2000=100",IT,Italy,2016,,157.104,,,,,
dataflow,ESTAT:CEI_PC030(1.0),Resource productivity,A,Annual,I00,"Index, 2000=100",IT,Italy,2017,,160.695,,,,,
dataflow,ESTAT:CEI_PC030(1.0),Resource productivity,A,Annual,I00,"Index, 2000=100",IT,Italy,2018,,160.116,,,,,
dataflow,ESTAT:CEI_PC030(1.0),Resource productivity,A,Annual,I00,"Index, 2000=100",IT,Italy,2019,,157.133,,,,,
dataflow,ESTAT:CEI_PC030(1.0),Resource productivity,A,Annual,I00,"Index, 2000=100",IT,Italy,2020,,155.654,,,,,
dataflow,ESTAT:CEI_PC030(1.0),Resource productivity,A,Annual,I00,"Index, 2000=100",IT,Italy,2021,,153.1,,,,,
dataflow,ESTAT:CEI_PC030(1.0),Resource productivity,A,Annual,I00,"Index, 2000=100",IT,Italy,2022,,157.057,,,,,
dataflow,ESTAT:CEI_PC030(1.0),Resource productivity,A,Annual,I00,"Index, 2000=100",IT,Italy,2023,,162.922,,i,value imputed by Eurostat or other receiving agencies,,
dataflow,ESTAT:CEI_PC030(1.0),Resource productivity,A,Annual,I00,"Index, 2000=100",LT,Lithuania,2000,,100,,,,,
dataflow,ESTAT:CEI_PC030(1.0),Resource productivity,A,Annual,I00,"Index, 2000=100",LT,Lithuania,2001,,118.644,,,,,
dataflow,ESTAT:CEI_PC030(1.0),Resource productivity,A,Annual,I00,"Index, 2000=100",LT,Lithuania,2002,,105.144,,,,,
dataflow,ESTAT:CEI_PC030(1.0),Resource productivity,A,Annual,I00,"Index, 2000=100",LT,Lithuania,2003,,99.163,,,,,
dataflow,ESTAT:CEI_PC030(1.0),Resource productivity,A,Annual,I00,"Index, 2000=100",LT,Lithuania,2004,,98.912,,,,,
dataflow,ESTAT:CEI_PC030(1.0),Resource productivity,A,Annual,I00,"Index, 2000=100",LT,Lithuania,2005,,102.97,,,,,
dataflow,ESTAT:CEI_PC030(1.0),Resource productivity,A,Annual,I00,"Index, 2000=100",LT,Lithuania,2006,,109.836,,,,,
dataflow,ESTAT:CEI_PC030(1.0),Resource productivity,A,Annual,I00,"Index, 2000=100",LT,Lithuania,2007,,103.129,,,,,
dataflow,ESTAT:CEI_PC030(1.0),Resource productivity,A,Annual,I00,"Index, 2000=100",LT,Lithuania,2008,,99.606,,,,,
dataflow,ESTAT:CEI_PC030(1.0),Resource productivity,A,Annual,I00,"Index, 2000=100",LT,Lithuania,2009,,125.816,,,,,
dataflow,ESTAT:CEI_PC030(1.0),Resource productivity,A,Annual,I00,"Index, 2000=100",LT,Lithuania,2010,,116.078,,,,,
dataflow,ESTAT:CEI_PC030(1.0),Resource productivity,A,Annual,I00,"Index, 2000=100",LT,Lithuania,2011,,113.463,,,,,
dataflow,ESTAT:CEI_PC030(1.0),Resource productivity,A,Annual,I00,"Index, 2000=100",LT,Lithuania,2012,,128.418,,,,,
dataflow,ESTAT:CEI_PC030(1.0),Resource productivity,A,Annual,I00,"Index, 2000=100",LT,Lithuania,2013,,109.851,,,,,
dataflow,ESTAT:CEI_PC030(1.0),Resource productivity,A,Annual,I00,"Index, 2000=100",LT,Lithuania,2014,,121.161,,,,,
dataflow,ESTAT:CEI_PC030(1.0),Resource productivity,A,Annual,I00,"Index, 2000=100",LT,Lithuania,2015,,123.637,,,,,
dataflow,ESTAT:CEI_PC030(1.0),Resource productivity,A,Annual,I00,"Index, 2000=100",LT,Lithuania,2016,,122.414,,,,,
dataflow,ESTAT:CEI_PC030(1.0),Resource productivity,A,Annual,I00,"Index, 2000=100",LT,Lithuania,2017,,114.022,,,,,
dataflow,ESTAT:CEI_PC030(1.0),Resource productivity,A,Annual,I00,"Index, 2000=100",LT,Lithuania,2018,,120.585,,,,,
dataflow,ESTAT:CEI_PC030(1.0),Resource productivity,A,Annual,I00,"Index, 2000=100",LT,Lithuania,2019,,118.148,,,,,
dataflow,ESTAT:CEI_PC030(1.0),Resource productivity,A,Annual,I00,"Index, 2000=100",LT,Lithuania,2020,,111.682,,,,,
dataflow,ESTAT:CEI_PC030(1.0),Resource productivity,A,Annual,I00,"Index, 2000=100",LT,Lithuania,2021,,114.437,,,,,
dataflow,ESTAT:CEI_PC030(1.0),Resource productivity,A,Annual,I00,"Index, 2000=100",LT,Lithuania,2022,,119.648,,,,,
dataflow,ESTAT:CEI_PC030(1.0),Resource productivity,A,Annual,I00,"Index, 2000=100",LT,Lithuania,2023,,114.467,,i,value imputed by Eurostat or other receiving agencies,,
dataflow,ESTAT:CEI_PC030(1.0),Resource productivity,A,Annual,I00,"Index, 2000=100",LU,Luxembourg,2000,,100,,,,,
dataflow,ESTAT:CEI_PC030(1.0),Resource productivity,A,Annual,I00,"Index, 2000=100",LU,Luxembourg,2001,,112.483,,,,,
dataflow,ESTAT:CEI_PC030(1.0),Resource productivity,A,Annual,I00,"Index, 2000=100",LU,Luxembourg,2002,,106.717,,,,,
dataflow,ESTAT:CEI_PC030(1.0),Resource productivity,A,Annual,I00,"Index, 2000=100",LU,Luxembourg,2003,,106.71,,,,,
dataflow,ESTAT:CEI_PC030(1.0),Resource productivity,A,Annual,I00,"Index, 2000=100",LU,Luxembourg,2004,,106.598,,,,,
dataflow,ESTAT:CEI_PC030(1.0),Resource productivity,A,Annual,I00,"Index, 2000=100",LU,Luxembourg,2005,,113.257,,,,,
dataflow,ESTAT:CEI_PC030(1.0),Resource productivity,A,Annual,I00,"Index, 2000=100",LU,Luxembourg,2006,,107.852,,,,,
dataflow,ESTAT:CEI_PC030(1.0),Resource productivity,A,Annual,I00,"Index, 2000=100",LU,Luxembourg,2007,,119.681,,,,,
dataflow,ESTAT:CEI_PC030(1.0),Resource productivity,A,Annual,I00,"Index, 2000=100",LU,Luxembourg,2008,,133.956,,,,,
dataflow,ESTAT:CEI_PC030(1.0),Resource productivity,A,Annual,I00,"Index, 2000=100",LU,Luxembourg,2009,,133.59,,,,,
dataflow,ESTAT:CEI_PC030(1.0),Resource productivity,A,Annual,I00,"Index, 2000=100",LU,Luxembourg,2010,,136.874,,,,,
dataflow,ESTAT:CEI_PC030(1.0),Resource productivity,A,Annual,I00,"Index, 2000=100",LU,Luxembourg,2011,,136.383,,,,,
dataflow,ESTAT:CEI_PC030(1.0),Resource productivity,A,Annual,I00,"Index, 2000=100",LU,Luxembourg,2012,,139.826,,,,,
dataflow,ESTAT:CEI_PC030(1.0),Resource productivity,A,Annual,I00,"Index, 2000=100",LU,Luxembourg,2013,,143.191,,,,,
dataflow,ESTAT:CEI_PC030(1.0),Resource productivity,A,Annual,I00,"Index, 2000=100",LU,Luxembourg,2014,,139.788,,,,,
dataflow,ESTAT:CEI_PC030(1.0),Resource productivity,A,Annual,I00,"Index, 2000=100",LU,Luxembourg,2015,,124.731,,,,,
dataflow,ESTAT:CEI_PC030(1.0),Resource productivity,A,Annual,I00,"Index, 2000=100",LU,Luxembourg,2016,,129.95,,,,,
dataflow,ESTAT:CEI_PC030(1.0),Resource productivity,A,Annual,I00,"Index, 2000=100",LU,Luxembourg,2017,,124.263,,,,,
dataflow,ESTAT:CEI_PC030(1.0),Resource productivity,A,Annual,I00,"Index, 2000=100",LU,Luxembourg,2018,,133.333,,,,,
dataflow,ESTAT:CEI_PC030(1.0),Resource productivity,A,Annual,I00,"Index, 2000=100",LU,Luxembourg,2019,,135.514,,,,,
dataflow,ESTAT:CEI_PC030(1.0),Resource productivity,A,Annual,I00,"Index, 2000=100",LU,Luxembourg,2020,,130.884,,,,,
dataflow,ESTAT:CEI_PC030(1.0),Resource productivity,A,Annual,I00,"Index, 2000=100",LU,Luxembourg,2021,,129.228,,,,,
dataflow,ESTAT:CEI_PC030(1.0),Resource productivity,A,Annual,I00,"Index, 2000=100",LU,Luxembourg,2022,,138.188,,,,,
dataflow,ESTAT:CEI_PC030(1.0),Resource productivity,A,Annual,I00,"Index, 2000=100",LU,Luxembourg,2023,,145.318,,,,,
dataflow,ESTAT:CEI_PC030(1.0),Resource productivity,A,Annual,I00,"Index, 2000=100",LV,Latvia,2000,,100,,,,,
dataflow,ESTAT:CEI_PC030(1.0),Resource productivity,A,Annual,I00,"Index, 2000=100",LV,Latvia,2001,,101.905,,,,,
dataflow,ESTAT:CEI_PC030(1.0),Resource productivity,A,Annual,I00,"Index, 2000=100",LV,Latvia,2002,,98.455,,,,,
dataflow,ESTAT:CEI_PC030(1.0),Resource productivity,A,Annual,I00,"Index, 2000=100",LV,Latvia,2003,,97.907,,,,,
dataflow,ESTAT:CEI_PC030(1.0),Resource productivity,A,Annual,I00,"Index, 2000=100",LV,Latvia,2004,,93.702,,,,,
dataflow,ESTAT:CEI_PC030(1.0),Resource productivity,A,Annual,I00,"Index, 2000=100",LV,Latvia,2005,,90.21,,,,,
dataflow,ESTAT:CEI_PC030(1.0),Resource productivity,A,Annual,I00,"Index, 2000=100",LV,Latvia,2006,,89.529,,,,,
dataflow,ESTAT:CEI_PC030(1.0),Resource productivity,A,Annual,I00,"Index, 2000=100",LV,Latvia,2007,,84.532,,,,,
dataflow,ESTAT:CEI_PC030(1.0),Resource productivity,A,Annual,I00,"Index, 2000=100",LV,Latvia,2008,,91.398,,,,,
dataflow,ESTAT:CEI_PC030(1.0),Resource productivity,A,Annual,I00,"Index, 2000=100",LV,Latvia,2009,,132.205,,,,,
dataflow,ESTAT:CEI_PC030(1.0),Resource productivity,A,Annual,I00,"Index, 2000=100",LV,Latvia,2010,,110.486,,,,,
dataflow,ESTAT:CEI_PC030(1.0),Resource productivity,A,Annual,I00,"Index, 2000=100",LV,Latvia,2011,,98.038,,,,,
dataflow,ESTAT:CEI_PC030(1.0),Resource productivity,A,Annual,I00,"Index, 2000=100",LV,Latvia,2012,,104.453,,,,,
dataflow,ESTAT:CEI_PC030(1.0),Resource productivity,A,Annual,I00,"Index, 2000=100",LV,Latvia,2013,,98.633,,,,,
dataflow,ESTAT:CEI_PC030(1.0),Resource productivity,A,Annual,I00,"Index, 2000=100",LV,Latvia,2014,,105.191,,,,,
dataflow,ESTAT:CEI_PC030(1.0),Resource productivity,A,Annual,I00,"Index, 2000=100",LV,Latvia,2015,,102.177,,,,,
dataflow,ESTAT:CEI_PC030(1.0),Resource productivity,A,Annual,I00,"Index, 2000=100",LV,Latvia,2016,,116.558,,,,,
dataflow,ESTAT:CEI_PC030(1.0),Resource productivity,A,Annual,I00,"Index, 2000=100",LV,Latvia,2017,,107.594,,,,,
dataflow,ESTAT:CEI_PC030(1.0),Resource productivity,A,Annual,I00,"Index, 2000=100",LV,Latvia,2018,,102.694,,,,,
dataflow,ESTAT:CEI_PC030(1.0),Resource productivity,A,Annual,I00,"Index, 2000=100",LV,Latvia,2019,,103.093,,,,,
dataflow,ESTAT:CEI_PC030(1.0),Resource productivity,A,Annual,I00,"Index, 2000=100",LV,Latvia,2020,,99.107,,,,,
dataflow,ESTAT:CEI_PC030(1.0),Resource productivity,A,Annual,I00,"Index, 2000=100",LV,Latvia,2021,,98.108,,,,,
dataflow,ESTAT:CEI_PC030(1.0),Resource productivity,A,Annual,I00,"Index, 2000=100",LV,Latvia,2022,,100.403,,,,,
dataflow,ESTAT:CEI_PC030(1.0),Resource productivity,A,Annual,I00,"Index, 2000=100",LV,Latvia,2023,,95.439,,i,value imputed by Eurostat or other receiving agencies,,
dataflow,ESTAT:CEI_PC030(1.0),Resource productivity,A,Annual,I00,"Index, 2000=100",MT,Malta,2000,,100,,,,,
dataflow,ESTAT:CEI_PC030(1.0),Resource productivity,A,Annual,I00,"Index, 2000=100",MT,Malta,2001,,102.537,,,,,
dataflow,ESTAT:CEI_PC030(1.0),Resource productivity,A,Annual,I00,"Index, 2000=100",MT,Malta,2002,,109.259,,,,,
dataflow,ESTAT:CEI_PC030(1.0),Resource productivity,A,Annual,I00,"Index, 2000=100",MT,Malta,2003,,95.32,,,,,
dataflow,ESTAT:CEI_PC030(1.0),Resource productivity,A,Annual,I00,"Index, 2000=100",MT,Malta,2004,,94.13,,,,,
dataflow,ESTAT:CEI_PC030(1.0),Resource productivity,A,Annual,I00,"Index, 2000=100",MT,Malta,2005,,111.314,,,,,
dataflow,ESTAT:CEI_PC030(1.0),Resource productivity,A,Annual,I00,"Index, 2000=100",MT,Malta,2006,,93.429,,,,,
dataflow,ESTAT:CEI_PC030(1.0),Resource productivity,A,Annual,I00,"Index, 2000=100",MT,Malta,2007,,118.198,,,,,
dataflow,ESTAT:CEI_PC030(1.0),Resource productivity,A,Annual,I00,"Index, 2000=100",MT,Malta,2008,,137.497,,,,,
dataflow,ESTAT:CEI_PC030(1.0),Resource productivity,A,Annual,I00,"Index, 2000=100",MT,Malta,2009,,128.128,,,,,
dataflow,ESTAT:CEI_PC030(1.0),Resource productivity,A,Annual,I00,"Index, 2000=100",MT,Malta,2010,,156.183,,,,,
dataflow,ESTAT:CEI_PC030(1.0),Resource productivity,A,Annual,I00,"Index, 2000=100",MT,Malta,2011,,119.093,,,,,
dataflow,ESTAT:CEI_PC030(1.0),Resource productivity,A,Annual,I00,"Index, 2000=100",MT,Malta,2012,,108.868,,,,,
dataflow,ESTAT:CEI_PC030(1.0),Resource productivity,A,Annual,I00,"Index, 2000=100",MT,Malta,2013,,137.513,,,,,
dataflow,ESTAT:CEI_PC030(1.0),Resource productivity,A,Annual,I00,"Index, 2000=100",MT,Malta,2014,,106.837,,,,,
dataflow,ESTAT:CEI_PC030(1.0),Resource productivity,A,Annual,I00,"Index, 2000=100",MT,Malta,2015,,98.275,,,,,
dataflow,ESTAT:CEI_PC030(1.0),Resource productivity,A,Annual,I00,"Index, 2000=100",MT,Malta,2016,,100.934,,,,,
dataflow,ESTAT:CEI_PC030(1.0),Resource productivity,A,Annual,I00,"Index, 2000=100",MT,Malta,2017,,129.87,,,,,
dataflow,ESTAT:CEI_PC030(1.0),Resource productivity,A,Annual,I00,"Index, 2000=100",MT,Malta,2018,,118.193,,,,,
dataflow,ESTAT:CEI_PC030(1.0),Resource productivity,A,Annual,I00,"Index, 2000=100",MT,Malta,2019,,132.909,,,,,
dataflow,ESTAT:CEI_PC030(1.0),Resource productivity,A,Annual,I00,"Index, 2000=100",MT,Malta,2020,,110.943,,,,,
dataflow,ESTAT:CEI_PC030(1.0),Resource productivity,A,Annual,I00,"Index, 2000=100",MT,Malta,2021,,141.306,,,,,
dataflow,ESTAT:CEI_PC030(1.0),Resource productivity,A,Annual,I00,"Index, 2000=100",MT,Malta,2022,,165.206,,,,,
dataflow,ESTAT:CEI_PC030(1.0),Resource productivity,A,Annual,I00,"Index, 2000=100",MT,Malta,2023,,170.55,,i,value imputed by Eurostat or other receiving agencies,,
dataflow,ESTAT:CEI_PC030(1.0),Resource productivity,A,Annual,I00,"Index, 2000=100",NL,Netherlands,2000,,100,,,,,
dataflow,ESTAT:CEI_PC030(1.0),Resource productivity,A,Annual,I00,"Index, 2000=100",NL,Netherlands,2001,,103.045,,,,,
dataflow,ESTAT:CEI_PC030(1.0),Resource productivity,A,Annual,I00,"Index, 2000=100",NL,Netherlands,2002,,115.847,,,,,
dataflow,ESTAT:CEI_PC030(1.0),Resource productivity,A,Annual,I00,"Index, 2000=100",NL,Netherlands,2003,,118.983,,,,,
dataflow,ESTAT:CEI_PC030(1.0),Resource productivity,A,Annual,I00,"Index, 2000=100",NL,Netherlands,2004,,114.085,,,,,
dataflow,ESTAT:CEI_PC030(1.0),Resource productivity,A,Annual,I00,"Index, 2000=100",NL,Netherlands,2005,,118.663,,,,,
dataflow,ESTAT:CEI_PC030(1.0),Resource productivity,A,Annual,I00,"Index, 2000=100",NL,Netherlands,2006,,120.013,,,,,
dataflow,ESTAT:CEI_PC030(1.0),Resource productivity,A,Annual,I00,"Index, 2000=100",NL,Netherlands,2007,,119.284,,,,,
dataflow,ESTAT:CEI_PC030(1.0),Resource productivity,A,Annual,I00,"Index, 2000=100",NL,Netherlands,2008,,115.257,,,,,
dataflow,ESTAT:CEI_PC030(1.0),Resource productivity,A,Annual,I00,"Index, 2000=100",NL,Netherlands,2009,,118.735,,,,,
dataflow,ESTAT:CEI_PC030(1.0),Resource productivity,A,Annual,I00,"Index, 2000=100",NL,Netherlands,2010,,120.17,,,,,
dataflow,ESTAT:CEI_PC030(1.0),Resource productivity,A,Annual,I00,"Index, 2000=100",NL,Netherlands,2011,,123.054,,,,,
dataflow,ESTAT:CEI_PC030(1.0),Resource productivity,A,Annual,I00,"Index, 2000=100",NL,Netherlands,2012,,126.379,,,,,
dataflow,ESTAT:CEI_PC030(1.0),Resource productivity,A,Annual,I00,"Index, 2000=100",NL,Netherlands,2013,,132.75,,e,estimated,,
dataflow,ESTAT:CEI_PC030(1.0),Resource productivity,A,Annual,I00,"Index, 2000=100",NL,Netherlands,2014,,132.312,,,,,
dataflow,ESTAT:CEI_PC030(1.0),Resource productivity,A,Annual,I00,"Index, 2000=100",NL,Netherlands,2015,,132.104,,e,estimated,,
dataflow,ESTAT:CEI_PC030(1.0),Resource productivity,A,Annual,I00,"Index, 2000=100",NL,Netherlands,2016,,147.262,,,,,
dataflow,ESTAT:CEI_PC030(1.0),Resource productivity,A,Annual,I00,"Index, 2000=100",NL,Netherlands,2017,,136.571,,e,estimated,,
dataflow,ESTAT:CEI_PC030(1.0),Resource productivity,A,Annual,I00,"Index, 2000=100",NL,Netherlands,2018,,132.839,,,,,
dataflow,ESTAT:CEI_PC030(1.0),Resource productivity,A,Annual,I00,"Index, 2000=100",NL,Netherlands,2019,,139.725,,e,estimated,,
dataflow,ESTAT:CEI_PC030(1.0),Resource productivity,A,Annual,I00,"Index, 2000=100",NL,Netherlands,2020,,147.173,,,,,
dataflow,ESTAT:CEI_PC030(1.0),Resource productivity,A,Annual,I00,"Index, 2000=100",NL,Netherlands,2021,,164.472,,,,,
dataflow,ESTAT:CEI_PC030(1.0),Resource productivity,A,Annual,I00,"Index, 2000=100",NL,Netherlands,2022,,158.407,,,,,
dataflow,ESTAT:CEI_PC030(1.0),Resource productivity,A,Annual,I00,"Index, 2000=100",NL,Netherlands,2023,,185.183,,i,value imputed by Eurostat or other receiving agencies,,
dataflow,ESTAT:CEI_PC030(1.0),Resource productivity,A,Annual,I00,"Index, 2000=100",NO,Norway,2000,,100,,,,,
dataflow,ESTAT:CEI_PC030(1.0),Resource productivity,A,Annual,I00,"Index, 2000=100",NO,Norway,2001,,109.367,,i,value imputed by Eurostat or other receiving agencies,,
dataflow,ESTAT:CEI_PC030(1.0),Resource productivity,A,Annual,I00,"Index, 2000=100",NO,Norway,2002,,114.562,,i,value imputed by Eurostat or other receiving agencies,,
dataflow,ESTAT:CEI_PC030(1.0),Resource productivity,A,Annual,I00,"Index, 2000=100",NO,Norway,2003,,106.278,,i,value imputed by Eurostat or other receiving agencies,,
dataflow,ESTAT:CEI_PC030(1.0),Resource productivity,A,Annual,I00,"Index, 2000=100",NO,Norway,2004,,102.159,,i,value imputed by Eurostat or other receiving agencies,,
dataflow,ESTAT:CEI_PC030(1.0),Resource productivity,A,Annual,I00,"Index, 2000=100",NO,Norway,2005,,101.155,,i,value imputed by Eurostat or other receiving agencies,,
dataflow,ESTAT:CEI_PC030(1.0),Resource productivity,A,Annual,I00,"Index, 2000=100",NO,Norway,2006,,80.911,,i,value imputed by Eurostat or other receiving agencies,,
dataflow,ESTAT:CEI_PC030(1.0),Resource productivity,A,Annual,I00,"Index, 2000=100",NO,Norway,2007,,83.473,,i,value imputed by Eurostat or other receiving agencies,,
dataflow,ESTAT:CEI_PC030(1.0),Resource productivity,A,Annual,I00,"Index, 2000=100",NO,Norway,2008,,70.888,,i,value imputed by Eurostat or other receiving agencies,,
dataflow,ESTAT:CEI_PC030(1.0),Resource productivity,A,Annual,I00,"Index, 2000=100",NO,Norway,2009,,75.069,,i,value imputed by Eurostat or other receiving agencies,,
dataflow,ESTAT:CEI_PC030(1.0),Resource productivity,A,Annual,I00,"Index, 2000=100",NO,Norway,2010,,71.463,,i,value imputed by Eurostat or other receiving agencies,,
dataflow,ESTAT:CEI_PC030(1.0),Resource productivity,A,Annual,I00,"Index, 2000=100",NO,Norway,2011,,70.811,,i,value imputed by Eurostat or other receiving agencies,,
dataflow,ESTAT:CEI_PC030(1.0),Resource productivity,A,Annual,I00,"Index, 2000=100",NO,Norway,2012,,68.547,,i,value imputed by Eurostat or other receiving agencies,,
dataflow,ESTAT:CEI_PC030(1.0),Resource productivity,A,Annual,I00,"Index, 2000=100",NO,Norway,2013,,69.092,,i,value imputed by Eurostat or other receiving agencies,,
dataflow,ESTAT:CEI_PC030(1.0),Resource productivity,A,Annual,I00,"Index, 2000=100",NO,Norway,2014,,72.379,,i,value imputed by Eurostat or other receiving agencies,,
dataflow,ESTAT:CEI_PC030(1.0),Resource productivity,A,Annual,I00,"Index, 2000=100",NO,Norway,2015,,63.56,,i,value imputed by Eurostat or other receiving agencies,,
dataflow,ESTAT:CEI_PC030(1.0),Resource productivity,A,Annual,I00,"Index, 2000=100",NO,Norway,2016,,78.143,,i,value imputed by Eurostat or other receiving agencies,,
dataflow,ESTAT:CEI_PC030(1.0),Resource productivity,A,Annual,I00,"Index, 2000=100",NO,Norway,2017,,81.454,,i,value imputed by Eurostat or other receiving agencies,,
dataflow,ESTAT:CEI_PC030(1.0),Resource productivity,A,Annual,I00,"Index, 2000=100",NO,Norway,2018,,74.299,,i,value imputed by Eurostat or other receiving agencies,,
dataflow,ESTAT:CEI_PC030(1.0),Resource productivity,A,Annual,I00,"Index, 2000=100",NO,Norway,2019,,75.461,,i,value imputed by Eurostat or other receiving agencies,,
dataflow,ESTAT:CEI_PC030(1.0),Resource productivity,A,Annual,I00,"Index, 2000=100",NO,Norway,2020,,80.993,,i,value imputed by Eurostat or other receiving agencies,,
dataflow,ESTAT:CEI_PC030(1.0),Resource productivity,A,Annual,I00,"Index, 2000=100",NO,Norway,2021,,89.784,,i,value imputed by Eurostat or other receiving agencies,,
dataflow,ESTAT:CEI_PC030(1.0),Resource productivity,A,Annual,I00,"Index, 2000=100",NO,Norway,2022,,90.985,,i,value imputed by Eurostat or other receiving agencies,,
dataflow,ESTAT:CEI_PC030(1.0),Resource productivity,A,Annual,I00,"Index, 2000=100",PL,Poland,2000,,100,,,,,
dataflow,ESTAT:CEI_PC030(1.0),Resource productivity,A,Annual,I00,"Index, 2000=100",PL,Poland,2001,,105.926,,,,,
dataflow,ESTAT:CEI_PC030(1.0),Resource productivity,A,Annual,I00,"Index, 2000=100",PL,Poland,2002,,111.11,,,,,
dataflow,ESTAT:CEI_PC030(1.0),Resource productivity,A,Annual,I00,"Index, 2000=100",PL,Poland,2003,,112.726,,,,,
dataflow,ESTAT:CEI_PC030(1.0),Resource productivity,A,Annual,I00,"Index, 2000=100",PL,Poland,2004,,111.639,,,,,
dataflow,ESTAT:CEI_PC030(1.0),Resource productivity,A,Annual,I00,"Index, 2000=100",PL,Poland,2005,,113.73,,,,,
dataflow,ESTAT:CEI_PC030(1.0),Resource productivity,A,Annual,I00,"Index, 2000=100",PL,Poland,2006,,117.699,,,,,
dataflow,ESTAT:CEI_PC030(1.0),Resource productivity,A,Annual,I00,"Index, 2000=100",PL,Poland,2007,,113.706,,,,,
dataflow,ESTAT:CEI_PC030(1.0),Resource productivity,A,Annual,I00,"Index, 2000=100",PL,Poland,2008,,115.183,,,,,
dataflow,ESTAT:CEI_PC030(1.0),Resource productivity,A,Annual,I00,"Index, 2000=100",PL,Poland,2009,,123.609,,,,,
dataflow,ESTAT:CEI_PC030(1.0),Resource productivity,A,Annual,I00,"Index, 2000=100",PL,Poland,2010,,121.11,,,,,
dataflow,ESTAT:CEI_PC030(1.0),Resource productivity,A,Annual,I00,"Index, 2000=100",PL,Poland,2011,,102.703,,,,,
dataflow,ESTAT:CEI_PC030(1.0),Resource productivity,A,Annual,I00,"Index, 2000=100",PL,Poland,2012,,121.603,,,,,
dataflow,ESTAT:CEI_PC030(1.0),Resource productivity,A,Annual,I00,"Index, 2000=100",PL,Poland,2013,,128.605,,,,,
dataflow,ESTAT:CEI_PC030(1.0),Resource productivity,A,Annual,I00,"Index, 2000=100",PL,Poland,2014,,134.756,,,,,
dataflow,ESTAT:CEI_PC030(1.0),Resource productivity,A,Annual,I00,"Index, 2000=100",PL,Poland,2015,,141.712,,,,,
dataflow,ESTAT:CEI_PC030(1.0),Resource productivity,A,Annual,I00,"Index, 2000=100",PL,Poland,2016,,142.082,,,,,
dataflow,ESTAT:CEI_PC030(1.0),Resource productivity,A,Annual,I00,"Index, 2000=100",PL,Poland,2017,,140.339,,,,,
dataflow,ESTAT:CEI_PC030(1.0),Resource productivity,A,Annual,I00,"Index, 2000=100",PL,Poland,2018,,144.92,,,,,
dataflow,ESTAT:CEI_PC030(1.0),Resource productivity,A,Annual,I00,"Index, 2000=100",PL,Poland,2019,,159.033,,,,,
dataflow,ESTAT:CEI_PC030(1.0),Resource productivity,A,Annual,I00,"Index, 2000=100",PL,Poland,2020,,157.742,,,,,
dataflow,ESTAT:CEI_PC030(1.0),Resource productivity,A,Annual,I00,"Index, 2000=100",PL,Poland,2021,,164.828,,,,,
dataflow,ESTAT:CEI_PC030(1.0),Resource productivity,A,Annual,I00,"Index, 2000=100",PL,Poland,2022,,174.333,,,,,
dataflow,ESTAT:CEI_PC030(1.0),Resource productivity,A,Annual,I00,"Index, 2000=100",PL,Poland,2023,,177.976,,i,value imputed by Eurostat or other receiving agencies,,
dataflow,ESTAT:CEI_PC030(1.0),Resource productivity,A,Annual,I00,"Index, 2000=100",PT,Portugal,2000,,100,,,,,
dataflow,ESTAT:CEI_PC030(1.0),Resource productivity,A,Annual,I00,"Index, 2000=100",PT,Portugal,2001,,97.286,,,,,
dataflow,ESTAT:CEI_PC030(1.0),Resource productivity,A,Annual,I00,"Index, 2000=100",PT,Portugal,2002,,101.046,,,,,
dataflow,ESTAT:CEI_PC030(1.0),Resource productivity,A,Annual,I00,"Index, 2000=100",PT,Portugal,2003,,113.418,,,,,
dataflow,ESTAT:CEI_PC030(1.0),Resource productivity,A,Annual,I00,"Index, 2000=100",PT,Portugal,2004,,106.305,,,,,
dataflow,ESTAT:CEI_PC030(1.0),Resource productivity,A,Annual,I00,"Index, 2000=100",PT,Portugal,2005,,107.613,,,,,
dataflow,ESTAT:CEI_PC030(1.0),Resource productivity,A,Annual,I00,"Index, 2000=100",PT,Portugal,2006,,96.404,,,,,
dataflow,ESTAT:CEI_PC030(1.0),Resource productivity,A,Annual,I00,"Index, 2000=100",PT,Portugal,2007,,95.199,,,,,
dataflow,ESTAT:CEI_PC030(1.0),Resource productivity,A,Annual,I00,"Index, 2000=100",PT,Portugal,2008,,91.367,,,,,
dataflow,ESTAT:CEI_PC030(1.0),Resource productivity,A,Annual,I00,"Index, 2000=100",PT,Portugal,2009,,98.08,,,,,
dataflow,ESTAT:CEI_PC030(1.0),Resource productivity,A,Annual,I00,"Index, 2000=100",PT,Portugal,2010,,107.141,,,,,
dataflow,ESTAT:CEI_PC030(1.0),Resource productivity,A,Annual,I00,"Index, 2000=100",PT,Portugal,2011,,113.687,,,,,
dataflow,ESTAT:CEI_PC030(1.0),Resource productivity,A,Annual,I00,"Index, 2000=100",PT,Portugal,2012,,118.912,,,,,
dataflow,ESTAT:CEI_PC030(1.0),Resource productivity,A,Annual,I00,"Index, 2000=100",PT,Portugal,2013,,138.513,,,,,
dataflow,ESTAT:CEI_PC030(1.0),Resource productivity,A,Annual,I00,"Index, 2000=100",PT,Portugal,2014,,126.915,,,,,
dataflow,ESTAT:CEI_PC030(1.0),Resource productivity,A,Annual,I00,"Index, 2000=100",PT,Portugal,2015,,128.844,,,,,
dataflow,ESTAT:CEI_PC030(1.0),Resource productivity,A,Annual,I00,"Index, 2000=100",PT,Portugal,2016,,137.527,,,,,
dataflow,ESTAT:CEI_PC030(1.0),Resource productivity,A,Annual,I00,"Index, 2000=100",PT,Portugal,2017,,129.863,,,,,
dataflow,ESTAT:CEI_PC030(1.0),Resource productivity,A,Annual,I00,"Index, 2000=100",PT,Portugal,2018,,134.164,,,,,
dataflow,ESTAT:CEI_PC030(1.0),Resource productivity,A,Annual,I00,"Index, 2000=100",PT,Portugal,2019,,136.312,,,,,
dataflow,ESTAT:CEI_PC030(1.0),Resource productivity,A,Annual,I00,"Index, 2000=100",PT,Portugal,2020,,139.126,,,,,
dataflow,ESTAT:CEI_PC030(1.0),Resource productivity,A,Annual,I00,"Index, 2000=100",PT,Portugal,2021,,124.156,,,,,
dataflow,ESTAT:CEI_PC030(1.0),Resource productivity,A,Annual,I00,"Index, 2000=100",PT,Portugal,2022,,148.121,,,,,
dataflow,ESTAT:CEI_PC030(1.0),Resource productivity,A,Annual,I00,"Index, 2000=100",PT,Portugal,2023,,147.431,,i,value imputed by Eurostat or other receiving agencies,,
dataflow,ESTAT:CEI_PC030(1.0),Resource productivity,A,Annual,I00,"Index, 2000=100",RO,Romania,2000,,100,,,,,
dataflow,ESTAT:CEI_PC030(1.0),Resource productivity,A,Annual,I00,"Index, 2000=100",RO,Romania,2001,,66,,,,,
dataflow,ESTAT:CEI_PC030(1.0),Resource productivity,A,Annual,I00,"Index, 2000=100",RO,Romania,2002,,72.986,,,,,
dataflow,ESTAT:CEI_PC030(1.0),Resource productivity,A,Annual,I00,"Index, 2000=100",RO,Romania,2003,,68.577,,,,,
dataflow,ESTAT:CEI_PC030(1.0),Resource productivity,A,Annual,I00,"Index, 2000=100",RO,Romania,2004,,70.243,,,,,
dataflow,ESTAT:CEI_PC030(1.0),Resource productivity,A,Annual,I00,"Index, 2000=100",RO,Romania,2005,,67.299,,,,,
dataflow,ESTAT:CEI_PC030(1.0),Resource productivity,A,Annual,I00,"Index, 2000=100",RO,Romania,2006,,67.651,,,,,
dataflow,ESTAT:CEI_PC030(1.0),Resource productivity,A,Annual,I00,"Index, 2000=100",RO,Romania,2007,,60.847,,,,,
dataflow,ESTAT:CEI_PC030(1.0),Resource productivity,A,Annual,I00,"Index, 2000=100",RO,Romania,2008,,62.536,,,,,
dataflow,ESTAT:CEI_PC030(1.0),Resource productivity,A,Annual,I00,"Index, 2000=100",RO,Romania,2009,,76.093,,i,value imputed by Eurostat or other receiving agencies,,
dataflow,ESTAT:CEI_PC030(1.0),Resource productivity,A,Annual,I00,"Index, 2000=100",RO,Romania,2010,,93.819,,i,value imputed by Eurostat or other receiving agencies,,
dataflow,ESTAT:CEI_PC030(1.0),Resource productivity,A,Annual,I00,"Index, 2000=100",RO,Romania,2011,,70.692,,i,value imputed by Eurostat or other receiving agencies,,
dataflow,ESTAT:CEI_PC030(1.0),Resource productivity,A,Annual,I00,"Index, 2000=100",RO,Romania,2012,,76.475,,i,value imputed by Eurostat or other receiving agencies,,
dataflow,ESTAT:CEI_PC030(1.0),Resource productivity,A,Annual,I00,"Index, 2000=100",RO,Romania,2013,,76.997,,i,value imputed by Eurostat or other receiving agencies,,
dataflow,ESTAT:CEI_PC030(1.0),Resource productivity,A,Annual,I00,"Index, 2000=100",RO,Romania,2014,,77.101,,i,value imputed by Eurostat or other receiving agencies,,
dataflow,ESTAT:CEI_PC030(1.0),Resource productivity,A,Annual,I00,"Index, 2000=100",RO,Romania,2015,,66.638,,i,value imputed by Eurostat or other receiving agencies,,
dataflow,ESTAT:CEI_PC030(1.0),Resource productivity,A,Annual,I00,"Index, 2000=100",RO,Romania,2016,,67.717,,i,value imputed by Eurostat or other receiving agencies,,
dataflow,ESTAT:CEI_PC030(1.0),Resource productivity,A,Annual,I00,"Index, 2000=100",RO,Romania,2017,,79.233,,i,value imputed by Eurostat or other receiving agencies,,
dataflow,ESTAT:CEI_PC030(1.0),Resource productivity,A,Annual,I00,"Index, 2000=100",RO,Romania,2018,,77.973,,i,value imputed by Eurostat or other receiving agencies,,
dataflow,ESTAT:CEI_PC030(1.0),Resource productivity,A,Annual,I00,"Index, 2000=100",RO,Romania,2019,,68.001,,i,value imputed by Eurostat or other receiving agencies,,
dataflow,ESTAT:CEI_PC030(1.0),Resource productivity,A,Annual,I00,"Index, 2000=100",RO,Romania,2020,,63.657,,,,,
dataflow,ESTAT:CEI_PC030(1.0),Resource productivity,A,Annual,I00,"Index, 2000=100",RO,Romania,2021,,65.701,,,,,
dataflow,ESTAT:CEI_PC030(1.0),Resource productivity,A,Annual,I00,"Index, 2000=100",RO,Romania,2022,,69.192,,,,,
dataflow,ESTAT:CEI_PC030(1.0),Resource productivity,A,Annual,I00,"Index, 2000=100",RO,Romania,2023,,63.888,,i,value imputed by Eurostat or other receiving agencies,,
dataflow,ESTAT:CEI_PC030(1.0),Resource productivity,A,Annual,I00,"Index, 2000=100",SE,Sweden,2000,,100,,,,,
dataflow,ESTAT:CEI_PC030(1.0),Resource productivity,A,Annual,I00,"Index, 2000=100",SE,Sweden,2001,,103.027,,,,,
dataflow,ESTAT:CEI_PC030(1.0),Resource productivity,A,Annual,I00,"Index, 2000=100",SE,Sweden,2002,,103.455,,,,,
dataflow,ESTAT:CEI_PC030(1.0),Resource productivity,A,Annual,I00,"Index, 2000=100",SE,Sweden,2003,,104.417,,,,,
dataflow,ESTAT:CEI_PC030(1.0),Resource productivity,A,Annual,I00,"Index, 2000=100",SE,Sweden,2004,,105.4,,,,,
dataflow,ESTAT:CEI_PC030(1.0),Resource productivity,A,Annual,I00,"Index, 2000=100",SE,Sweden,2005,,99.872,,,,,
dataflow,ESTAT:CEI_PC030(1.0),Resource productivity,A,Annual,I00,"Index, 2000=100",SE,Sweden,2006,,111.559,,,,,
dataflow,ESTAT:CEI_PC030(1.0),Resource productivity,A,Annual,I00,"Index, 2000=100",SE,Sweden,2007,,104.883,,,,,
dataflow,ESTAT:CEI_PC030(1.0),Resource productivity,A,Annual,I00,"Index, 2000=100",SE,Sweden,2008,,104.537,,,,,
dataflow,ESTAT:CEI_PC030(1.0),Resource productivity,A,Annual,I00,"Index, 2000=100",SE,Sweden,2009,,115.212,,,,,
dataflow,ESTAT:CEI_PC030(1.0),Resource productivity,A,Annual,I00,"Index, 2000=100",SE,Sweden,2010,,107.22,,,,,
dataflow,ESTAT:CEI_PC030(1.0),Resource productivity,A,Annual,I00,"Index, 2000=100",SE,Sweden,2011,,104.936,,,,,
dataflow,ESTAT:CEI_PC030(1.0),Resource productivity,A,Annual,I00,"Index, 2000=100",SE,Sweden,2012,,104.93,,,,,
dataflow,ESTAT:CEI_PC030(1.0),Resource productivity,A,Annual,I00,"Index, 2000=100",SE,Sweden,2013,,103.124,,,,,
dataflow,ESTAT:CEI_PC030(1.0),Resource productivity,A,Annual,I00,"Index, 2000=100",SE,Sweden,2014,,103.056,,,,,
dataflow,ESTAT:CEI_PC030(1.0),Resource productivity,A,Annual,I00,"Index, 2000=100",SE,Sweden,2015,,108.764,,,,,
dataflow,ESTAT:CEI_PC030(1.0),Resource productivity,A,Annual,I00,"Index, 2000=100",SE,Sweden,2016,,108.911,,,,,
dataflow,ESTAT:CEI_PC030(1.0),Resource productivity,A,Annual,I00,"Index, 2000=100",SE,Sweden,2017,,105.208,,,,,
dataflow,ESTAT:CEI_PC030(1.0),Resource productivity,A,Annual,I00,"Index, 2000=100",SE,Sweden,2018,,103.571,,,,,
dataflow,ESTAT:CEI_PC030(1.0),Resource productivity,A,Annual,I00,"Index, 2000=100",SE,Sweden,2019,,101.187,,,,,
dataflow,ESTAT:CEI_PC030(1.0),Resource productivity,A,Annual,I00,"Index, 2000=100",SE,Sweden,2020,,103.712,,,,,
dataflow,ESTAT:CEI_PC030(1.0),Resource productivity,A,Annual,I00,"Index, 2000=100",SE,Sweden,2021,,107.139,,,,,
dataflow,ESTAT:CEI_PC030(1.0),Resource productivity,A,Annual,I00,"Index, 2000=100",SE,Sweden,2022,,109.539,,,,,
dataflow,ESTAT:CEI_PC030(1.0),Resource productivity,A,Annual,I00,"Index, 2000=100",SE,Sweden,2023,,118.216,,i,value imputed by Eurostat or other receiving agencies,,
dataflow,ESTAT:CEI_PC030(1.0),Resource productivity,A,Annual,I00,"Index, 2000=100",SI,Slovenia,2000,,100,,,,,
dataflow,ESTAT:CEI_PC030(1.0),Resource productivity,A,Annual,I00,"Index, 2000=100",SI,Slovenia,2001,,105.004,,,,,
dataflow,ESTAT:CEI_PC030(1.0),Resource productivity,A,Annual,I00,"Index, 2000=100",SI,Slovenia,2002,,104.749,,,,,
dataflow,ESTAT:CEI_PC030(1.0),Resource productivity,A,Annual,I00,"Index, 2000=100",SI,Slovenia,2003,,99.695,,,,,
dataflow,ESTAT:CEI_PC030(1.0),Resource productivity,A,Annual,I00,"Index, 2000=100",SI,Slovenia,2004,,102.933,,,,,
dataflow,ESTAT:CEI_PC030(1.0),Resource productivity,A,Annual,I00,"Index, 2000=100",SI,Slovenia,2005,,110.203,,,,,
dataflow,ESTAT:CEI_PC030(1.0),Resource productivity,A,Annual,I00,"Index, 2000=100",SI,Slovenia,2006,,99.892,,,,,
dataflow,ESTAT:CEI_PC030(1.0),Resource productivity,A,Annual,I00,"Index, 2000=100",SI,Slovenia,2007,,96.526,,,,,
dataflow,ESTAT:CEI_PC030(1.0),Resource productivity,A,Annual,I00,"Index, 2000=100",SI,Slovenia,2008,,113.552,,,,,
dataflow,ESTAT:CEI_PC030(1.0),Resource productivity,A,Annual,I00,"Index, 2000=100",SI,Slovenia,2009,,127.026,,,,,
dataflow,ESTAT:CEI_PC030(1.0),Resource productivity,A,Annual,I00,"Index, 2000=100",SI,Slovenia,2010,,136.201,,,,,
dataflow,ESTAT:CEI_PC030(1.0),Resource productivity,A,Annual,I00,"Index, 2000=100",SI,Slovenia,2011,,152.564,,,,,
dataflow,ESTAT:CEI_PC030(1.0),Resource productivity,A,Annual,I00,"Index, 2000=100",SI,Slovenia,2012,,171.03,,,,,
dataflow,ESTAT:CEI_PC030(1.0),Resource productivity,A,Annual,I00,"Index, 2000=100",SI,Slovenia,2013,,172.606,,,,,
dataflow,ESTAT:CEI_PC030(1.0),Resource productivity,A,Annual,I00,"Index, 2000=100",SI,Slovenia,2014,,164.917,,,,,
dataflow,ESTAT:CEI_PC030(1.0),Resource productivity,A,Annual,I00,"Index, 2000=100",SI,Slovenia,2015,,166.137,,,,,
dataflow,ESTAT:CEI_PC030(1.0),Resource productivity,A,Annual,I00,"Index, 2000=100",SI,Slovenia,2016,,177.616,,,,,
dataflow,ESTAT:CEI_PC030(1.0),Resource productivity,A,Annual,I00,"Index, 2000=100",SI,Slovenia,2017,,182.177,,,,,
dataflow,ESTAT:CEI_PC030(1.0),Resource productivity,A,Annual,I00,"Index, 2000=100",SI,Slovenia,2018,,172.602,,,,,
dataflow,ESTAT:CEI_PC030(1.0),Resource productivity,A,Annual,I00,"Index, 2000=100",SI,Slovenia,2019,,188.708,,,,,
dataflow,ESTAT:CEI_PC030(1.0),Resource productivity,A,Annual,I00,"Index, 2000=100",SI,Slovenia,2020,,185.592,,,,,
dataflow,ESTAT:CEI_PC030(1.0),Resource productivity,A,Annual,I00,"Index, 2000=100",SI,Slovenia,2021,,185.744,,,,,
dataflow,ESTAT:CEI_PC030(1.0),Resource productivity,A,Annual,I00,"Index, 2000=100",SI,Slovenia,2022,,182.906,,,,,
dataflow,ESTAT:CEI_PC030(1.0),Resource productivity,A,Annual,I00,"Index, 2000=100",SI,Slovenia,2023,,162.122,,i,value imputed by Eurostat or other receiving agencies,,
dataflow,ESTAT:CEI_PC030(1.0),Resource productivity,A,Annual,I00,"Index, 2000=100",SK,Slovakia,2000,,100,,,,,
dataflow,ESTAT:CEI_PC030(1.0),Resource productivity,A,Annual,I00,"Index, 2000=100",SK,Slovakia,2001,,96.741,,,,,
dataflow,ESTAT:CEI_PC030(1.0),Resource productivity,A,Annual,I00,"Index, 2000=100",SK,Slovakia,2002,,96.873,,,,,
dataflow,ESTAT:CEI_PC030(1.0),Resource productivity,A,Annual,I00,"Index, 2000=100",SK,Slovakia,2003,,104.76,,,,,
dataflow,ESTAT:CEI_PC030(1.0),Resource productivity,A,Annual,I00,"Index, 2000=100",SK,Slovakia,2004,,95.852,,,,,
dataflow,ESTAT:CEI_PC030(1.0),Resource productivity,A,Annual,I00,"Index, 2000=100",SK,Slovakia,2005,,92.497,,,,,
dataflow,ESTAT:CEI_PC030(1.0),Resource productivity,A,Annual,I00,"Index, 2000=100",SK,Slovakia,2006,,101.276,,,,,
dataflow,ESTAT:CEI_PC030(1.0),Resource productivity,A,Annual,I00,"Index, 2000=100",SK,Slovakia,2007,,109.731,,,,,
dataflow,ESTAT:CEI_PC030(1.0),Resource productivity,A,Annual,I00,"Index, 2000=100",SK,Slovakia,2008,,103.774,,,,,
dataflow,ESTAT:CEI_PC030(1.0),Resource productivity,A,Annual,I00,"Index, 2000=100",SK,Slovakia,2009,,113.812,,,,,
dataflow,ESTAT:CEI_PC030(1.0),Resource productivity,A,Annual,I00,"Index, 2000=100",SK,Slovakia,2010,,123.79,,,,,
dataflow,ESTAT:CEI_PC030(1.0),Resource productivity,A,Annual,I00,"Index, 2000=100",SK,Slovakia,2011,,125.545,,,,,
dataflow,ESTAT:CEI_PC030(1.0),Resource productivity,A,Annual,I00,"Index, 2000=100",SK,Slovakia,2012,,144.096,,,,,
dataflow,ESTAT:CEI_PC030(1.0),Resource productivity,A,Annual,I00,"Index, 2000=100",SK,Slovakia,2013,,150.594,,,,,
dataflow,ESTAT:CEI_PC030(1.0),Resource productivity,A,Annual,I00,"Index, 2000=100",SK,Slovakia,2014,,140.633,,,,,
dataflow,ESTAT:CEI_PC030(1.0),Resource productivity,A,Annual,I00,"Index, 2000=100",SK,Slovakia,2015,,148.354,,,,,
dataflow,ESTAT:CEI_PC030(1.0),Resource productivity,A,Annual,I00,"Index, 2000=100",SK,Slovakia,2016,,152.092,,,,,
dataflow,ESTAT:CEI_PC030(1.0),Resource productivity,A,Annual,I00,"Index, 2000=100",SK,Slovakia,2017,,151.556,,,,,
dataflow,ESTAT:CEI_PC030(1.0),Resource productivity,A,Annual,I00,"Index, 2000=100",SK,Slovakia,2018,,149.097,,,,,
dataflow,ESTAT:CEI_PC030(1.0),Resource productivity,A,Annual,I00,"Index, 2000=100",SK,Slovakia,2019,,167.807,,,,,
dataflow,ESTAT:CEI_PC030(1.0),Resource productivity,A,Annual,I00,"Index, 2000=100",SK,Slovakia,2020,,167.681,,,,,
dataflow,ESTAT:CEI_PC030(1.0),Resource productivity,A,Annual,I00,"Index, 2000=100",SK,Slovakia,2021,,173.618,,,,,
dataflow,ESTAT:CEI_PC030(1.0),Resource productivity,A,Annual,I00,"Index, 2000=100",SK,Slovakia,2022,,188.78,,,,,
dataflow,ESTAT:CEI_PC030(1.0),Resource productivity,A,Annual,I00,"Index, 2000=100",SK,Slovakia,2023,,191.63,,i,value imputed by Eurostat or other receiving agencies,,
dataflow,ESTAT:CEI_PC030(1.0),Resource productivity,A,Annual,I00,"Index, 2000=100",TR,Trkiye,2000,,100,,,,,
dataflow,ESTAT:CEI_PC030(1.0),Resource productivity,A,Annual,I00,"Index, 2000=100",TR,Trkiye,2001,,112.973,,,,,
dataflow,ESTAT:CEI_PC030(1.0),Resource productivity,A,Annual,I00,"Index, 2000=100",TR,Trkiye,2002,,116.567,,,,,
dataflow,ESTAT:CEI_PC030(1.0),Resource productivity,A,Annual,I00,"Index, 2000=100",TR,Trkiye,2003,,118.599,,,,,
dataflow,ESTAT:CEI_PC030(1.0),Resource productivity,A,Annual,I00,"Index, 2000=100",TR,Trkiye,2004,,124.396,,,,,
dataflow,ESTAT:CEI_PC030(1.0),Resource productivity,A,Annual,I00,"Index, 2000=100",TR,Trkiye,2005,,114.819,,,,,
dataflow,ESTAT:CEI_PC030(1.0),Resource productivity,A,Annual,I00,"Index, 2000=100",TR,Trkiye,2006,,107.435,,,,,
dataflow,ESTAT:CEI_PC030(1.0),Resource productivity,A,Annual,I00,"Index, 2000=100",TR,Trkiye,2007,,110.588,,,,,
dataflow,ESTAT:CEI_PC030(1.0),Resource productivity,A,Annual,I00,"Index, 2000=100",TR,Trkiye,2008,,112.284,,,,,
dataflow,ESTAT:CEI_PC030(1.0),Resource productivity,A,Annual,I00,"Index, 2000=100",TR,Trkiye,2009,,109.627,,,,,
dataflow,ESTAT:CEI_PC030(1.0),Resource productivity,A,Annual,I00,"Index, 2000=100",TR,Trkiye,2010,,99.1,,,,,
dataflow,ESTAT:CEI_PC030(1.0),Resource productivity,A,Annual,I00,"Index, 2000=100",TR,Trkiye,2011,,104.191,,,,,
dataflow,ESTAT:CEI_PC030(1.0),Resource productivity,A,Annual,I00,"Index, 2000=100",TR,Trkiye,2012,,122.212,,,,,
dataflow,ESTAT:CEI_PC030(1.0),Resource productivity,A,Annual,I00,"Index, 2000=100",TR,Trkiye,2013,,131.764,,,,,
dataflow,ESTAT:CEI_PC030(1.0),Resource productivity,A,Annual,I00,"Index, 2000=100",TR,Trkiye,2014,,133.105,,,,,
dataflow,ESTAT:CEI_PC030(1.0),Resource productivity,A,Annual,I00,"Index, 2000=100",TR,Trkiye,2015,,130.951,,,,,
dataflow,ESTAT:CEI_PC030(1.0),Resource productivity,A,Annual,I00,"Index, 2000=100",TR,Trkiye,2016,,132.981,,,,,
dataflow,ESTAT:CEI_PC030(1.0),Resource productivity,A,Annual,I00,"Index, 2000=100",TR,Trkiye,2017,,135.92,,,,,
dataflow,ESTAT:CEI_PC030(1.0),Resource productivity,A,Annual,I00,"Index, 2000=100",TR,Trkiye,2018,,152.189,,,,,
dataflow,ESTAT:CEI_PC030(1.0),Resource productivity,A,Annual,I00,"Index, 2000=100",TR,Trkiye,2019,,172.545,,,,,
dataflow,ESTAT:CEI_PC030(1.0),Resource productivity,A,Annual,I00,"Index, 2000=100",TR,Trkiye,2020,,162.61,,,,,
dataflow,ESTAT:CEI_PC030(1.0),Resource productivity,A,Annual,I00,"Index, 2000=100",TR,Trkiye,2021,,177.627,,,,,
dataflow,ESTAT:CEI_PC030(1.0),Resource productivity,A,Annual,I00,"Index, 2000=100",TR,Trkiye,2022,,184.368,,,,,
