STRUCTURE,STRUCTURE_ID,STRUCTURE_NAME,freq,Time frequency,unit,Unit of measure,hazard,Hazard class,nace_r2,Statistical classification of economic activities in the European Community (NACE Rev. 2),waste,Waste categories,geo,Geopolitical entity (reporting),TIME_PERIOD,Time,OBS_VALUE,Observation value,OBS_FLAG,Observation status (Flag) V2 structure,CONF_STATUS,Confidentiality status (flag)
dataflow,ESTAT:CEI_PC034(1.0),Waste generation per capita,A,Annual,KG_HAB,Kilograms per capita,HAZ_NHAZ,Hazardous and non-hazardous - total,TOTAL_HH,All NACE activities plus households,TOTAL,Total waste,AL,Albania,2022,,245,,d,definition differs (see metadata),,
dataflow,ESTAT:CEI_PC034(1.0),Waste generation per capita,A,Annual,KG_HAB,Kilograms per capita,HAZ_NHAZ,Hazardous and non-hazardous - total,TOTAL_HH,All NACE activities plus households,TOTAL,Total waste,AT,Austria,2004,,6488,,,,,
dataflow,ESTAT:CEI_PC034(1.0),Waste generation per capita,A,Annual,KG_HAB,Kilograms per capita,HAZ_NHAZ,Hazardous and non-hazardous - total,TOTAL_HH,All NACE activities plus households,TOTAL,Total waste,AT,Austria,2006,,6565,,,,,
dataflow,ESTAT:CEI_PC034(1.0),Waste generation per capita,A,Annual,KG_HAB,Kilograms per capita,HAZ_NHAZ,Hazardous and non-hazardous - total,TOTAL_HH,All NACE activities plus households,TOTAL,Total waste,AT,Austria,2008,,6767,,,,,
dataflow,ESTAT:CEI_PC034(1.0),Waste generation per capita,A,Annual,KG_HAB,Kilograms per capita,HAZ_NHAZ,Hazardous and non-hazardous - total,TOTAL_HH,All NACE activities plus households,TOTAL,Total waste,AT,Austria,2010,,5596,,,,,
dataflow,ESTAT:CEI_PC034(1.0),Waste generation per capita,A,Annual,KG_HAB,Kilograms per capita,HAZ_NHAZ,Hazardous and non-hazardous - total,TOTAL_HH,All NACE activities plus households,TOTAL,Total waste,AT,Austria,2012,,5699,,,,,
dataflow,ESTAT:CEI_PC034(1.0),Waste generation per capita,A,Annual,KG_HAB,Kilograms per capita,HAZ_NHAZ,Hazardous and non-hazardous - total,TOTAL_HH,All NACE activities plus households,TOTAL,Total waste,AT,Austria,2014,,6537,,,,,
dataflow,ESTAT:CEI_PC034(1.0),Waste generation per capita,A,Annual,KG_HAB,Kilograms per capita,HAZ_NHAZ,Hazardous and non-hazardous - total,TOTAL_HH,All NACE activities plus households,TOTAL,Total waste,AT,Austria,2016,,7008,,,,,
dataflow,ESTAT:CEI_PC034(1.0),Waste generation per capita,A,Annual,KG_HAB,Kilograms per capita,HAZ_NHAZ,Hazardous and non-hazardous - total,TOTAL_HH,All NACE activities plus households,TOTAL,Total waste,AT,Austria,2018,,7428,,,,,
dataflow,ESTAT:CEI_PC034(1.0),Waste generation per capita,A,Annual,KG_HAB,Kilograms per capita,HAZ_NHAZ,Hazardous and non-hazardous - total,TOTAL_HH,All NACE activities plus households,TOTAL,Total waste,AT,Austria,2020,,7728,,,,,
dataflow,ESTAT:CEI_PC034(1.0),Waste generation per capita,A,Annual,KG_HAB,Kilograms per capita,HAZ_NHAZ,Hazardous and non-hazardous - total,TOTAL_HH,All NACE activities plus households,TOTAL,Total waste,AT,Austria,2022,,8079,,,,,
dataflow,ESTAT:CEI_PC034(1.0),Waste generation per capita,A,Annual,KG_HAB,Kilograms per capita,HAZ_NHAZ,Hazardous and non-hazardous - total,TOTAL_HH,All NACE activities plus households,TOTAL,Total waste,BA,Bosnia and Herzegovina,2012,,1161,,,,,
dataflow,ESTAT:CEI_PC034(1.0),Waste generation per capita,A,Annual,KG_HAB,Kilograms per capita,HAZ_NHAZ,Hazardous and non-hazardous - total,TOTAL_HH,All NACE activities plus households,TOTAL,Total waste,BA,Bosnia and Herzegovina,2014,,1447,,,,,
dataflow,ESTAT:CEI_PC034(1.0),Waste generation per capita,A,Annual,KG_HAB,Kilograms per capita,HAZ_NHAZ,Hazardous and non-hazardous - total,TOTAL_HH,All NACE activities plus households,TOTAL,Total waste,BA,Bosnia and Herzegovina,2016,,1744,,,,,
dataflow,ESTAT:CEI_PC034(1.0),Waste generation per capita,A,Annual,KG_HAB,Kilograms per capita,HAZ_NHAZ,Hazardous and non-hazardous - total,TOTAL_HH,All NACE activities plus households,TOTAL,Total waste,BA,Bosnia and Herzegovina,2018,,1930,,,,,
dataflow,ESTAT:CEI_PC034(1.0),Waste generation per capita,A,Annual,KG_HAB,Kilograms per capita,HAZ_NHAZ,Hazardous and non-hazardous - total,TOTAL_HH,All NACE activities plus households,TOTAL,Total waste,BA,Bosnia and Herzegovina,2022,,1797,,,,,
dataflow,ESTAT:CEI_PC034(1.0),Waste generation per capita,A,Annual,KG_HAB,Kilograms per capita,HAZ_NHAZ,Hazardous and non-hazardous - total,TOTAL_HH,All NACE activities plus households,TOTAL,Total waste,BE,Belgium,2004,,5068,,,,,
dataflow,ESTAT:CEI_PC034(1.0),Waste generation per capita,A,Annual,KG_HAB,Kilograms per capita,HAZ_NHAZ,Hazardous and non-hazardous - total,TOTAL_HH,All NACE activities plus households,TOTAL,Total waste,BE,Belgium,2006,,5627,,e,estimated,,
dataflow,ESTAT:CEI_PC034(1.0),Waste generation per capita,A,Annual,KG_HAB,Kilograms per capita,HAZ_NHAZ,Hazardous and non-hazardous - total,TOTAL_HH,All NACE activities plus households,TOTAL,Total waste,BE,Belgium,2008,,4540,,,,,
dataflow,ESTAT:CEI_PC034(1.0),Waste generation per capita,A,Annual,KG_HAB,Kilograms per capita,HAZ_NHAZ,Hazardous and non-hazardous - total,TOTAL_HH,All NACE activities plus households,TOTAL,Total waste,BE,Belgium,2010,,5630,,,,,
dataflow,ESTAT:CEI_PC034(1.0),Waste generation per capita,A,Annual,KG_HAB,Kilograms per capita,HAZ_NHAZ,Hazardous and non-hazardous - total,TOTAL_HH,All NACE activities plus households,TOTAL,Total waste,BE,Belgium,2012,,4847,,,,,
dataflow,ESTAT:CEI_PC034(1.0),Waste generation per capita,A,Annual,KG_HAB,Kilograms per capita,HAZ_NHAZ,Hazardous and non-hazardous - total,TOTAL_HH,All NACE activities plus households,TOTAL,Total waste,BE,Belgium,2014,,5171,,,,,
dataflow,ESTAT:CEI_PC034(1.0),Waste generation per capita,A,Annual,KG_HAB,Kilograms per capita,HAZ_NHAZ,Hazardous and non-hazardous - total,TOTAL_HH,All NACE activities plus households,TOTAL,Total waste,BE,Belgium,2016,,5573,,,,,
dataflow,ESTAT:CEI_PC034(1.0),Waste generation per capita,A,Annual,KG_HAB,Kilograms per capita,HAZ_NHAZ,Hazardous and non-hazardous - total,TOTAL_HH,All NACE activities plus households,TOTAL,Total waste,BE,Belgium,2018,,5967,,,,,
dataflow,ESTAT:CEI_PC034(1.0),Waste generation per capita,A,Annual,KG_HAB,Kilograms per capita,HAZ_NHAZ,Hazardous and non-hazardous - total,TOTAL_HH,All NACE activities plus households,TOTAL,Total waste,BE,Belgium,2020,,5899,,,,,
dataflow,ESTAT:CEI_PC034(1.0),Waste generation per capita,A,Annual,KG_HAB,Kilograms per capita,HAZ_NHAZ,Hazardous and non-hazardous - total,TOTAL_HH,All NACE activities plus households,TOTAL,Total waste,BE,Belgium,2022,,5363,,,,,
dataflow,ESTAT:CEI_PC034(1.0),Waste generation per capita,A,Annual,KG_HAB,Kilograms per capita,HAZ_NHAZ,Hazardous and non-hazardous - total,TOTAL_HH,All NACE activities plus households,TOTAL,Total waste,BG,Bulgaria,2004,,26050,,,,,
dataflow,ESTAT:CEI_PC034(1.0),Waste generation per capita,A,Annual,KG_HAB,Kilograms per capita,HAZ_NHAZ,Hazardous and non-hazardous - total,TOTAL_HH,All NACE activities plus households,TOTAL,Total waste,BG,Bulgaria,2006,,21429,,,,,
dataflow,ESTAT:CEI_PC034(1.0),Waste generation per capita,A,Annual,KG_HAB,Kilograms per capita,HAZ_NHAZ,Hazardous and non-hazardous - total,TOTAL_HH,All NACE activities plus households,TOTAL,Total waste,BG,Bulgaria,2008,,22375,,,,,
dataflow,ESTAT:CEI_PC034(1.0),Waste generation per capita,A,Annual,KG_HAB,Kilograms per capita,HAZ_NHAZ,Hazardous and non-hazardous - total,TOTAL_HH,All NACE activities plus households,TOTAL,Total waste,BG,Bulgaria,2010,,22635,,,,,
dataflow,ESTAT:CEI_PC034(1.0),Waste generation per capita,A,Annual,KG_HAB,Kilograms per capita,HAZ_NHAZ,Hazardous and non-hazardous - total,TOTAL_HH,All NACE activities plus households,TOTAL,Total waste,BG,Bulgaria,2012,,22072,,,,,
dataflow,ESTAT:CEI_PC034(1.0),Waste generation per capita,A,Annual,KG_HAB,Kilograms per capita,HAZ_NHAZ,Hazardous and non-hazardous - total,TOTAL_HH,All NACE activities plus households,TOTAL,Total waste,BG,Bulgaria,2014,,24872,,,,,
dataflow,ESTAT:CEI_PC034(1.0),Waste generation per capita,A,Annual,KG_HAB,Kilograms per capita,HAZ_NHAZ,Hazardous and non-hazardous - total,TOTAL_HH,All NACE activities plus households,TOTAL,Total waste,BG,Bulgaria,2016,,16907,,,,,
dataflow,ESTAT:CEI_PC034(1.0),Waste generation per capita,A,Annual,KG_HAB,Kilograms per capita,HAZ_NHAZ,Hazardous and non-hazardous - total,TOTAL_HH,All NACE activities plus households,TOTAL,Total waste,BG,Bulgaria,2018,,18470,,,,,
dataflow,ESTAT:CEI_PC034(1.0),Waste generation per capita,A,Annual,KG_HAB,Kilograms per capita,HAZ_NHAZ,Hazardous and non-hazardous - total,TOTAL_HH,All NACE activities plus households,TOTAL,Total waste,BG,Bulgaria,2020,,16785,,,,,
dataflow,ESTAT:CEI_PC034(1.0),Waste generation per capita,A,Annual,KG_HAB,Kilograms per capita,HAZ_NHAZ,Hazardous and non-hazardous - total,TOTAL_HH,All NACE activities plus households,TOTAL,Total waste,BG,Bulgaria,2022,,14603,,,,,
dataflow,ESTAT:CEI_PC034(1.0),Waste generation per capita,A,Annual,KG_HAB,Kilograms per capita,HAZ_NHAZ,Hazardous and non-hazardous - total,TOTAL_HH,All NACE activities plus households,TOTAL,Total waste,CY,Cyprus,2004,,3079,,,,,
dataflow,ESTAT:CEI_PC034(1.0),Waste generation per capita,A,Annual,KG_HAB,Kilograms per capita,HAZ_NHAZ,Hazardous and non-hazardous - total,TOTAL_HH,All NACE activities plus households,TOTAL,Total waste,CY,Cyprus,2006,,1663,,,,,
dataflow,ESTAT:CEI_PC034(1.0),Waste generation per capita,A,Annual,KG_HAB,Kilograms per capita,HAZ_NHAZ,Hazardous and non-hazardous - total,TOTAL_HH,All NACE activities plus households,TOTAL,Total waste,CY,Cyprus,2008,,2343,,,,,
dataflow,ESTAT:CEI_PC034(1.0),Waste generation per capita,A,Annual,KG_HAB,Kilograms per capita,HAZ_NHAZ,Hazardous and non-hazardous - total,TOTAL_HH,All NACE activities plus households,TOTAL,Total waste,CY,Cyprus,2010,,2861,,,,,
dataflow,ESTAT:CEI_PC034(1.0),Waste generation per capita,A,Annual,KG_HAB,Kilograms per capita,HAZ_NHAZ,Hazardous and non-hazardous - total,TOTAL_HH,All NACE activities plus households,TOTAL,Total waste,CY,Cyprus,2012,,2171,,,,,
dataflow,ESTAT:CEI_PC034(1.0),Waste generation per capita,A,Annual,KG_HAB,Kilograms per capita,HAZ_NHAZ,Hazardous and non-hazardous - total,TOTAL_HH,All NACE activities plus households,TOTAL,Total waste,CY,Cyprus,2014,,2321,,,,,
dataflow,ESTAT:CEI_PC034(1.0),Waste generation per capita,A,Annual,KG_HAB,Kilograms per capita,HAZ_NHAZ,Hazardous and non-hazardous - total,TOTAL_HH,All NACE activities plus households,TOTAL,Total waste,CY,Cyprus,2016,,2897,,,,,
dataflow,ESTAT:CEI_PC034(1.0),Waste generation per capita,A,Annual,KG_HAB,Kilograms per capita,HAZ_NHAZ,Hazardous and non-hazardous - total,TOTAL_HH,All NACE activities plus households,TOTAL,Total waste,CY,Cyprus,2018,,2646,,,,,
dataflow,ESTAT:CEI_PC034(1.0),Waste generation per capita,A,Annual,KG_HAB,Kilograms per capita,HAZ_NHAZ,Hazardous and non-hazardous - total,TOTAL_HH,All NACE activities plus households,TOTAL,Total waste,CY,Cyprus,2020,,2491,,,,,
dataflow,ESTAT:CEI_PC034(1.0),Waste generation per capita,A,Annual,KG_HAB,Kilograms per capita,HAZ_NHAZ,Hazardous and non-hazardous - total,TOTAL_HH,All NACE activities plus households,TOTAL,Total waste,CY,Cyprus,2022,,3294,,,,,
dataflow,ESTAT:CEI_PC034(1.0),Waste generation per capita,A,Annual,KG_HAB,Kilograms per capita,HAZ_NHAZ,Hazardous and non-hazardous - total,TOTAL_HH,All NACE activities plus households,TOTAL,Total waste,CZ,Czechia,2004,,2871,,,,,
dataflow,ESTAT:CEI_PC034(1.0),Waste generation per capita,A,Annual,KG_HAB,Kilograms per capita,HAZ_NHAZ,Hazardous and non-hazardous - total,TOTAL_HH,All NACE activities plus households,TOTAL,Total waste,CZ,Czechia,2006,,2417,,,,,
dataflow,ESTAT:CEI_PC034(1.0),Waste generation per capita,A,Annual,KG_HAB,Kilograms per capita,HAZ_NHAZ,Hazardous and non-hazardous - total,TOTAL_HH,All NACE activities plus households,TOTAL,Total waste,CZ,Czechia,2008,,2448,,,,,
dataflow,ESTAT:CEI_PC034(1.0),Waste generation per capita,A,Annual,KG_HAB,Kilograms per capita,HAZ_NHAZ,Hazardous and non-hazardous - total,TOTAL_HH,All NACE activities plus households,TOTAL,Total waste,CZ,Czechia,2010,,2268,,,,,
dataflow,ESTAT:CEI_PC034(1.0),Waste generation per capita,A,Annual,KG_HAB,Kilograms per capita,HAZ_NHAZ,Hazardous and non-hazardous - total,TOTAL_HH,All NACE activities plus households,TOTAL,Total waste,CZ,Czechia,2012,,2205,,,,,
dataflow,ESTAT:CEI_PC034(1.0),Waste generation per capita,A,Annual,KG_HAB,Kilograms per capita,HAZ_NHAZ,Hazardous and non-hazardous - total,TOTAL_HH,All NACE activities plus households,TOTAL,Total waste,CZ,Czechia,2014,,2223,,,,,
dataflow,ESTAT:CEI_PC034(1.0),Waste generation per capita,A,Annual,KG_HAB,Kilograms per capita,HAZ_NHAZ,Hazardous and non-hazardous - total,TOTAL_HH,All NACE activities plus households,TOTAL,Total waste,CZ,Czechia,2016,,2402,,,,,
dataflow,ESTAT:CEI_PC034(1.0),Waste generation per capita,A,Annual,KG_HAB,Kilograms per capita,HAZ_NHAZ,Hazardous and non-hazardous - total,TOTAL_HH,All NACE activities plus households,TOTAL,Total waste,CZ,Czechia,2018,,3560,,b,break in time series,,
dataflow,ESTAT:CEI_PC034(1.0),Waste generation per capita,A,Annual,KG_HAB,Kilograms per capita,HAZ_NHAZ,Hazardous and non-hazardous - total,TOTAL_HH,All NACE activities plus households,TOTAL,Total waste,CZ,Czechia,2020,,3598,,,,,
dataflow,ESTAT:CEI_PC034(1.0),Waste generation per capita,A,Annual,KG_HAB,Kilograms per capita,HAZ_NHAZ,Hazardous and non-hazardous - total,TOTAL_HH,All NACE activities plus households,TOTAL,Total waste,CZ,Czechia,2022,,3672,,,,,
dataflow,ESTAT:CEI_PC034(1.0),Waste generation per capita,A,Annual,KG_HAB,Kilograms per capita,HAZ_NHAZ,Hazardous and non-hazardous - total,TOTAL_HH,All NACE activities plus households,TOTAL,Total waste,DE,Germany,2004,,4412,,,,,
dataflow,ESTAT:CEI_PC034(1.0),Waste generation per capita,A,Annual,KG_HAB,Kilograms per capita,HAZ_NHAZ,Hazardous and non-hazardous - total,TOTAL_HH,All NACE activities plus households,TOTAL,Total waste,DE,Germany,2006,,4416,,,,,
dataflow,ESTAT:CEI_PC034(1.0),Waste generation per capita,A,Annual,KG_HAB,Kilograms per capita,HAZ_NHAZ,Hazardous and non-hazardous - total,TOTAL_HH,All NACE activities plus households,TOTAL,Total waste,DE,Germany,2008,,4540,,,,,
dataflow,ESTAT:CEI_PC034(1.0),Waste generation per capita,A,Annual,KG_HAB,Kilograms per capita,HAZ_NHAZ,Hazardous and non-hazardous - total,TOTAL_HH,All NACE activities plus households,TOTAL,Total waste,DE,Germany,2010,,4446,,,,,
dataflow,ESTAT:CEI_PC034(1.0),Waste generation per capita,A,Annual,KG_HAB,Kilograms per capita,HAZ_NHAZ,Hazardous and non-hazardous - total,TOTAL_HH,All NACE activities plus households,TOTAL,Total waste,DE,Germany,2012,,4576,,,,,
dataflow,ESTAT:CEI_PC034(1.0),Waste generation per capita,A,Annual,KG_HAB,Kilograms per capita,HAZ_NHAZ,Hazardous and non-hazardous - total,TOTAL_HH,All NACE activities plus households,TOTAL,Total waste,DE,Germany,2014,,4785,,,,,
dataflow,ESTAT:CEI_PC034(1.0),Waste generation per capita,A,Annual,KG_HAB,Kilograms per capita,HAZ_NHAZ,Hazardous and non-hazardous - total,TOTAL_HH,All NACE activities plus households,TOTAL,Total waste,DE,Germany,2016,,4858,,,,,
dataflow,ESTAT:CEI_PC034(1.0),Waste generation per capita,A,Annual,KG_HAB,Kilograms per capita,HAZ_NHAZ,Hazardous and non-hazardous - total,TOTAL_HH,All NACE activities plus households,TOTAL,Total waste,DE,Germany,2018,,4891,,,,,
dataflow,ESTAT:CEI_PC034(1.0),Waste generation per capita,A,Annual,KG_HAB,Kilograms per capita,HAZ_NHAZ,Hazardous and non-hazardous - total,TOTAL_HH,All NACE activities plus households,TOTAL,Total waste,DE,Germany,2020,,4824,,,,,
dataflow,ESTAT:CEI_PC034(1.0),Waste generation per capita,A,Annual,KG_HAB,Kilograms per capita,HAZ_NHAZ,Hazardous and non-hazardous - total,TOTAL_HH,All NACE activities plus households,TOTAL,Total waste,DE,Germany,2022,,4604,,,,,
dataflow,ESTAT:CEI_PC034(1.0),Waste generation per capita,A,Annual,KG_HAB,Kilograms per capita,HAZ_NHAZ,Hazardous and non-hazardous - total,TOTAL_HH,All NACE activities plus households,TOTAL,Total waste,DK,Denmark,2004,,2329,,,,,
dataflow,ESTAT:CEI_PC034(1.0),Waste generation per capita,A,Annual,KG_HAB,Kilograms per capita,HAZ_NHAZ,Hazardous and non-hazardous - total,TOTAL_HH,All NACE activities plus households,TOTAL,Total waste,DK,Denmark,2006,,2704,,,,,
dataflow,ESTAT:CEI_PC034(1.0),Waste generation per capita,A,Annual,KG_HAB,Kilograms per capita,HAZ_NHAZ,Hazardous and non-hazardous - total,TOTAL_HH,All NACE activities plus households,TOTAL,Total waste,DK,Denmark,2008,,2759,,,,,
dataflow,ESTAT:CEI_PC034(1.0),Waste generation per capita,A,Annual,KG_HAB,Kilograms per capita,HAZ_NHAZ,Hazardous and non-hazardous - total,TOTAL_HH,All NACE activities plus households,TOTAL,Total waste,DK,Denmark,2010,,2923,,,,,
dataflow,ESTAT:CEI_PC034(1.0),Waste generation per capita,A,Annual,KG_HAB,Kilograms per capita,HAZ_NHAZ,Hazardous and non-hazardous - total,TOTAL_HH,All NACE activities plus households,TOTAL,Total waste,DK,Denmark,2012,,2989,,,,,
dataflow,ESTAT:CEI_PC034(1.0),Waste generation per capita,A,Annual,KG_HAB,Kilograms per capita,HAZ_NHAZ,Hazardous and non-hazardous - total,TOTAL_HH,All NACE activities plus households,TOTAL,Total waste,DK,Denmark,2014,,3687,,,,,
dataflow,ESTAT:CEI_PC034(1.0),Waste generation per capita,A,Annual,KG_HAB,Kilograms per capita,HAZ_NHAZ,Hazardous and non-hazardous - total,TOTAL_HH,All NACE activities plus households,TOTAL,Total waste,DK,Denmark,2016,,3663,,,,,
dataflow,ESTAT:CEI_PC034(1.0),Waste generation per capita,A,Annual,KG_HAB,Kilograms per capita,HAZ_NHAZ,Hazardous and non-hazardous - total,TOTAL_HH,All NACE activities plus households,TOTAL,Total waste,DK,Denmark,2018,,3702,,,,,
dataflow,ESTAT:CEI_PC034(1.0),Waste generation per capita,A,Annual,KG_HAB,Kilograms per capita,HAZ_NHAZ,Hazardous and non-hazardous - total,TOTAL_HH,All NACE activities plus households,TOTAL,Total waste,DK,Denmark,2020,,3453,,,,,
dataflow,ESTAT:CEI_PC034(1.0),Waste generation per capita,A,Annual,KG_HAB,Kilograms per capita,HAZ_NHAZ,Hazardous and non-hazardous - total,TOTAL_HH,All NACE activities plus households,TOTAL,Total waste,DK,Denmark,2022,,3333,,,,,
dataflow,ESTAT:CEI_PC034(1.0),Waste generation per capita,A,Annual,KG_HAB,Kilograms per capita,HAZ_NHAZ,Hazardous and non-hazardous - total,TOTAL_HH,All NACE activities plus households,TOTAL,Total waste,EE,Estonia,2004,,15310,,,,,
dataflow,ESTAT:CEI_PC034(1.0),Waste generation per capita,A,Annual,KG_HAB,Kilograms per capita,HAZ_NHAZ,Hazardous and non-hazardous - total,TOTAL_HH,All NACE activities plus households,TOTAL,Total waste,EE,Estonia,2006,,14058,,,,,
dataflow,ESTAT:CEI_PC034(1.0),Waste generation per capita,A,Annual,KG_HAB,Kilograms per capita,HAZ_NHAZ,Hazardous and non-hazardous - total,TOTAL_HH,All NACE activities plus households,TOTAL,Total waste,EE,Estonia,2008,,14647,,,,,
dataflow,ESTAT:CEI_PC034(1.0),Waste generation per capita,A,Annual,KG_HAB,Kilograms per capita,HAZ_NHAZ,Hazardous and non-hazardous - total,TOTAL_HH,All NACE activities plus households,TOTAL,Total waste,EE,Estonia,2010,,14270,,,,,
dataflow,ESTAT:CEI_PC034(1.0),Waste generation per capita,A,Annual,KG_HAB,Kilograms per capita,HAZ_NHAZ,Hazardous and non-hazardous - total,TOTAL_HH,All NACE activities plus households,TOTAL,Total waste,EE,Estonia,2012,,16627,,,,,
dataflow,ESTAT:CEI_PC034(1.0),Waste generation per capita,A,Annual,KG_HAB,Kilograms per capita,HAZ_NHAZ,Hazardous and non-hazardous - total,TOTAL_HH,All NACE activities plus households,TOTAL,Total waste,EE,Estonia,2014,,16587,,,,,
dataflow,ESTAT:CEI_PC034(1.0),Waste generation per capita,A,Annual,KG_HAB,Kilograms per capita,HAZ_NHAZ,Hazardous and non-hazardous - total,TOTAL_HH,All NACE activities plus households,TOTAL,Total waste,EE,Estonia,2016,,18451,,,,,
dataflow,ESTAT:CEI_PC034(1.0),Waste generation per capita,A,Annual,KG_HAB,Kilograms per capita,HAZ_NHAZ,Hazardous and non-hazardous - total,TOTAL_HH,All NACE activities plus households,TOTAL,Total waste,EE,Estonia,2018,,17539,,,,,
dataflow,ESTAT:CEI_PC034(1.0),Waste generation per capita,A,Annual,KG_HAB,Kilograms per capita,HAZ_NHAZ,Hazardous and non-hazardous - total,TOTAL_HH,All NACE activities plus households,TOTAL,Total waste,EE,Estonia,2020,,12163,,,,,
dataflow,ESTAT:CEI_PC034(1.0),Waste generation per capita,A,Annual,KG_HAB,Kilograms per capita,HAZ_NHAZ,Hazardous and non-hazardous - total,TOTAL_HH,All NACE activities plus households,TOTAL,Total waste,EE,Estonia,2022,,16752,,,,,
dataflow,ESTAT:CEI_PC034(1.0),Waste generation per capita,A,Annual,KG_HAB,Kilograms per capita,HAZ_NHAZ,Hazardous and non-hazardous - total,TOTAL_HH,All NACE activities plus households,TOTAL,Total waste,EL,Greece,2004,,3044,,,,,
dataflow,ESTAT:CEI_PC034(1.0),Waste generation per capita,A,Annual,KG_HAB,Kilograms per capita,HAZ_NHAZ,Hazardous and non-hazardous - total,TOTAL_HH,All NACE activities plus households,TOTAL,Total waste,EL,Greece,2006,,4657,,,,,
dataflow,ESTAT:CEI_PC034(1.0),Waste generation per capita,A,Annual,KG_HAB,Kilograms per capita,HAZ_NHAZ,Hazardous and non-hazardous - total,TOTAL_HH,All NACE activities plus households,TOTAL,Total waste,EL,Greece,2008,,6197,,,,,
dataflow,ESTAT:CEI_PC034(1.0),Waste generation per capita,A,Annual,KG_HAB,Kilograms per capita,HAZ_NHAZ,Hazardous and non-hazardous - total,TOTAL_HH,All NACE activities plus households,TOTAL,Total waste,EL,Greece,2010,,6333,,,,,
dataflow,ESTAT:CEI_PC034(1.0),Waste generation per capita,A,Annual,KG_HAB,Kilograms per capita,HAZ_NHAZ,Hazardous and non-hazardous - total,TOTAL_HH,All NACE activities plus households,TOTAL,Total waste,EL,Greece,2012,,6549,,,,,
dataflow,ESTAT:CEI_PC034(1.0),Waste generation per capita,A,Annual,KG_HAB,Kilograms per capita,HAZ_NHAZ,Hazardous and non-hazardous - total,TOTAL_HH,All NACE activities plus households,TOTAL,Total waste,EL,Greece,2014,,6404,,,,,
dataflow,ESTAT:CEI_PC034(1.0),Waste generation per capita,A,Annual,KG_HAB,Kilograms per capita,HAZ_NHAZ,Hazardous and non-hazardous - total,TOTAL_HH,All NACE activities plus households,TOTAL,Total waste,EL,Greece,2016,,6712,,,,,
dataflow,ESTAT:CEI_PC034(1.0),Waste generation per capita,A,Annual,KG_HAB,Kilograms per capita,HAZ_NHAZ,Hazardous and non-hazardous - total,TOTAL_HH,All NACE activities plus households,TOTAL,Total waste,EL,Greece,2018,,4215,,,,,
dataflow,ESTAT:CEI_PC034(1.0),Waste generation per capita,A,Annual,KG_HAB,Kilograms per capita,HAZ_NHAZ,Hazardous and non-hazardous - total,TOTAL_HH,All NACE activities plus households,TOTAL,Total waste,EL,Greece,2020,,2651,,,,,
dataflow,ESTAT:CEI_PC034(1.0),Waste generation per capita,A,Annual,KG_HAB,Kilograms per capita,HAZ_NHAZ,Hazardous and non-hazardous - total,TOTAL_HH,All NACE activities plus households,TOTAL,Total waste,EL,Greece,2022,,2858,,p,provisional,,
dataflow,ESTAT:CEI_PC034(1.0),Waste generation per capita,A,Annual,KG_HAB,Kilograms per capita,HAZ_NHAZ,Hazardous and non-hazardous - total,TOTAL_HH,All NACE activities plus households,TOTAL,Total waste,ES,Spain,2004,,3743,,,,,
dataflow,ESTAT:CEI_PC034(1.0),Waste generation per capita,A,Annual,KG_HAB,Kilograms per capita,HAZ_NHAZ,Hazardous and non-hazardous - total,TOTAL_HH,All NACE activities plus households,TOTAL,Total waste,ES,Spain,2006,,3625,,,,,
dataflow,ESTAT:CEI_PC034(1.0),Waste generation per capita,A,Annual,KG_HAB,Kilograms per capita,HAZ_NHAZ,Hazardous and non-hazardous - total,TOTAL_HH,All NACE activities plus households,TOTAL,Total waste,ES,Spain,2008,,3248,,,,,
dataflow,ESTAT:CEI_PC034(1.0),Waste generation per capita,A,Annual,KG_HAB,Kilograms per capita,HAZ_NHAZ,Hazardous and non-hazardous - total,TOTAL_HH,All NACE activities plus households,TOTAL,Total waste,ES,Spain,2010,,2953,,,,,
dataflow,ESTAT:CEI_PC034(1.0),Waste generation per capita,A,Annual,KG_HAB,Kilograms per capita,HAZ_NHAZ,Hazardous and non-hazardous - total,TOTAL_HH,All NACE activities plus households,TOTAL,Total waste,ES,Spain,2012,,2535,,,,,
dataflow,ESTAT:CEI_PC034(1.0),Waste generation per capita,A,Annual,KG_HAB,Kilograms per capita,HAZ_NHAZ,Hazardous and non-hazardous - total,TOTAL_HH,All NACE activities plus households,TOTAL,Total waste,ES,Spain,2014,,2378,,,,,
dataflow,ESTAT:CEI_PC034(1.0),Waste generation per capita,A,Annual,KG_HAB,Kilograms per capita,HAZ_NHAZ,Hazardous and non-hazardous - total,TOTAL_HH,All NACE activities plus households,TOTAL,Total waste,ES,Spain,2016,,2774,,,,,
dataflow,ESTAT:CEI_PC034(1.0),Waste generation per capita,A,Annual,KG_HAB,Kilograms per capita,HAZ_NHAZ,Hazardous and non-hazardous - total,TOTAL_HH,All NACE activities plus households,TOTAL,Total waste,ES,Spain,2018,,2945,,,,,
dataflow,ESTAT:CEI_PC034(1.0),Waste generation per capita,A,Annual,KG_HAB,Kilograms per capita,HAZ_NHAZ,Hazardous and non-hazardous - total,TOTAL_HH,All NACE activities plus households,TOTAL,Total waste,ES,Spain,2020,,2230,,,,,
dataflow,ESTAT:CEI_PC034(1.0),Waste generation per capita,A,Annual,KG_HAB,Kilograms per capita,HAZ_NHAZ,Hazardous and non-hazardous - total,TOTAL_HH,All NACE activities plus households,TOTAL,Total waste,ES,Spain,2022,,2480,,,,,
dataflow,ESTAT:CEI_PC034(1.0),Waste generation per capita,A,Annual,KG_HAB,Kilograms per capita,HAZ_NHAZ,Hazardous and non-hazardous - total,TOTAL_HH,All NACE activities plus households,TOTAL,Total waste,EU27_2020,European Union - 27 countries (from 2020),2004,,5186,,,,,
dataflow,ESTAT:CEI_PC034(1.0),Waste generation per capita,A,Annual,KG_HAB,Kilograms per capita,HAZ_NHAZ,Hazardous and non-hazardous - total,TOTAL_HH,All NACE activities plus households,TOTAL,Total waste,EU27_2020,European Union - 27 countries (from 2020),2006,,5214,,,,,
dataflow,ESTAT:CEI_PC034(1.0),Waste generation per capita,A,Annual,KG_HAB,Kilograms per capita,HAZ_NHAZ,Hazardous and non-hazardous - total,TOTAL_HH,All NACE activities plus households,TOTAL,Total waste,EU27_2020,European Union - 27 countries (from 2020),2008,,4881,,,,,
dataflow,ESTAT:CEI_PC034(1.0),Waste generation per capita,A,Annual,KG_HAB,Kilograms per capita,HAZ_NHAZ,Hazardous and non-hazardous - total,TOTAL_HH,All NACE activities plus households,TOTAL,Total waste,EU27_2020,European Union - 27 countries (from 2020),2010,,5017,,,,,
dataflow,ESTAT:CEI_PC034(1.0),Waste generation per capita,A,Annual,KG_HAB,Kilograms per capita,HAZ_NHAZ,Hazardous and non-hazardous - total,TOTAL_HH,All NACE activities plus households,TOTAL,Total waste,EU27_2020,European Union - 27 countries (from 2020),2012,,5086,,,,,
dataflow,ESTAT:CEI_PC034(1.0),Waste generation per capita,A,Annual,KG_HAB,Kilograms per capita,HAZ_NHAZ,Hazardous and non-hazardous - total,TOTAL_HH,All NACE activities plus households,TOTAL,Total waste,EU27_2020,European Union - 27 countries (from 2020),2014,,5062,,,,,
dataflow,ESTAT:CEI_PC034(1.0),Waste generation per capita,A,Annual,KG_HAB,Kilograms per capita,HAZ_NHAZ,Hazardous and non-hazardous - total,TOTAL_HH,All NACE activities plus households,TOTAL,Total waste,EU27_2020,European Union - 27 countries (from 2020),2016,,5074,,,,,
dataflow,ESTAT:CEI_PC034(1.0),Waste generation per capita,A,Annual,KG_HAB,Kilograms per capita,HAZ_NHAZ,Hazardous and non-hazardous - total,TOTAL_HH,All NACE activities plus households,TOTAL,Total waste,EU27_2020,European Union - 27 countries (from 2020),2018,,5235,,,,,
dataflow,ESTAT:CEI_PC034(1.0),Waste generation per capita,A,Annual,KG_HAB,Kilograms per capita,HAZ_NHAZ,Hazardous and non-hazardous - total,TOTAL_HH,All NACE activities plus households,TOTAL,Total waste,EU27_2020,European Union - 27 countries (from 2020),2020,,4817,,,,,
dataflow,ESTAT:CEI_PC034(1.0),Waste generation per capita,A,Annual,KG_HAB,Kilograms per capita,HAZ_NHAZ,Hazardous and non-hazardous - total,TOTAL_HH,All NACE activities plus households,TOTAL,Total waste,EU27_2020,European Union - 27 countries (from 2020),2022,,4991,,,,,
dataflow,ESTAT:CEI_PC034(1.0),Waste generation per capita,A,Annual,KG_HAB,Kilograms per capita,HAZ_NHAZ,Hazardous and non-hazardous - total,TOTAL_HH,All NACE activities plus households,TOTAL,Total waste,FI,Finland,2004,,13333,,,,,
dataflow,ESTAT:CEI_PC034(1.0),Waste generation per capita,A,Annual,KG_HAB,Kilograms per capita,HAZ_NHAZ,Hazardous and non-hazardous - total,TOTAL_HH,All NACE activities plus households,TOTAL,Total waste,FI,Finland,2006,,13711,,,,,
dataflow,ESTAT:CEI_PC034(1.0),Waste generation per capita,A,Annual,KG_HAB,Kilograms per capita,HAZ_NHAZ,Hazardous and non-hazardous - total,TOTAL_HH,All NACE activities plus households,TOTAL,Total waste,FI,Finland,2008,,15394,,,,,
dataflow,ESTAT:CEI_PC034(1.0),Waste generation per capita,A,Annual,KG_HAB,Kilograms per capita,HAZ_NHAZ,Hazardous and non-hazardous - total,TOTAL_HH,All NACE activities plus households,TOTAL,Total waste,FI,Finland,2010,,19454,,,,,
dataflow,ESTAT:CEI_PC034(1.0),Waste generation per capita,A,Annual,KG_HAB,Kilograms per capita,HAZ_NHAZ,Hazardous and non-hazardous - total,TOTAL_HH,All NACE activities plus households,TOTAL,Total waste,FI,Finland,2012,,16961,,,,,
dataflow,ESTAT:CEI_PC034(1.0),Waste generation per capita,A,Annual,KG_HAB,Kilograms per capita,HAZ_NHAZ,Hazardous and non-hazardous - total,TOTAL_HH,All NACE activities plus households,TOTAL,Total waste,FI,Finland,2014,,17572,,,,,
dataflow,ESTAT:CEI_PC034(1.0),Waste generation per capita,A,Annual,KG_HAB,Kilograms per capita,HAZ_NHAZ,Hazardous and non-hazardous - total,TOTAL_HH,All NACE activities plus households,TOTAL,Total waste,FI,Finland,2016,,22359,,,,,
dataflow,ESTAT:CEI_PC034(1.0),Waste generation per capita,A,Annual,KG_HAB,Kilograms per capita,HAZ_NHAZ,Hazardous and non-hazardous - total,TOTAL_HH,All NACE activities plus households,TOTAL,Total waste,FI,Finland,2018,,23253,,,,,
dataflow,ESTAT:CEI_PC034(1.0),Waste generation per capita,A,Annual,KG_HAB,Kilograms per capita,HAZ_NHAZ,Hazardous and non-hazardous - total,TOTAL_HH,All NACE activities plus households,TOTAL,Total waste,FI,Finland,2020,,20993,,,,,
dataflow,ESTAT:CEI_PC034(1.0),Waste generation per capita,A,Annual,KG_HAB,Kilograms per capita,HAZ_NHAZ,Hazardous and non-hazardous - total,TOTAL_HH,All NACE activities plus households,TOTAL,Total waste,FI,Finland,2022,,19950,,,,,
dataflow,ESTAT:CEI_PC034(1.0),Waste generation per capita,A,Annual,KG_HAB,Kilograms per capita,HAZ_NHAZ,Hazardous and non-hazardous - total,TOTAL_HH,All NACE activities plus households,TOTAL,Total waste,FR,France,2004,,4743,,i,value imputed by Eurostat or other receiving agencies,,
dataflow,ESTAT:CEI_PC034(1.0),Waste generation per capita,A,Annual,KG_HAB,Kilograms per capita,HAZ_NHAZ,Hazardous and non-hazardous - total,TOTAL_HH,All NACE activities plus households,TOTAL,Total waste,FR,France,2006,,4923,,i,value imputed by Eurostat or other receiving agencies,,
dataflow,ESTAT:CEI_PC034(1.0),Waste generation per capita,A,Annual,KG_HAB,Kilograms per capita,HAZ_NHAZ,Hazardous and non-hazardous - total,TOTAL_HH,All NACE activities plus households,TOTAL,Total waste,FR,France,2008,,5376,,,,,
dataflow,ESTAT:CEI_PC034(1.0),Waste generation per capita,A,Annual,KG_HAB,Kilograms per capita,HAZ_NHAZ,Hazardous and non-hazardous - total,TOTAL_HH,All NACE activities plus households,TOTAL,Total waste,FR,France,2010,,5478,,,,,
dataflow,ESTAT:CEI_PC034(1.0),Waste generation per capita,A,Annual,KG_HAB,Kilograms per capita,HAZ_NHAZ,Hazardous and non-hazardous - total,TOTAL_HH,All NACE activities plus households,TOTAL,Total waste,FR,France,2012,,5264,,,,,
dataflow,ESTAT:CEI_PC034(1.0),Waste generation per capita,A,Annual,KG_HAB,Kilograms per capita,HAZ_NHAZ,Hazardous and non-hazardous - total,TOTAL_HH,All NACE activities plus households,TOTAL,Total waste,FR,France,2014,,4893,,,,,
dataflow,ESTAT:CEI_PC034(1.0),Waste generation per capita,A,Annual,KG_HAB,Kilograms per capita,HAZ_NHAZ,Hazardous and non-hazardous - total,TOTAL_HH,All NACE activities plus households,TOTAL,Total waste,FR,France,2016,,4836,,,,,
dataflow,ESTAT:CEI_PC034(1.0),Waste generation per capita,A,Annual,KG_HAB,Kilograms per capita,HAZ_NHAZ,Hazardous and non-hazardous - total,TOTAL_HH,All NACE activities plus households,TOTAL,Total waste,FR,France,2018,,5112,,,,,
dataflow,ESTAT:CEI_PC034(1.0),Waste generation per capita,A,Annual,KG_HAB,Kilograms per capita,HAZ_NHAZ,Hazardous and non-hazardous - total,TOTAL_HH,All NACE activities plus households,TOTAL,Total waste,FR,France,2020,,4577,,,,,
dataflow,ESTAT:CEI_PC034(1.0),Waste generation per capita,A,Annual,KG_HAB,Kilograms per capita,HAZ_NHAZ,Hazardous and non-hazardous - total,TOTAL_HH,All NACE activities plus households,TOTAL,Total waste,FR,France,2022,,5076,,,,,
dataflow,ESTAT:CEI_PC034(1.0),Waste generation per capita,A,Annual,KG_HAB,Kilograms per capita,HAZ_NHAZ,Hazardous and non-hazardous - total,TOTAL_HH,All NACE activities plus households,TOTAL,Total waste,HR,Croatia,2004,,1673,,,,,
dataflow,ESTAT:CEI_PC034(1.0),Waste generation per capita,A,Annual,KG_HAB,Kilograms per capita,HAZ_NHAZ,Hazardous and non-hazardous - total,TOTAL_HH,All NACE activities plus households,TOTAL,Total waste,HR,Croatia,2006,,1258,,,,,
dataflow,ESTAT:CEI_PC034(1.0),Waste generation per capita,A,Annual,KG_HAB,Kilograms per capita,HAZ_NHAZ,Hazardous and non-hazardous - total,TOTAL_HH,All NACE activities plus households,TOTAL,Total waste,HR,Croatia,2008,,968,,,,,
dataflow,ESTAT:CEI_PC034(1.0),Waste generation per capita,A,Annual,KG_HAB,Kilograms per capita,HAZ_NHAZ,Hazardous and non-hazardous - total,TOTAL_HH,All NACE activities plus households,TOTAL,Total waste,HR,Croatia,2010,,735,,,,,
dataflow,ESTAT:CEI_PC034(1.0),Waste generation per capita,A,Annual,KG_HAB,Kilograms per capita,HAZ_NHAZ,Hazardous and non-hazardous - total,TOTAL_HH,All NACE activities plus households,TOTAL,Total waste,HR,Croatia,2012,,846,,,,,
dataflow,ESTAT:CEI_PC034(1.0),Waste generation per capita,A,Annual,KG_HAB,Kilograms per capita,HAZ_NHAZ,Hazardous and non-hazardous - total,TOTAL_HH,All NACE activities plus households,TOTAL,Total waste,HR,Croatia,2014,,879,,,,,
dataflow,ESTAT:CEI_PC034(1.0),Waste generation per capita,A,Annual,KG_HAB,Kilograms per capita,HAZ_NHAZ,Hazardous and non-hazardous - total,TOTAL_HH,All NACE activities plus households,TOTAL,Total waste,HR,Croatia,2016,,1286,,,,,
dataflow,ESTAT:CEI_PC034(1.0),Waste generation per capita,A,Annual,KG_HAB,Kilograms per capita,HAZ_NHAZ,Hazardous and non-hazardous - total,TOTAL_HH,All NACE activities plus households,TOTAL,Total waste,HR,Croatia,2018,,1355,,,,,
dataflow,ESTAT:CEI_PC034(1.0),Waste generation per capita,A,Annual,KG_HAB,Kilograms per capita,HAZ_NHAZ,Hazardous and non-hazardous - total,TOTAL_HH,All NACE activities plus households,TOTAL,Total waste,HR,Croatia,2020,,1483,,,,,
dataflow,ESTAT:CEI_PC034(1.0),Waste generation per capita,A,Annual,KG_HAB,Kilograms per capita,HAZ_NHAZ,Hazardous and non-hazardous - total,TOTAL_HH,All NACE activities plus households,TOTAL,Total waste,HR,Croatia,2022,,1838,,,,,
dataflow,ESTAT:CEI_PC034(1.0),Waste generation per capita,A,Annual,KG_HAB,Kilograms per capita,HAZ_NHAZ,Hazardous and non-hazardous - total,TOTAL_HH,All NACE activities plus households,TOTAL,Total waste,HU,Hungary,2004,,2440,,e,estimated,,
dataflow,ESTAT:CEI_PC034(1.0),Waste generation per capita,A,Annual,KG_HAB,Kilograms per capita,HAZ_NHAZ,Hazardous and non-hazardous - total,TOTAL_HH,All NACE activities plus households,TOTAL,Total waste,HU,Hungary,2006,,2213,,e,estimated,,
dataflow,ESTAT:CEI_PC034(1.0),Waste generation per capita,A,Annual,KG_HAB,Kilograms per capita,HAZ_NHAZ,Hazardous and non-hazardous - total,TOTAL_HH,All NACE activities plus households,TOTAL,Total waste,HU,Hungary,2008,,1688,,e,estimated,,
dataflow,ESTAT:CEI_PC034(1.0),Waste generation per capita,A,Annual,KG_HAB,Kilograms per capita,HAZ_NHAZ,Hazardous and non-hazardous - total,TOTAL_HH,All NACE activities plus households,TOTAL,Total waste,HU,Hungary,2010,,1674,,,,,
dataflow,ESTAT:CEI_PC034(1.0),Waste generation per capita,A,Annual,KG_HAB,Kilograms per capita,HAZ_NHAZ,Hazardous and non-hazardous - total,TOTAL_HH,All NACE activities plus households,TOTAL,Total waste,HU,Hungary,2012,,1644,,,,,
dataflow,ESTAT:CEI_PC034(1.0),Waste generation per capita,A,Annual,KG_HAB,Kilograms per capita,HAZ_NHAZ,Hazardous and non-hazardous - total,TOTAL_HH,All NACE activities plus households,TOTAL,Total waste,HU,Hungary,2014,,1688,,,,,
dataflow,ESTAT:CEI_PC034(1.0),Waste generation per capita,A,Annual,KG_HAB,Kilograms per capita,HAZ_NHAZ,Hazardous and non-hazardous - total,TOTAL_HH,All NACE activities plus households,TOTAL,Total waste,HU,Hungary,2016,,1624,,,,,
dataflow,ESTAT:CEI_PC034(1.0),Waste generation per capita,A,Annual,KG_HAB,Kilograms per capita,HAZ_NHAZ,Hazardous and non-hazardous - total,TOTAL_HH,All NACE activities plus households,TOTAL,Total waste,HU,Hungary,2018,,1879,,,,,
dataflow,ESTAT:CEI_PC034(1.0),Waste generation per capita,A,Annual,KG_HAB,Kilograms per capita,HAZ_NHAZ,Hazardous and non-hazardous - total,TOTAL_HH,All NACE activities plus households,TOTAL,Total waste,HU,Hungary,2020,,1759,,,,,
dataflow,ESTAT:CEI_PC034(1.0),Waste generation per capita,A,Annual,KG_HAB,Kilograms per capita,HAZ_NHAZ,Hazardous and non-hazardous - total,TOTAL_HH,All NACE activities plus households,TOTAL,Total waste,HU,Hungary,2022,,2838,,,,,
dataflow,ESTAT:CEI_PC034(1.0),Waste generation per capita,A,Annual,KG_HAB,Kilograms per capita,HAZ_NHAZ,Hazardous and non-hazardous - total,TOTAL_HH,All NACE activities plus households,TOTAL,Total waste,IE,Ireland,2004,,6019,,,,,
dataflow,ESTAT:CEI_PC034(1.0),Waste generation per capita,A,Annual,KG_HAB,Kilograms per capita,HAZ_NHAZ,Hazardous and non-hazardous - total,TOTAL_HH,All NACE activities plus households,TOTAL,Total waste,IE,Ireland,2006,,6926,,e,estimated,,
dataflow,ESTAT:CEI_PC034(1.0),Waste generation per capita,A,Annual,KG_HAB,Kilograms per capita,HAZ_NHAZ,Hazardous and non-hazardous - total,TOTAL_HH,All NACE activities plus households,TOTAL,Total waste,IE,Ireland,2008,,5288,,,,,
dataflow,ESTAT:CEI_PC034(1.0),Waste generation per capita,A,Annual,KG_HAB,Kilograms per capita,HAZ_NHAZ,Hazardous and non-hazardous - total,TOTAL_HH,All NACE activities plus households,TOTAL,Total waste,IE,Ireland,2010,,4344,,,,,
dataflow,ESTAT:CEI_PC034(1.0),Waste generation per capita,A,Annual,KG_HAB,Kilograms per capita,HAZ_NHAZ,Hazardous and non-hazardous - total,TOTAL_HH,All NACE activities plus households,TOTAL,Total waste,IE,Ireland,2012,,2764,,,,,
dataflow,ESTAT:CEI_PC034(1.0),Waste generation per capita,A,Annual,KG_HAB,Kilograms per capita,HAZ_NHAZ,Hazardous and non-hazardous - total,TOTAL_HH,All NACE activities plus households,TOTAL,Total waste,IE,Ireland,2014,,3256,,,,,
dataflow,ESTAT:CEI_PC034(1.0),Waste generation per capita,A,Annual,KG_HAB,Kilograms per capita,HAZ_NHAZ,Hazardous and non-hazardous - total,TOTAL_HH,All NACE activities plus households,TOTAL,Total waste,IE,Ireland,2016,,3207,,,,,
dataflow,ESTAT:CEI_PC034(1.0),Waste generation per capita,A,Annual,KG_HAB,Kilograms per capita,HAZ_NHAZ,Hazardous and non-hazardous - total,TOTAL_HH,All NACE activities plus households,TOTAL,Total waste,IE,Ireland,2018,,2874,,,,,
dataflow,ESTAT:CEI_PC034(1.0),Waste generation per capita,A,Annual,KG_HAB,Kilograms per capita,HAZ_NHAZ,Hazardous and non-hazardous - total,TOTAL_HH,All NACE activities plus households,TOTAL,Total waste,IE,Ireland,2020,,3248,,,,,
dataflow,ESTAT:CEI_PC034(1.0),Waste generation per capita,A,Annual,KG_HAB,Kilograms per capita,HAZ_NHAZ,Hazardous and non-hazardous - total,TOTAL_HH,All NACE activities plus households,TOTAL,Total waste,IE,Ireland,2022,,2971,,,,,
dataflow,ESTAT:CEI_PC034(1.0),Waste generation per capita,A,Annual,KG_HAB,Kilograms per capita,HAZ_NHAZ,Hazardous and non-hazardous - total,TOTAL_HH,All NACE activities plus households,TOTAL,Total waste,IS,Iceland,2004,,1717,,,,,
dataflow,ESTAT:CEI_PC034(1.0),Waste generation per capita,A,Annual,KG_HAB,Kilograms per capita,HAZ_NHAZ,Hazardous and non-hazardous - total,TOTAL_HH,All NACE activities plus households,TOTAL,Total waste,IS,Iceland,2008,,2434,,,,,
dataflow,ESTAT:CEI_PC034(1.0),Waste generation per capita,A,Annual,KG_HAB,Kilograms per capita,HAZ_NHAZ,Hazardous and non-hazardous - total,TOTAL_HH,All NACE activities plus households,TOTAL,Total waste,IS,Iceland,2010,,1607,,,,,
dataflow,ESTAT:CEI_PC034(1.0),Waste generation per capita,A,Annual,KG_HAB,Kilograms per capita,HAZ_NHAZ,Hazardous and non-hazardous - total,TOTAL_HH,All NACE activities plus households,TOTAL,Total waste,IS,Iceland,2012,,1651,,,,,
dataflow,ESTAT:CEI_PC034(1.0),Waste generation per capita,A,Annual,KG_HAB,Kilograms per capita,HAZ_NHAZ,Hazardous and non-hazardous - total,TOTAL_HH,All NACE activities plus households,TOTAL,Total waste,IS,Iceland,2014,,2490,,,,,
dataflow,ESTAT:CEI_PC034(1.0),Waste generation per capita,A,Annual,KG_HAB,Kilograms per capita,HAZ_NHAZ,Hazardous and non-hazardous - total,TOTAL_HH,All NACE activities plus households,TOTAL,Total waste,IS,Iceland,2016,,3182,,,,,
dataflow,ESTAT:CEI_PC034(1.0),Waste generation per capita,A,Annual,KG_HAB,Kilograms per capita,HAZ_NHAZ,Hazardous and non-hazardous - total,TOTAL_HH,All NACE activities plus households,TOTAL,Total waste,IS,Iceland,2018,,3667,,,,,
dataflow,ESTAT:CEI_PC034(1.0),Waste generation per capita,A,Annual,KG_HAB,Kilograms per capita,HAZ_NHAZ,Hazardous and non-hazardous - total,TOTAL_HH,All NACE activities plus households,TOTAL,Total waste,IS,Iceland,2020,,2895,,,,,
dataflow,ESTAT:CEI_PC034(1.0),Waste generation per capita,A,Annual,KG_HAB,Kilograms per capita,HAZ_NHAZ,Hazardous and non-hazardous - total,TOTAL_HH,All NACE activities plus households,TOTAL,Total waste,IT,Italy,2004,,2424,,,,,
dataflow,ESTAT:CEI_PC034(1.0),Waste generation per capita,A,Annual,KG_HAB,Kilograms per capita,HAZ_NHAZ,Hazardous and non-hazardous - total,TOTAL_HH,All NACE activities plus households,TOTAL,Total waste,IT,Italy,2006,,2666,,,,,
dataflow,ESTAT:CEI_PC034(1.0),Waste generation per capita,A,Annual,KG_HAB,Kilograms per capita,HAZ_NHAZ,Hazardous and non-hazardous - total,TOTAL_HH,All NACE activities plus households,TOTAL,Total waste,IT,Italy,2008,,3047,,,,,
dataflow,ESTAT:CEI_PC034(1.0),Waste generation per capita,A,Annual,KG_HAB,Kilograms per capita,HAZ_NHAZ,Hazardous and non-hazardous - total,TOTAL_HH,All NACE activities plus households,TOTAL,Total waste,IT,Italy,2010,,2676,,,,,
dataflow,ESTAT:CEI_PC034(1.0),Waste generation per capita,A,Annual,KG_HAB,Kilograms per capita,HAZ_NHAZ,Hazardous and non-hazardous - total,TOTAL_HH,All NACE activities plus households,TOTAL,Total waste,IT,Italy,2012,,2594,,,,,
dataflow,ESTAT:CEI_PC034(1.0),Waste generation per capita,A,Annual,KG_HAB,Kilograms per capita,HAZ_NHAZ,Hazardous and non-hazardous - total,TOTAL_HH,All NACE activities plus households,TOTAL,Total waste,IT,Italy,2014,,2597,,,,,
dataflow,ESTAT:CEI_PC034(1.0),Waste generation per capita,A,Annual,KG_HAB,Kilograms per capita,HAZ_NHAZ,Hazardous and non-hazardous - total,TOTAL_HH,All NACE activities plus households,TOTAL,Total waste,IT,Italy,2016,,2702,,,,,
dataflow,ESTAT:CEI_PC034(1.0),Waste generation per capita,A,Annual,KG_HAB,Kilograms per capita,HAZ_NHAZ,Hazardous and non-hazardous - total,TOTAL_HH,All NACE activities plus households,TOTAL,Total waste,IT,Italy,2018,,2855,,,,,
dataflow,ESTAT:CEI_PC034(1.0),Waste generation per capita,A,Annual,KG_HAB,Kilograms per capita,HAZ_NHAZ,Hazardous and non-hazardous - total,TOTAL_HH,All NACE activities plus households,TOTAL,Total waste,IT,Italy,2020,,2942,,,,,
dataflow,ESTAT:CEI_PC034(1.0),Waste generation per capita,A,Annual,KG_HAB,Kilograms per capita,HAZ_NHAZ,Hazardous and non-hazardous - total,TOTAL_HH,All NACE activities plus households,TOTAL,Total waste,IT,Italy,2022,,3212,,,,,
dataflow,ESTAT:CEI_PC034(1.0),Waste generation per capita,A,Annual,KG_HAB,Kilograms per capita,HAZ_NHAZ,Hazardous and non-hazardous - total,TOTAL_HH,All NACE activities plus households,TOTAL,Total waste,LI,Liechtenstein,2008,,10806,,,,,
dataflow,ESTAT:CEI_PC034(1.0),Waste generation per capita,A,Annual,KG_HAB,Kilograms per capita,HAZ_NHAZ,Hazardous and non-hazardous - total,TOTAL_HH,All NACE activities plus households,TOTAL,Total waste,LI,Liechtenstein,2010,,8666,,,,,
dataflow,ESTAT:CEI_PC034(1.0),Waste generation per capita,A,Annual,KG_HAB,Kilograms per capita,HAZ_NHAZ,Hazardous and non-hazardous - total,TOTAL_HH,All NACE activities plus households,TOTAL,Total waste,LI,Liechtenstein,2012,,12727,,,,,
dataflow,ESTAT:CEI_PC034(1.0),Waste generation per capita,A,Annual,KG_HAB,Kilograms per capita,HAZ_NHAZ,Hazardous and non-hazardous - total,TOTAL_HH,All NACE activities plus households,TOTAL,Total waste,LI,Liechtenstein,2014,,15278,,,,,
dataflow,ESTAT:CEI_PC034(1.0),Waste generation per capita,A,Annual,KG_HAB,Kilograms per capita,HAZ_NHAZ,Hazardous and non-hazardous - total,TOTAL_HH,All NACE activities plus households,TOTAL,Total waste,LI,Liechtenstein,2016,,13325,,,,,
dataflow,ESTAT:CEI_PC034(1.0),Waste generation per capita,A,Annual,KG_HAB,Kilograms per capita,HAZ_NHAZ,Hazardous and non-hazardous - total,TOTAL_HH,All NACE activities plus households,TOTAL,Total waste,LI,Liechtenstein,2018,,11448,,,,,
dataflow,ESTAT:CEI_PC034(1.0),Waste generation per capita,A,Annual,KG_HAB,Kilograms per capita,HAZ_NHAZ,Hazardous and non-hazardous - total,TOTAL_HH,All NACE activities plus households,TOTAL,Total waste,LI,Liechtenstein,2020,,13951,,,,,
dataflow,ESTAT:CEI_PC034(1.0),Waste generation per capita,A,Annual,KG_HAB,Kilograms per capita,HAZ_NHAZ,Hazardous and non-hazardous - total,TOTAL_HH,All NACE activities plus households,TOTAL,Total waste,LI,Liechtenstein,2022,,11088,,,,,
dataflow,ESTAT:CEI_PC034(1.0),Waste generation per capita,A,Annual,KG_HAB,Kilograms per capita,HAZ_NHAZ,Hazardous and non-hazardous - total,TOTAL_HH,All NACE activities plus households,TOTAL,Total waste,LT,Lithuania,2004,,2076,,,,,
dataflow,ESTAT:CEI_PC034(1.0),Waste generation per capita,A,Annual,KG_HAB,Kilograms per capita,HAZ_NHAZ,Hazardous and non-hazardous - total,TOTAL_HH,All NACE activities plus households,TOTAL,Total waste,LT,Lithuania,2006,,1945,,,,,
dataflow,ESTAT:CEI_PC034(1.0),Waste generation per capita,A,Annual,KG_HAB,Kilograms per capita,HAZ_NHAZ,Hazardous and non-hazardous - total,TOTAL_HH,All NACE activities plus households,TOTAL,Total waste,LT,Lithuania,2008,,1980,,,,,
dataflow,ESTAT:CEI_PC034(1.0),Waste generation per capita,A,Annual,KG_HAB,Kilograms per capita,HAZ_NHAZ,Hazardous and non-hazardous - total,TOTAL_HH,All NACE activities plus households,TOTAL,Total waste,LT,Lithuania,2010,,1801,,,,,
dataflow,ESTAT:CEI_PC034(1.0),Waste generation per capita,A,Annual,KG_HAB,Kilograms per capita,HAZ_NHAZ,Hazardous and non-hazardous - total,TOTAL_HH,All NACE activities plus households,TOTAL,Total waste,LT,Lithuania,2012,,1901,,,,,
dataflow,ESTAT:CEI_PC034(1.0),Waste generation per capita,A,Annual,KG_HAB,Kilograms per capita,HAZ_NHAZ,Hazardous and non-hazardous - total,TOTAL_HH,All NACE activities plus households,TOTAL,Total waste,LT,Lithuania,2014,,2114,,,,,
dataflow,ESTAT:CEI_PC034(1.0),Waste generation per capita,A,Annual,KG_HAB,Kilograms per capita,HAZ_NHAZ,Hazardous and non-hazardous - total,TOTAL_HH,All NACE activities plus households,TOTAL,Total waste,LT,Lithuania,2016,,2327,,,,,
dataflow,ESTAT:CEI_PC034(1.0),Waste generation per capita,A,Annual,KG_HAB,Kilograms per capita,HAZ_NHAZ,Hazardous and non-hazardous - total,TOTAL_HH,All NACE activities plus households,TOTAL,Total waste,LT,Lithuania,2018,,2527,,,,,
dataflow,ESTAT:CEI_PC034(1.0),Waste generation per capita,A,Annual,KG_HAB,Kilograms per capita,HAZ_NHAZ,Hazardous and non-hazardous - total,TOTAL_HH,All NACE activities plus households,TOTAL,Total waste,LT,Lithuania,2020,,2396,,,,,
dataflow,ESTAT:CEI_PC034(1.0),Waste generation per capita,A,Annual,KG_HAB,Kilograms per capita,HAZ_NHAZ,Hazardous and non-hazardous - total,TOTAL_HH,All NACE activities plus households,TOTAL,Total waste,LT,Lithuania,2022,,2003,,,,,
dataflow,ESTAT:CEI_PC034(1.0),Waste generation per capita,A,Annual,KG_HAB,Kilograms per capita,HAZ_NHAZ,Hazardous and non-hazardous - total,TOTAL_HH,All NACE activities plus households,TOTAL,Total waste,LU,Luxembourg,2004,,18153,,,,,
dataflow,ESTAT:CEI_PC034(1.0),Waste generation per capita,A,Annual,KG_HAB,Kilograms per capita,HAZ_NHAZ,Hazardous and non-hazardous - total,TOTAL_HH,All NACE activities plus households,TOTAL,Total waste,LU,Luxembourg,2006,,17728,,,,,
dataflow,ESTAT:CEI_PC034(1.0),Waste generation per capita,A,Annual,KG_HAB,Kilograms per capita,HAZ_NHAZ,Hazardous and non-hazardous - total,TOTAL_HH,All NACE activities plus households,TOTAL,Total waste,LU,Luxembourg,2008,,19630,,,,,
dataflow,ESTAT:CEI_PC034(1.0),Waste generation per capita,A,Annual,KG_HAB,Kilograms per capita,HAZ_NHAZ,Hazardous and non-hazardous - total,TOTAL_HH,All NACE activities plus households,TOTAL,Total waste,LU,Luxembourg,2010,,20597,,,,,
dataflow,ESTAT:CEI_PC034(1.0),Waste generation per capita,A,Annual,KG_HAB,Kilograms per capita,HAZ_NHAZ,Hazardous and non-hazardous - total,TOTAL_HH,All NACE activities plus households,TOTAL,Total waste,LU,Luxembourg,2012,,15816,,,,,
dataflow,ESTAT:CEI_PC034(1.0),Waste generation per capita,A,Annual,KG_HAB,Kilograms per capita,HAZ_NHAZ,Hazardous and non-hazardous - total,TOTAL_HH,All NACE activities plus households,TOTAL,Total waste,LU,Luxembourg,2014,,12713,,,,,
dataflow,ESTAT:CEI_PC034(1.0),Waste generation per capita,A,Annual,KG_HAB,Kilograms per capita,HAZ_NHAZ,Hazardous and non-hazardous - total,TOTAL_HH,All NACE activities plus households,TOTAL,Total waste,LU,Luxembourg,2016,,17217,,,,,
dataflow,ESTAT:CEI_PC034(1.0),Waste generation per capita,A,Annual,KG_HAB,Kilograms per capita,HAZ_NHAZ,Hazardous and non-hazardous - total,TOTAL_HH,All NACE activities plus households,TOTAL,Total waste,LU,Luxembourg,2018,,14828,,,,,
dataflow,ESTAT:CEI_PC034(1.0),Waste generation per capita,A,Annual,KG_HAB,Kilograms per capita,HAZ_NHAZ,Hazardous and non-hazardous - total,TOTAL_HH,All NACE activities plus households,TOTAL,Total waste,LU,Luxembourg,2020,,14618,,,,,
dataflow,ESTAT:CEI_PC034(1.0),Waste generation per capita,A,Annual,KG_HAB,Kilograms per capita,HAZ_NHAZ,Hazardous and non-hazardous - total,TOTAL_HH,All NACE activities plus households,TOTAL,Total waste,LU,Luxembourg,2022,,15169,,,,,
dataflow,ESTAT:CEI_PC034(1.0),Waste generation per capita,A,Annual,KG_HAB,Kilograms per capita,HAZ_NHAZ,Hazardous and non-hazardous - total,TOTAL_HH,All NACE activities plus households,TOTAL,Total waste,LV,Latvia,2004,,556,,,,,
dataflow,ESTAT:CEI_PC034(1.0),Waste generation per capita,A,Annual,KG_HAB,Kilograms per capita,HAZ_NHAZ,Hazardous and non-hazardous - total,TOTAL_HH,All NACE activities plus households,TOTAL,Total waste,LV,Latvia,2006,,838,,,,,
dataflow,ESTAT:CEI_PC034(1.0),Waste generation per capita,A,Annual,KG_HAB,Kilograms per capita,HAZ_NHAZ,Hazardous and non-hazardous - total,TOTAL_HH,All NACE activities plus households,TOTAL,Total waste,LV,Latvia,2008,,687,,,,,
dataflow,ESTAT:CEI_PC034(1.0),Waste generation per capita,A,Annual,KG_HAB,Kilograms per capita,HAZ_NHAZ,Hazardous and non-hazardous - total,TOTAL_HH,All NACE activities plus households,TOTAL,Total waste,LV,Latvia,2010,,714,,,,,
dataflow,ESTAT:CEI_PC034(1.0),Waste generation per capita,A,Annual,KG_HAB,Kilograms per capita,HAZ_NHAZ,Hazardous and non-hazardous - total,TOTAL_HH,All NACE activities plus households,TOTAL,Total waste,LV,Latvia,2012,,1135,,,,,
dataflow,ESTAT:CEI_PC034(1.0),Waste generation per capita,A,Annual,KG_HAB,Kilograms per capita,HAZ_NHAZ,Hazardous and non-hazardous - total,TOTAL_HH,All NACE activities plus households,TOTAL,Total waste,LV,Latvia,2014,,1315,,,,,
dataflow,ESTAT:CEI_PC034(1.0),Waste generation per capita,A,Annual,KG_HAB,Kilograms per capita,HAZ_NHAZ,Hazardous and non-hazardous - total,TOTAL_HH,All NACE activities plus households,TOTAL,Total waste,LV,Latvia,2016,,975,,,,,
dataflow,ESTAT:CEI_PC034(1.0),Waste generation per capita,A,Annual,KG_HAB,Kilograms per capita,HAZ_NHAZ,Hazardous and non-hazardous - total,TOTAL_HH,All NACE activities plus households,TOTAL,Total waste,LV,Latvia,2018,,920,,,,,
dataflow,ESTAT:CEI_PC034(1.0),Waste generation per capita,A,Annual,KG_HAB,Kilograms per capita,HAZ_NHAZ,Hazardous and non-hazardous - total,TOTAL_HH,All NACE activities plus households,TOTAL,Total waste,LV,Latvia,2020,,1501,,,,,
dataflow,ESTAT:CEI_PC034(1.0),Waste generation per capita,A,Annual,KG_HAB,Kilograms per capita,HAZ_NHAZ,Hazardous and non-hazardous - total,TOTAL_HH,All NACE activities plus households,TOTAL,Total waste,LV,Latvia,2022,,1330,,,,,
dataflow,ESTAT:CEI_PC034(1.0),Waste generation per capita,A,Annual,KG_HAB,Kilograms per capita,HAZ_NHAZ,Hazardous and non-hazardous - total,TOTAL_HH,All NACE activities plus households,TOTAL,Total waste,ME,Montenegro,2012,,1634,,,,,
dataflow,ESTAT:CEI_PC034(1.0),Waste generation per capita,A,Annual,KG_HAB,Kilograms per capita,HAZ_NHAZ,Hazardous and non-hazardous - total,TOTAL_HH,All NACE activities plus households,TOTAL,Total waste,ME,Montenegro,2014,,1757,,,,,
dataflow,ESTAT:CEI_PC034(1.0),Waste generation per capita,A,Annual,KG_HAB,Kilograms per capita,HAZ_NHAZ,Hazardous and non-hazardous - total,TOTAL_HH,All NACE activities plus households,TOTAL,Total waste,ME,Montenegro,2016,,1820,,,,,
dataflow,ESTAT:CEI_PC034(1.0),Waste generation per capita,A,Annual,KG_HAB,Kilograms per capita,HAZ_NHAZ,Hazardous and non-hazardous - total,TOTAL_HH,All NACE activities plus households,TOTAL,Total waste,ME,Montenegro,2018,,1965,,,,,
dataflow,ESTAT:CEI_PC034(1.0),Waste generation per capita,A,Annual,KG_HAB,Kilograms per capita,HAZ_NHAZ,Hazardous and non-hazardous - total,TOTAL_HH,All NACE activities plus households,TOTAL,Total waste,ME,Montenegro,2020,,2007,,,,,
dataflow,ESTAT:CEI_PC034(1.0),Waste generation per capita,A,Annual,KG_HAB,Kilograms per capita,HAZ_NHAZ,Hazardous and non-hazardous - total,TOTAL_HH,All NACE activities plus households,TOTAL,Total waste,ME,Montenegro,2022,,2050,,,,,
dataflow,ESTAT:CEI_PC034(1.0),Waste generation per capita,A,Annual,KG_HAB,Kilograms per capita,HAZ_NHAZ,Hazardous and non-hazardous - total,TOTAL_HH,All NACE activities plus households,TOTAL,Total waste,MK,North Macedonia,2008,,666,,,,,
dataflow,ESTAT:CEI_PC034(1.0),Waste generation per capita,A,Annual,KG_HAB,Kilograms per capita,HAZ_NHAZ,Hazardous and non-hazardous - total,TOTAL_HH,All NACE activities plus households,TOTAL,Total waste,MK,North Macedonia,2010,,1133,,,,,
dataflow,ESTAT:CEI_PC034(1.0),Waste generation per capita,A,Annual,KG_HAB,Kilograms per capita,HAZ_NHAZ,Hazardous and non-hazardous - total,TOTAL_HH,All NACE activities plus households,TOTAL,Total waste,MK,North Macedonia,2012,,4111,,,,,
dataflow,ESTAT:CEI_PC034(1.0),Waste generation per capita,A,Annual,KG_HAB,Kilograms per capita,HAZ_NHAZ,Hazardous and non-hazardous - total,TOTAL_HH,All NACE activities plus households,TOTAL,Total waste,MK,North Macedonia,2014,,1058,,,,,
dataflow,ESTAT:CEI_PC034(1.0),Waste generation per capita,A,Annual,KG_HAB,Kilograms per capita,HAZ_NHAZ,Hazardous and non-hazardous - total,TOTAL_HH,All NACE activities plus households,TOTAL,Total waste,MK,North Macedonia,2016,,688,,,,,
dataflow,ESTAT:CEI_PC034(1.0),Waste generation per capita,A,Annual,KG_HAB,Kilograms per capita,HAZ_NHAZ,Hazardous and non-hazardous - total,TOTAL_HH,All NACE activities plus households,TOTAL,Total waste,MK,North Macedonia,2018,,549,,,,,
dataflow,ESTAT:CEI_PC034(1.0),Waste generation per capita,A,Annual,KG_HAB,Kilograms per capita,HAZ_NHAZ,Hazardous and non-hazardous - total,TOTAL_HH,All NACE activities plus households,TOTAL,Total waste,MK,North Macedonia,2020,,716,,,,,
dataflow,ESTAT:CEI_PC034(1.0),Waste generation per capita,A,Annual,KG_HAB,Kilograms per capita,HAZ_NHAZ,Hazardous and non-hazardous - total,TOTAL_HH,All NACE activities plus households,TOTAL,Total waste,MK,North Macedonia,2022,,1038,,,,,
dataflow,ESTAT:CEI_PC034(1.0),Waste generation per capita,A,Annual,KG_HAB,Kilograms per capita,HAZ_NHAZ,Hazardous and non-hazardous - total,TOTAL_HH,All NACE activities plus households,TOTAL,Total waste,MT,Malta,2004,,7840,,e,estimated,,
dataflow,ESTAT:CEI_PC034(1.0),Waste generation per capita,A,Annual,KG_HAB,Kilograms per capita,HAZ_NHAZ,Hazardous and non-hazardous - total,TOTAL_HH,All NACE activities plus households,TOTAL,Total waste,MT,Malta,2006,,7060,,e,estimated,,
dataflow,ESTAT:CEI_PC034(1.0),Waste generation per capita,A,Annual,KG_HAB,Kilograms per capita,HAZ_NHAZ,Hazardous and non-hazardous - total,TOTAL_HH,All NACE activities plus households,TOTAL,Total waste,MT,Malta,2008,,5057,,e,estimated,,
dataflow,ESTAT:CEI_PC034(1.0),Waste generation per capita,A,Annual,KG_HAB,Kilograms per capita,HAZ_NHAZ,Hazardous and non-hazardous - total,TOTAL_HH,All NACE activities plus households,TOTAL,Total waste,MT,Malta,2010,,3245,,,,,
dataflow,ESTAT:CEI_PC034(1.0),Waste generation per capita,A,Annual,KG_HAB,Kilograms per capita,HAZ_NHAZ,Hazardous and non-hazardous - total,TOTAL_HH,All NACE activities plus households,TOTAL,Total waste,MT,Malta,2012,,3636,,,,,
dataflow,ESTAT:CEI_PC034(1.0),Waste generation per capita,A,Annual,KG_HAB,Kilograms per capita,HAZ_NHAZ,Hazardous and non-hazardous - total,TOTAL_HH,All NACE activities plus households,TOTAL,Total waste,MT,Malta,2014,,3960,,,,,
dataflow,ESTAT:CEI_PC034(1.0),Waste generation per capita,A,Annual,KG_HAB,Kilograms per capita,HAZ_NHAZ,Hazardous and non-hazardous - total,TOTAL_HH,All NACE activities plus households,TOTAL,Total waste,MT,Malta,2016,,4379,,,,,
dataflow,ESTAT:CEI_PC034(1.0),Waste generation per capita,A,Annual,KG_HAB,Kilograms per capita,HAZ_NHAZ,Hazardous and non-hazardous - total,TOTAL_HH,All NACE activities plus households,TOTAL,Total waste,MT,Malta,2018,,5336,,,,,
dataflow,ESTAT:CEI_PC034(1.0),Waste generation per capita,A,Annual,KG_HAB,Kilograms per capita,HAZ_NHAZ,Hazardous and non-hazardous - total,TOTAL_HH,All NACE activities plus households,TOTAL,Total waste,MT,Malta,2020,,6938,,,,,
dataflow,ESTAT:CEI_PC034(1.0),Waste generation per capita,A,Annual,KG_HAB,Kilograms per capita,HAZ_NHAZ,Hazardous and non-hazardous - total,TOTAL_HH,All NACE activities plus households,TOTAL,Total waste,MT,Malta,2022,,5004,,,,,
dataflow,ESTAT:CEI_PC034(1.0),Waste generation per capita,A,Annual,KG_HAB,Kilograms per capita,HAZ_NHAZ,Hazardous and non-hazardous - total,TOTAL_HH,All NACE activities plus households,TOTAL,Total waste,NL,Netherlands,2004,,5678,,,,,
dataflow,ESTAT:CEI_PC034(1.0),Waste generation per capita,A,Annual,KG_HAB,Kilograms per capita,HAZ_NHAZ,Hazardous and non-hazardous - total,TOTAL_HH,All NACE activities plus households,TOTAL,Total waste,NL,Netherlands,2006,,6067,,,,,
dataflow,ESTAT:CEI_PC034(1.0),Waste generation per capita,A,Annual,KG_HAB,Kilograms per capita,HAZ_NHAZ,Hazardous and non-hazardous - total,TOTAL_HH,All NACE activities plus households,TOTAL,Total waste,NL,Netherlands,2008,,6242,,,,,
dataflow,ESTAT:CEI_PC034(1.0),Waste generation per capita,A,Annual,KG_HAB,Kilograms per capita,HAZ_NHAZ,Hazardous and non-hazardous - total,TOTAL_HH,All NACE activities plus households,TOTAL,Total waste,NL,Netherlands,2010,,7291,,,,,
dataflow,ESTAT:CEI_PC034(1.0),Waste generation per capita,A,Annual,KG_HAB,Kilograms per capita,HAZ_NHAZ,Hazardous and non-hazardous - total,TOTAL_HH,All NACE activities plus households,TOTAL,Total waste,NL,Netherlands,2012,,7233,,,,,
dataflow,ESTAT:CEI_PC034(1.0),Waste generation per capita,A,Annual,KG_HAB,Kilograms per capita,HAZ_NHAZ,Hazardous and non-hazardous - total,TOTAL_HH,All NACE activities plus households,TOTAL,Total waste,NL,Netherlands,2014,,7848,,,,,
dataflow,ESTAT:CEI_PC034(1.0),Waste generation per capita,A,Annual,KG_HAB,Kilograms per capita,HAZ_NHAZ,Hazardous and non-hazardous - total,TOTAL_HH,All NACE activities plus households,TOTAL,Total waste,NL,Netherlands,2016,,8281,,,,,
dataflow,ESTAT:CEI_PC034(1.0),Waste generation per capita,A,Annual,KG_HAB,Kilograms per capita,HAZ_NHAZ,Hazardous and non-hazardous - total,TOTAL_HH,All NACE activities plus households,TOTAL,Total waste,NL,Netherlands,2018,,8429,,,,,
dataflow,ESTAT:CEI_PC034(1.0),Waste generation per capita,A,Annual,KG_HAB,Kilograms per capita,HAZ_NHAZ,Hazardous and non-hazardous - total,TOTAL_HH,All NACE activities plus households,TOTAL,Total waste,NL,Netherlands,2020,,7175,,,,,
dataflow,ESTAT:CEI_PC034(1.0),Waste generation per capita,A,Annual,KG_HAB,Kilograms per capita,HAZ_NHAZ,Hazardous and non-hazardous - total,TOTAL_HH,All NACE activities plus households,TOTAL,Total waste,NL,Netherlands,2022,,6921,,,,,
dataflow,ESTAT:CEI_PC034(1.0),Waste generation per capita,A,Annual,KG_HAB,Kilograms per capita,HAZ_NHAZ,Hazardous and non-hazardous - total,TOTAL_HH,All NACE activities plus households,TOTAL,Total waste,NO,Norway,2004,,1623,,,,,
dataflow,ESTAT:CEI_PC034(1.0),Waste generation per capita,A,Annual,KG_HAB,Kilograms per capita,HAZ_NHAZ,Hazardous and non-hazardous - total,TOTAL_HH,All NACE activities plus households,TOTAL,Total waste,NO,Norway,2006,,2127,,,,,
dataflow,ESTAT:CEI_PC034(1.0),Waste generation per capita,A,Annual,KG_HAB,Kilograms per capita,HAZ_NHAZ,Hazardous and non-hazardous - total,TOTAL_HH,All NACE activities plus households,TOTAL,Total waste,NO,Norway,2008,,2157,,,,,
dataflow,ESTAT:CEI_PC034(1.0),Waste generation per capita,A,Annual,KG_HAB,Kilograms per capita,HAZ_NHAZ,Hazardous and non-hazardous - total,TOTAL_HH,All NACE activities plus households,TOTAL,Total waste,NO,Norway,2010,,1929,,,,,
dataflow,ESTAT:CEI_PC034(1.0),Waste generation per capita,A,Annual,KG_HAB,Kilograms per capita,HAZ_NHAZ,Hazardous and non-hazardous - total,TOTAL_HH,All NACE activities plus households,TOTAL,Total waste,NO,Norway,2012,,2136,,,,,
dataflow,ESTAT:CEI_PC034(1.0),Waste generation per capita,A,Annual,KG_HAB,Kilograms per capita,HAZ_NHAZ,Hazardous and non-hazardous - total,TOTAL_HH,All NACE activities plus households,TOTAL,Total waste,NO,Norway,2014,,2066,,,,,
dataflow,ESTAT:CEI_PC034(1.0),Waste generation per capita,A,Annual,KG_HAB,Kilograms per capita,HAZ_NHAZ,Hazardous and non-hazardous - total,TOTAL_HH,All NACE activities plus households,TOTAL,Total waste,NO,Norway,2016,,2127,,,,,
dataflow,ESTAT:CEI_PC034(1.0),Waste generation per capita,A,Annual,KG_HAB,Kilograms per capita,HAZ_NHAZ,Hazardous and non-hazardous - total,TOTAL_HH,All NACE activities plus households,TOTAL,Total waste,NO,Norway,2018,,2662,,,,,
dataflow,ESTAT:CEI_PC034(1.0),Waste generation per capita,A,Annual,KG_HAB,Kilograms per capita,HAZ_NHAZ,Hazardous and non-hazardous - total,TOTAL_HH,All NACE activities plus households,TOTAL,Total waste,NO,Norway,2020,,2610,,,,,
dataflow,ESTAT:CEI_PC034(1.0),Waste generation per capita,A,Annual,KG_HAB,Kilograms per capita,HAZ_NHAZ,Hazardous and non-hazardous - total,TOTAL_HH,All NACE activities plus households,TOTAL,Total waste,NO,Norway,2022,,2573,,,,,
dataflow,ESTAT:CEI_PC034(1.0),Waste generation per capita,A,Annual,KG_HAB,Kilograms per capita,HAZ_NHAZ,Hazardous and non-hazardous - total,TOTAL_HH,All NACE activities plus households,TOTAL,Total waste,PL,Poland,2004,,3601,,,,,
dataflow,ESTAT:CEI_PC034(1.0),Waste generation per capita,A,Annual,KG_HAB,Kilograms per capita,HAZ_NHAZ,Hazardous and non-hazardous - total,TOTAL_HH,All NACE activities plus households,TOTAL,Total waste,PL,Poland,2006,,4028,,,,,
dataflow,ESTAT:CEI_PC034(1.0),Waste generation per capita,A,Annual,KG_HAB,Kilograms per capita,HAZ_NHAZ,Hazardous and non-hazardous - total,TOTAL_HH,All NACE activities plus households,TOTAL,Total waste,PL,Poland,2008,,3645,,,,,
dataflow,ESTAT:CEI_PC034(1.0),Waste generation per capita,A,Annual,KG_HAB,Kilograms per capita,HAZ_NHAZ,Hazardous and non-hazardous - total,TOTAL_HH,All NACE activities plus households,TOTAL,Total waste,PL,Poland,2010,,4171,,,,,
dataflow,ESTAT:CEI_PC034(1.0),Waste generation per capita,A,Annual,KG_HAB,Kilograms per capita,HAZ_NHAZ,Hazardous and non-hazardous - total,TOTAL_HH,All NACE activities plus households,TOTAL,Total waste,PL,Poland,2012,,4266,,,,,
dataflow,ESTAT:CEI_PC034(1.0),Waste generation per capita,A,Annual,KG_HAB,Kilograms per capita,HAZ_NHAZ,Hazardous and non-hazardous - total,TOTAL_HH,All NACE activities plus households,TOTAL,Total waste,PL,Poland,2014,,4714,,,,,
dataflow,ESTAT:CEI_PC034(1.0),Waste generation per capita,A,Annual,KG_HAB,Kilograms per capita,HAZ_NHAZ,Hazardous and non-hazardous - total,TOTAL_HH,All NACE activities plus households,TOTAL,Total waste,PL,Poland,2016,,4793,,,,,
dataflow,ESTAT:CEI_PC034(1.0),Waste generation per capita,A,Annual,KG_HAB,Kilograms per capita,HAZ_NHAZ,Hazardous and non-hazardous - total,TOTAL_HH,All NACE activities plus households,TOTAL,Total waste,PL,Poland,2018,,4621,,,,,
dataflow,ESTAT:CEI_PC034(1.0),Waste generation per capita,A,Annual,KG_HAB,Kilograms per capita,HAZ_NHAZ,Hazardous and non-hazardous - total,TOTAL_HH,All NACE activities plus households,TOTAL,Total waste,PL,Poland,2020,,4492,,,,,
dataflow,ESTAT:CEI_PC034(1.0),Waste generation per capita,A,Annual,KG_HAB,Kilograms per capita,HAZ_NHAZ,Hazardous and non-hazardous - total,TOTAL_HH,All NACE activities plus households,TOTAL,Total waste,PL,Poland,2022,,4739,,,,,
dataflow,ESTAT:CEI_PC034(1.0),Waste generation per capita,A,Annual,KG_HAB,Kilograms per capita,HAZ_NHAZ,Hazardous and non-hazardous - total,TOTAL_HH,All NACE activities plus households,TOTAL,Total waste,PT,Portugal,2004,,2796,,e,estimated,,
dataflow,ESTAT:CEI_PC034(1.0),Waste generation per capita,A,Annual,KG_HAB,Kilograms per capita,HAZ_NHAZ,Hazardous and non-hazardous - total,TOTAL_HH,All NACE activities plus households,TOTAL,Total waste,PT,Portugal,2006,,3322,,e,estimated,,
dataflow,ESTAT:CEI_PC034(1.0),Waste generation per capita,A,Annual,KG_HAB,Kilograms per capita,HAZ_NHAZ,Hazardous and non-hazardous - total,TOTAL_HH,All NACE activities plus households,TOTAL,Total waste,PT,Portugal,2008,,1599,,,,,
dataflow,ESTAT:CEI_PC034(1.0),Waste generation per capita,A,Annual,KG_HAB,Kilograms per capita,HAZ_NHAZ,Hazardous and non-hazardous - total,TOTAL_HH,All NACE activities plus households,TOTAL,Total waste,PT,Portugal,2010,,1290,,,,,
dataflow,ESTAT:CEI_PC034(1.0),Waste generation per capita,A,Annual,KG_HAB,Kilograms per capita,HAZ_NHAZ,Hazardous and non-hazardous - total,TOTAL_HH,All NACE activities plus households,TOTAL,Total waste,PT,Portugal,2012,,1271,,,,,
dataflow,ESTAT:CEI_PC034(1.0),Waste generation per capita,A,Annual,KG_HAB,Kilograms per capita,HAZ_NHAZ,Hazardous and non-hazardous - total,TOTAL_HH,All NACE activities plus households,TOTAL,Total waste,PT,Portugal,2014,,1381,,,,,
dataflow,ESTAT:CEI_PC034(1.0),Waste generation per capita,A,Annual,KG_HAB,Kilograms per capita,HAZ_NHAZ,Hazardous and non-hazardous - total,TOTAL_HH,All NACE activities plus households,TOTAL,Total waste,PT,Portugal,2016,,1427,,,,,
dataflow,ESTAT:CEI_PC034(1.0),Waste generation per capita,A,Annual,KG_HAB,Kilograms per capita,HAZ_NHAZ,Hazardous and non-hazardous - total,TOTAL_HH,All NACE activities plus households,TOTAL,Total waste,PT,Portugal,2018,,1546,,b,break in time series,,
dataflow,ESTAT:CEI_PC034(1.0),Waste generation per capita,A,Annual,KG_HAB,Kilograms per capita,HAZ_NHAZ,Hazardous and non-hazardous - total,TOTAL_HH,All NACE activities plus households,TOTAL,Total waste,PT,Portugal,2020,,1612,,,,,
dataflow,ESTAT:CEI_PC034(1.0),Waste generation per capita,A,Annual,KG_HAB,Kilograms per capita,HAZ_NHAZ,Hazardous and non-hazardous - total,TOTAL_HH,All NACE activities plus households,TOTAL,Total waste,PT,Portugal,2022,,1878,,,,,
dataflow,ESTAT:CEI_PC034(1.0),Waste generation per capita,A,Annual,KG_HAB,Kilograms per capita,HAZ_NHAZ,Hazardous and non-hazardous - total,TOTAL_HH,All NACE activities plus households,TOTAL,Total waste,RO,Romania,2004,,17215,,i,value imputed by Eurostat or other receiving agencies,,
dataflow,ESTAT:CEI_PC034(1.0),Waste generation per capita,A,Annual,KG_HAB,Kilograms per capita,HAZ_NHAZ,Hazardous and non-hazardous - total,TOTAL_HH,All NACE activities plus households,TOTAL,Total waste,RO,Romania,2006,,16248,,,,,
dataflow,ESTAT:CEI_PC034(1.0),Waste generation per capita,A,Annual,KG_HAB,Kilograms per capita,HAZ_NHAZ,Hazardous and non-hazardous - total,TOTAL_HH,All NACE activities plus households,TOTAL,Total waste,RO,Romania,2008,,9209,,,,,
dataflow,ESTAT:CEI_PC034(1.0),Waste generation per capita,A,Annual,KG_HAB,Kilograms per capita,HAZ_NHAZ,Hazardous and non-hazardous - total,TOTAL_HH,All NACE activities plus households,TOTAL,Total waste,RO,Romania,2010,,9949,,,,,
dataflow,ESTAT:CEI_PC034(1.0),Waste generation per capita,A,Annual,KG_HAB,Kilograms per capita,HAZ_NHAZ,Hazardous and non-hazardous - total,TOTAL_HH,All NACE activities plus households,TOTAL,Total waste,RO,Romania,2012,,12432,,,,,
dataflow,ESTAT:CEI_PC034(1.0),Waste generation per capita,A,Annual,KG_HAB,Kilograms per capita,HAZ_NHAZ,Hazardous and non-hazardous - total,TOTAL_HH,All NACE activities plus households,TOTAL,Total waste,RO,Romania,2014,,8871,,,,,
dataflow,ESTAT:CEI_PC034(1.0),Waste generation per capita,A,Annual,KG_HAB,Kilograms per capita,HAZ_NHAZ,Hazardous and non-hazardous - total,TOTAL_HH,All NACE activities plus households,TOTAL,Total waste,RO,Romania,2016,,9012,,,,,
dataflow,ESTAT:CEI_PC034(1.0),Waste generation per capita,A,Annual,KG_HAB,Kilograms per capita,HAZ_NHAZ,Hazardous and non-hazardous - total,TOTAL_HH,All NACE activities plus households,TOTAL,Total waste,RO,Romania,2018,,10425,,,,,
dataflow,ESTAT:CEI_PC034(1.0),Waste generation per capita,A,Annual,KG_HAB,Kilograms per capita,HAZ_NHAZ,Hazardous and non-hazardous - total,TOTAL_HH,All NACE activities plus households,TOTAL,Total waste,RO,Romania,2020,,7344,,,,,
dataflow,ESTAT:CEI_PC034(1.0),Waste generation per capita,A,Annual,KG_HAB,Kilograms per capita,HAZ_NHAZ,Hazardous and non-hazardous - total,TOTAL_HH,All NACE activities plus households,TOTAL,Total waste,RO,Romania,2022,,8410,,,,,
dataflow,ESTAT:CEI_PC034(1.0),Waste generation per capita,A,Annual,KG_HAB,Kilograms per capita,HAZ_NHAZ,Hazardous and non-hazardous - total,TOTAL_HH,All NACE activities plus households,TOTAL,Total waste,RS,Serbia,2010,,4610,,,,,
dataflow,ESTAT:CEI_PC034(1.0),Waste generation per capita,A,Annual,KG_HAB,Kilograms per capita,HAZ_NHAZ,Hazardous and non-hazardous - total,TOTAL_HH,All NACE activities plus households,TOTAL,Total waste,RS,Serbia,2012,,7640,,,,,
dataflow,ESTAT:CEI_PC034(1.0),Waste generation per capita,A,Annual,KG_HAB,Kilograms per capita,HAZ_NHAZ,Hazardous and non-hazardous - total,TOTAL_HH,All NACE activities plus households,TOTAL,Total waste,RS,Serbia,2014,,6890,,b,break in time series,,
dataflow,ESTAT:CEI_PC034(1.0),Waste generation per capita,A,Annual,KG_HAB,Kilograms per capita,HAZ_NHAZ,Hazardous and non-hazardous - total,TOTAL_HH,All NACE activities plus households,TOTAL,Total waste,RS,Serbia,2016,,6937,,,,,
dataflow,ESTAT:CEI_PC034(1.0),Waste generation per capita,A,Annual,KG_HAB,Kilograms per capita,HAZ_NHAZ,Hazardous and non-hazardous - total,TOTAL_HH,All NACE activities plus households,TOTAL,Total waste,RS,Serbia,2018,,7319,,,,,
dataflow,ESTAT:CEI_PC034(1.0),Waste generation per capita,A,Annual,KG_HAB,Kilograms per capita,HAZ_NHAZ,Hazardous and non-hazardous - total,TOTAL_HH,All NACE activities plus households,TOTAL,Total waste,RS,Serbia,2020,,8499,,,,,
dataflow,ESTAT:CEI_PC034(1.0),Waste generation per capita,A,Annual,KG_HAB,Kilograms per capita,HAZ_NHAZ,Hazardous and non-hazardous - total,TOTAL_HH,All NACE activities plus households,TOTAL,Total waste,RS,Serbia,2022,,26325,,,,,
dataflow,ESTAT:CEI_PC034(1.0),Waste generation per capita,A,Annual,KG_HAB,Kilograms per capita,HAZ_NHAZ,Hazardous and non-hazardous - total,TOTAL_HH,All NACE activities plus households,TOTAL,Total waste,SE,Sweden,2004,,10203,,,,,
dataflow,ESTAT:CEI_PC034(1.0),Waste generation per capita,A,Annual,KG_HAB,Kilograms per capita,HAZ_NHAZ,Hazardous and non-hazardous - total,TOTAL_HH,All NACE activities plus households,TOTAL,Total waste,SE,Sweden,2006,,10459,,,,,
dataflow,ESTAT:CEI_PC034(1.0),Waste generation per capita,A,Annual,KG_HAB,Kilograms per capita,HAZ_NHAZ,Hazardous and non-hazardous - total,TOTAL_HH,All NACE activities plus households,TOTAL,Total waste,SE,Sweden,2008,,9346,,,,,
dataflow,ESTAT:CEI_PC034(1.0),Waste generation per capita,A,Annual,KG_HAB,Kilograms per capita,HAZ_NHAZ,Hazardous and non-hazardous - total,TOTAL_HH,All NACE activities plus households,TOTAL,Total waste,SE,Sweden,2010,,12545,,,,,
dataflow,ESTAT:CEI_PC034(1.0),Waste generation per capita,A,Annual,KG_HAB,Kilograms per capita,HAZ_NHAZ,Hazardous and non-hazardous - total,TOTAL_HH,All NACE activities plus households,TOTAL,Total waste,SE,Sweden,2012,,16420,,,,,
dataflow,ESTAT:CEI_PC034(1.0),Waste generation per capita,A,Annual,KG_HAB,Kilograms per capita,HAZ_NHAZ,Hazardous and non-hazardous - total,TOTAL_HH,All NACE activities plus households,TOTAL,Total waste,SE,Sweden,2014,,17226,,,,,
dataflow,ESTAT:CEI_PC034(1.0),Waste generation per capita,A,Annual,KG_HAB,Kilograms per capita,HAZ_NHAZ,Hazardous and non-hazardous - total,TOTAL_HH,All NACE activities plus households,TOTAL,Total waste,SE,Sweden,2016,,14272,,,,,
dataflow,ESTAT:CEI_PC034(1.0),Waste generation per capita,A,Annual,KG_HAB,Kilograms per capita,HAZ_NHAZ,Hazardous and non-hazardous - total,TOTAL_HH,All NACE activities plus households,TOTAL,Total waste,SE,Sweden,2018,,13628,,,,,
dataflow,ESTAT:CEI_PC034(1.0),Waste generation per capita,A,Annual,KG_HAB,Kilograms per capita,HAZ_NHAZ,Hazardous and non-hazardous - total,TOTAL_HH,All NACE activities plus households,TOTAL,Total waste,SE,Sweden,2020,,14664,,,,,
dataflow,ESTAT:CEI_PC034(1.0),Waste generation per capita,A,Annual,KG_HAB,Kilograms per capita,HAZ_NHAZ,Hazardous and non-hazardous - total,TOTAL_HH,All NACE activities plus households,TOTAL,Total waste,SE,Sweden,2022,,15627,,,,,
dataflow,ESTAT:CEI_PC034(1.0),Waste generation per capita,A,Annual,KG_HAB,Kilograms per capita,HAZ_NHAZ,Hazardous and non-hazardous - total,TOTAL_HH,All NACE activities plus households,TOTAL,Total waste,SI,Slovenia,2004,,2890,,,,,
dataflow,ESTAT:CEI_PC034(1.0),Waste generation per capita,A,Annual,KG_HAB,Kilograms per capita,HAZ_NHAZ,Hazardous and non-hazardous - total,TOTAL_HH,All NACE activities plus households,TOTAL,Total waste,SI,Slovenia,2006,,3008,,,,,
dataflow,ESTAT:CEI_PC034(1.0),Waste generation per capita,A,Annual,KG_HAB,Kilograms per capita,HAZ_NHAZ,Hazardous and non-hazardous - total,TOTAL_HH,All NACE activities plus households,TOTAL,Total waste,SI,Slovenia,2008,,2493,,,,,
dataflow,ESTAT:CEI_PC034(1.0),Waste generation per capita,A,Annual,KG_HAB,Kilograms per capita,HAZ_NHAZ,Hazardous and non-hazardous - total,TOTAL_HH,All NACE activities plus households,TOTAL,Total waste,SI,Slovenia,2010,,2922,,,,,
dataflow,ESTAT:CEI_PC034(1.0),Waste generation per capita,A,Annual,KG_HAB,Kilograms per capita,HAZ_NHAZ,Hazardous and non-hazardous - total,TOTAL_HH,All NACE activities plus households,TOTAL,Total waste,SI,Slovenia,2012,,2210,,,,,
dataflow,ESTAT:CEI_PC034(1.0),Waste generation per capita,A,Annual,KG_HAB,Kilograms per capita,HAZ_NHAZ,Hazardous and non-hazardous - total,TOTAL_HH,All NACE activities plus households,TOTAL,Total waste,SI,Slovenia,2014,,2273,,,,,
dataflow,ESTAT:CEI_PC034(1.0),Waste generation per capita,A,Annual,KG_HAB,Kilograms per capita,HAZ_NHAZ,Hazardous and non-hazardous - total,TOTAL_HH,All NACE activities plus households,TOTAL,Total waste,SI,Slovenia,2016,,2661,,,,,
dataflow,ESTAT:CEI_PC034(1.0),Waste generation per capita,A,Annual,KG_HAB,Kilograms per capita,HAZ_NHAZ,Hazardous and non-hazardous - total,TOTAL_HH,All NACE activities plus households,TOTAL,Total waste,SI,Slovenia,2018,,3964,,,,,
dataflow,ESTAT:CEI_PC034(1.0),Waste generation per capita,A,Annual,KG_HAB,Kilograms per capita,HAZ_NHAZ,Hazardous and non-hazardous - total,TOTAL_HH,All NACE activities plus households,TOTAL,Total waste,SI,Slovenia,2020,,3576,,,,,
dataflow,ESTAT:CEI_PC034(1.0),Waste generation per capita,A,Annual,KG_HAB,Kilograms per capita,HAZ_NHAZ,Hazardous and non-hazardous - total,TOTAL_HH,All NACE activities plus households,TOTAL,Total waste,SI,Slovenia,2022,,5397,,,,,
dataflow,ESTAT:CEI_PC034(1.0),Waste generation per capita,A,Annual,KG_HAB,Kilograms per capita,HAZ_NHAZ,Hazardous and non-hazardous - total,TOTAL_HH,All NACE activities plus households,TOTAL,Total waste,SK,Slovakia,2004,,1986,,,,,
dataflow,ESTAT:CEI_PC034(1.0),Waste generation per capita,A,Annual,KG_HAB,Kilograms per capita,HAZ_NHAZ,Hazardous and non-hazardous - total,TOTAL_HH,All NACE activities plus households,TOTAL,Total waste,SK,Slovakia,2006,,2699,,,,,
dataflow,ESTAT:CEI_PC034(1.0),Waste generation per capita,A,Annual,KG_HAB,Kilograms per capita,HAZ_NHAZ,Hazardous and non-hazardous - total,TOTAL_HH,All NACE activities plus households,TOTAL,Total waste,SK,Slovakia,2008,,2133,,,,,
dataflow,ESTAT:CEI_PC034(1.0),Waste generation per capita,A,Annual,KG_HAB,Kilograms per capita,HAZ_NHAZ,Hazardous and non-hazardous - total,TOTAL_HH,All NACE activities plus households,TOTAL,Total waste,SK,Slovakia,2010,,1741,,,,,
dataflow,ESTAT:CEI_PC034(1.0),Waste generation per capita,A,Annual,KG_HAB,Kilograms per capita,HAZ_NHAZ,Hazardous and non-hazardous - total,TOTAL_HH,All NACE activities plus households,TOTAL,Total waste,SK,Slovakia,2012,,1558,,,,,
dataflow,ESTAT:CEI_PC034(1.0),Waste generation per capita,A,Annual,KG_HAB,Kilograms per capita,HAZ_NHAZ,Hazardous and non-hazardous - total,TOTAL_HH,All NACE activities plus households,TOTAL,Total waste,SK,Slovakia,2014,,1636,,,,,
dataflow,ESTAT:CEI_PC034(1.0),Waste generation per capita,A,Annual,KG_HAB,Kilograms per capita,HAZ_NHAZ,Hazardous and non-hazardous - total,TOTAL_HH,All NACE activities plus households,TOTAL,Total waste,SK,Slovakia,2016,,1953,,,,,
dataflow,ESTAT:CEI_PC034(1.0),Waste generation per capita,A,Annual,KG_HAB,Kilograms per capita,HAZ_NHAZ,Hazardous and non-hazardous - total,TOTAL_HH,All NACE activities plus households,TOTAL,Total waste,SK,Slovakia,2018,,2277,,,,,
dataflow,ESTAT:CEI_PC034(1.0),Waste generation per capita,A,Annual,KG_HAB,Kilograms per capita,HAZ_NHAZ,Hazardous and non-hazardous - total,TOTAL_HH,All NACE activities plus households,TOTAL,Total waste,SK,Slovakia,2020,,2338,,,,,
dataflow,ESTAT:CEI_PC034(1.0),Waste generation per capita,A,Annual,KG_HAB,Kilograms per capita,HAZ_NHAZ,Hazardous and non-hazardous - total,TOTAL_HH,All NACE activities plus households,TOTAL,Total waste,SK,Slovakia,2022,,2462,,,,,
dataflow,ESTAT:CEI_PC034(1.0),Waste generation per capita,A,Annual,KG_HAB,Kilograms per capita,HAZ_NHAZ,Hazardous and non-hazardous - total,TOTAL_HH,All NACE activities plus households,TOTAL,Total waste,TR,Trkiye,2004,,870,,,,,
dataflow,ESTAT:CEI_PC034(1.0),Waste generation per capita,A,Annual,KG_HAB,Kilograms per capita,HAZ_NHAZ,Hazardous and non-hazardous - total,TOTAL_HH,All NACE activities plus households,TOTAL,Total waste,TR,Trkiye,2006,,665,,,,,
dataflow,ESTAT:CEI_PC034(1.0),Waste generation per capita,A,Annual,KG_HAB,Kilograms per capita,HAZ_NHAZ,Hazardous and non-hazardous - total,TOTAL_HH,All NACE activities plus households,TOTAL,Total waste,TR,Trkiye,2008,,912,,,,,
dataflow,ESTAT:CEI_PC034(1.0),Waste generation per capita,A,Annual,KG_HAB,Kilograms per capita,HAZ_NHAZ,Hazardous and non-hazardous - total,TOTAL_HH,All NACE activities plus households,TOTAL,Total waste,TR,Trkiye,2010,,869,,,,,
dataflow,ESTAT:CEI_PC034(1.0),Waste generation per capita,A,Annual,KG_HAB,Kilograms per capita,HAZ_NHAZ,Hazardous and non-hazardous - total,TOTAL_HH,All NACE activities plus households,TOTAL,Total waste,TR,Trkiye,2012,,896,,,,,
dataflow,ESTAT:CEI_PC034(1.0),Waste generation per capita,A,Annual,KG_HAB,Kilograms per capita,HAZ_NHAZ,Hazardous and non-hazardous - total,TOTAL_HH,All NACE activities plus households,TOTAL,Total waste,TR,Trkiye,2014,,947,,,,,
dataflow,ESTAT:CEI_PC034(1.0),Waste generation per capita,A,Annual,KG_HAB,Kilograms per capita,HAZ_NHAZ,Hazardous and non-hazardous - total,TOTAL_HH,All NACE activities plus households,TOTAL,Total waste,TR,Trkiye,2016,,953,,,,,
dataflow,ESTAT:CEI_PC034(1.0),Waste generation per capita,A,Annual,KG_HAB,Kilograms per capita,HAZ_NHAZ,Hazardous and non-hazardous - total,TOTAL_HH,All NACE activities plus households,TOTAL,Total waste,TR,Trkiye,2018,,1195,,,,,
dataflow,ESTAT:CEI_PC034(1.0),Waste generation per capita,A,Annual,KG_HAB,Kilograms per capita,HAZ_NHAZ,Hazardous and non-hazardous - total,TOTAL_HH,All NACE activities plus households,TOTAL,Total waste,TR,Trkiye,2020,,1291,,,,,
dataflow,ESTAT:CEI_PC034(1.0),Waste generation per capita,A,Annual,KG_HAB,Kilograms per capita,HAZ_NHAZ,Hazardous and non-hazardous - total,TOTAL_HH,All NACE activities plus households,TOTAL,Total waste,TR,Trkiye,2022,,1284,,,,,
dataflow,ESTAT:CEI_PC034(1.0),Waste generation per capita,A,Annual,KG_HAB,Kilograms per capita,HAZ_NHAZ,Hazardous and non-hazardous - total,TOTAL_HH,All NACE activities plus households,TOTAL,Total waste,UK,United Kingdom,2004,,4981,,,,,
dataflow,ESTAT:CEI_PC034(1.0),Waste generation per capita,A,Annual,KG_HAB,Kilograms per capita,HAZ_NHAZ,Hazardous and non-hazardous - total,TOTAL_HH,All NACE activities plus households,TOTAL,Total waste,UK,United Kingdom,2006,,4785,,,,,
dataflow,ESTAT:CEI_PC034(1.0),Waste generation per capita,A,Annual,KG_HAB,Kilograms per capita,HAZ_NHAZ,Hazardous and non-hazardous - total,TOTAL_HH,All NACE activities plus households,TOTAL,Total waste,UK,United Kingdom,2008,,4566,,,,,
dataflow,ESTAT:CEI_PC034(1.0),Waste generation per capita,A,Annual,KG_HAB,Kilograms per capita,HAZ_NHAZ,Hazardous and non-hazardous - total,TOTAL_HH,All NACE activities plus households,TOTAL,Total waste,UK,United Kingdom,2010,,3853,,,,,
dataflow,ESTAT:CEI_PC034(1.0),Waste generation per capita,A,Annual,KG_HAB,Kilograms per capita,HAZ_NHAZ,Hazardous and non-hazardous - total,TOTAL_HH,All NACE activities plus households,TOTAL,Total waste,UK,United Kingdom,2012,,3791,,,,,
dataflow,ESTAT:CEI_PC034(1.0),Waste generation per capita,A,Annual,KG_HAB,Kilograms per capita,HAZ_NHAZ,Hazardous and non-hazardous - total,TOTAL_HH,All NACE activities plus households,TOTAL,Total waste,UK,United Kingdom,2014,,4071,,,,,
dataflow,ESTAT:CEI_PC034(1.0),Waste generation per capita,A,Annual,KG_HAB,Kilograms per capita,HAZ_NHAZ,Hazardous and non-hazardous - total,TOTAL_HH,All NACE activities plus households,TOTAL,Total waste,UK,United Kingdom,2016,,4147,,,,,
dataflow,ESTAT:CEI_PC034(1.0),Waste generation per capita,A,Annual,KG_HAB,Kilograms per capita,HAZ_NHAZ,Hazardous and non-hazardous - total,TOTAL_HH,All NACE activities plus households,TOTAL,Total waste,UK,United Kingdom,2018,,4249,,,,,
dataflow,ESTAT:CEI_PC034(1.0),Waste generation per capita,A,Annual,KG_HAB,Kilograms per capita,HAZ_NHAZ,Hazardous and non-hazardous - total,TOTAL_HH,All NACE activities plus households,TOTAL,Total waste,XK,Kosovo*,2012,,649,,,,,
dataflow,ESTAT:CEI_PC034(1.0),Waste generation per capita,A,Annual,KG_HAB,Kilograms per capita,HAZ_NHAZ,Hazardous and non-hazardous - total,TOTAL_HH,All NACE activities plus households,TOTAL,Total waste,XK,Kosovo*,2014,,574,,,,,
dataflow,ESTAT:CEI_PC034(1.0),Waste generation per capita,A,Annual,KG_HAB,Kilograms per capita,HAZ_NHAZ,Hazardous and non-hazardous - total,TOTAL_HH,All NACE activities plus households,TOTAL,Total waste,XK,Kosovo*,2016,,1607,,,,,
dataflow,ESTAT:CEI_PC034(1.0),Waste generation per capita,A,Annual,KG_HAB,Kilograms per capita,HAZ_NHAZ,Hazardous and non-hazardous - total,TOTAL_HH,All NACE activities plus households,TOTAL,Total waste,XK,Kosovo*,2018,,1648,,,,,
dataflow,ESTAT:CEI_PC034(1.0),Waste generation per capita,A,Annual,KG_HAB,Kilograms per capita,HAZ_NHAZ,Hazardous and non-hazardous - total,TOTAL_HH,All NACE activities plus households,TOTAL,Total waste,XK,Kosovo*,2020,,1448,,,,,
