STRUCTURE,STRUCTURE_ID,STRUCTURE_NAME,freq,Time frequency,unit,Unit of measure,material,Materials,indic_env,Environment indicator,geo,Geopolitical entity (reporting),TIME_PERIOD,Time,OBS_VALUE,Observation value,OBS_FLAG,Observation status (Flag) V2 structure,CONF_STATUS,Confidentiality status (flag)
dataflow,ESTAT:CEI_PC020(1.0),Material footprint,A,Annual,T_HAB,Tonnes per capita,TOTAL,Total,RMC,Raw material consumption,AT,Austria,2008,,25.078,,,,,
dataflow,ESTAT:CEI_PC020(1.0),Material footprint,A,Annual,T_HAB,Tonnes per capita,TOTAL,Total,RMC,Raw material consumption,AT,Austria,2009,,24.389,,,,,
dataflow,ESTAT:CEI_PC020(1.0),Material footprint,A,Annual,T_HAB,Tonnes per capita,TOTAL,Total,RMC,Raw material consumption,AT,Austria,2010,,24.446,,,,,
dataflow,ESTAT:CEI_PC020(1.0),Material footprint,A,Annual,T_HAB,Tonnes per capita,TOTAL,Total,RMC,Raw material consumption,AT,Austria,2011,,25.949,,,,,
dataflow,ESTAT:CEI_PC020(1.0),Material footprint,A,Annual,T_HAB,Tonnes per capita,TOTAL,Total,RMC,Raw material consumption,AT,Austria,2012,,24.557,,,,,
dataflow,ESTAT:CEI_PC020(1.0),Material footprint,A,Annual,T_HAB,Tonnes per capita,TOTAL,Total,RMC,Raw material consumption,AT,Austria,2013,,23.832,,,,,
dataflow,ESTAT:CEI_PC020(1.0),Material footprint,A,Annual,T_HAB,Tonnes per capita,TOTAL,Total,RMC,Raw material consumption,AT,Austria,2014,,24.295,,,,,
dataflow,ESTAT:CEI_PC020(1.0),Material footprint,A,Annual,T_HAB,Tonnes per capita,TOTAL,Total,RMC,Raw material consumption,AT,Austria,2015,,23.374,,,,,
dataflow,ESTAT:CEI_PC020(1.0),Material footprint,A,Annual,T_HAB,Tonnes per capita,TOTAL,Total,RMC,Raw material consumption,AT,Austria,2016,,23.73,,,,,
dataflow,ESTAT:CEI_PC020(1.0),Material footprint,A,Annual,T_HAB,Tonnes per capita,TOTAL,Total,RMC,Raw material consumption,AT,Austria,2017,,23.638,,,,,
dataflow,ESTAT:CEI_PC020(1.0),Material footprint,A,Annual,T_HAB,Tonnes per capita,TOTAL,Total,RMC,Raw material consumption,AT,Austria,2018,,23.947,,,,,
dataflow,ESTAT:CEI_PC020(1.0),Material footprint,A,Annual,T_HAB,Tonnes per capita,TOTAL,Total,RMC,Raw material consumption,AT,Austria,2019,,23.583,,,,,
dataflow,ESTAT:CEI_PC020(1.0),Material footprint,A,Annual,T_HAB,Tonnes per capita,TOTAL,Total,RMC,Raw material consumption,AT,Austria,2020,,22.265,,,,,
dataflow,ESTAT:CEI_PC020(1.0),Material footprint,A,Annual,T_HAB,Tonnes per capita,TOTAL,Total,RMC,Raw material consumption,AT,Austria,2021,,25.314,,i,value imputed by Eurostat or other receiving agencies,,
dataflow,ESTAT:CEI_PC020(1.0),Material footprint,A,Annual,T_HAB,Tonnes per capita,TOTAL,Total,RMC,Raw material consumption,AT,Austria,2022,,24.753,,i,value imputed by Eurostat or other receiving agencies,,
dataflow,ESTAT:CEI_PC020(1.0),Material footprint,A,Annual,T_HAB,Tonnes per capita,TOTAL,Total,RMC,Raw material consumption,AT,Austria,2023,,22.031,,i,value imputed by Eurostat or other receiving agencies,,
dataflow,ESTAT:CEI_PC020(1.0),Material footprint,A,Annual,T_HAB,Tonnes per capita,TOTAL,Total,RMC,Raw material consumption,BE,Belgium,2008,,16.141,,,,,
dataflow,ESTAT:CEI_PC020(1.0),Material footprint,A,Annual,T_HAB,Tonnes per capita,TOTAL,Total,RMC,Raw material consumption,BE,Belgium,2009,,13.95,,,,,
dataflow,ESTAT:CEI_PC020(1.0),Material footprint,A,Annual,T_HAB,Tonnes per capita,TOTAL,Total,RMC,Raw material consumption,BE,Belgium,2010,,13.677,,,,,
dataflow,ESTAT:CEI_PC020(1.0),Material footprint,A,Annual,T_HAB,Tonnes per capita,TOTAL,Total,RMC,Raw material consumption,BE,Belgium,2011,,15.513,,,,,
dataflow,ESTAT:CEI_PC020(1.0),Material footprint,A,Annual,T_HAB,Tonnes per capita,TOTAL,Total,RMC,Raw material consumption,BE,Belgium,2012,,14.069,,,,,
dataflow,ESTAT:CEI_PC020(1.0),Material footprint,A,Annual,T_HAB,Tonnes per capita,TOTAL,Total,RMC,Raw material consumption,BE,Belgium,2013,,13.377,,,,,
dataflow,ESTAT:CEI_PC020(1.0),Material footprint,A,Annual,T_HAB,Tonnes per capita,TOTAL,Total,RMC,Raw material consumption,BE,Belgium,2014,,14.489,,,,,
dataflow,ESTAT:CEI_PC020(1.0),Material footprint,A,Annual,T_HAB,Tonnes per capita,TOTAL,Total,RMC,Raw material consumption,BE,Belgium,2015,,14.526,,,,,
dataflow,ESTAT:CEI_PC020(1.0),Material footprint,A,Annual,T_HAB,Tonnes per capita,TOTAL,Total,RMC,Raw material consumption,BE,Belgium,2016,,14.008,,,,,
dataflow,ESTAT:CEI_PC020(1.0),Material footprint,A,Annual,T_HAB,Tonnes per capita,TOTAL,Total,RMC,Raw material consumption,BE,Belgium,2017,,13.431,,,,,
dataflow,ESTAT:CEI_PC020(1.0),Material footprint,A,Annual,T_HAB,Tonnes per capita,TOTAL,Total,RMC,Raw material consumption,BE,Belgium,2018,,14.92,,,,,
dataflow,ESTAT:CEI_PC020(1.0),Material footprint,A,Annual,T_HAB,Tonnes per capita,TOTAL,Total,RMC,Raw material consumption,BE,Belgium,2019,,12.822,,,,,
dataflow,ESTAT:CEI_PC020(1.0),Material footprint,A,Annual,T_HAB,Tonnes per capita,TOTAL,Total,RMC,Raw material consumption,BE,Belgium,2020,,12.985,,,,,
dataflow,ESTAT:CEI_PC020(1.0),Material footprint,A,Annual,T_HAB,Tonnes per capita,TOTAL,Total,RMC,Raw material consumption,BE,Belgium,2021,,14.039,,i,value imputed by Eurostat or other receiving agencies,,
dataflow,ESTAT:CEI_PC020(1.0),Material footprint,A,Annual,T_HAB,Tonnes per capita,TOTAL,Total,RMC,Raw material consumption,BE,Belgium,2022,,12.888,,i,value imputed by Eurostat or other receiving agencies,,
dataflow,ESTAT:CEI_PC020(1.0),Material footprint,A,Annual,T_HAB,Tonnes per capita,TOTAL,Total,RMC,Raw material consumption,BE,Belgium,2023,,13.821,,i,value imputed by Eurostat or other receiving agencies,,
dataflow,ESTAT:CEI_PC020(1.0),Material footprint,A,Annual,T_HAB,Tonnes per capita,TOTAL,Total,RMC,Raw material consumption,BG,Bulgaria,2008,,19.611,,i,value imputed by Eurostat or other receiving agencies,,
dataflow,ESTAT:CEI_PC020(1.0),Material footprint,A,Annual,T_HAB,Tonnes per capita,TOTAL,Total,RMC,Raw material consumption,BG,Bulgaria,2009,,16.204,,i,value imputed by Eurostat or other receiving agencies,,
dataflow,ESTAT:CEI_PC020(1.0),Material footprint,A,Annual,T_HAB,Tonnes per capita,TOTAL,Total,RMC,Raw material consumption,BG,Bulgaria,2010,,13.571,,i,value imputed by Eurostat or other receiving agencies,,
dataflow,ESTAT:CEI_PC020(1.0),Material footprint,A,Annual,T_HAB,Tonnes per capita,TOTAL,Total,RMC,Raw material consumption,BG,Bulgaria,2011,,14.539,,i,value imputed by Eurostat or other receiving agencies,,
dataflow,ESTAT:CEI_PC020(1.0),Material footprint,A,Annual,T_HAB,Tonnes per capita,TOTAL,Total,RMC,Raw material consumption,BG,Bulgaria,2012,,14.975,,i,value imputed by Eurostat or other receiving agencies,,
dataflow,ESTAT:CEI_PC020(1.0),Material footprint,A,Annual,T_HAB,Tonnes per capita,TOTAL,Total,RMC,Raw material consumption,BG,Bulgaria,2013,,15.638,,i,value imputed by Eurostat or other receiving agencies,,
dataflow,ESTAT:CEI_PC020(1.0),Material footprint,A,Annual,T_HAB,Tonnes per capita,TOTAL,Total,RMC,Raw material consumption,BG,Bulgaria,2014,,16.021,,i,value imputed by Eurostat or other receiving agencies,,
dataflow,ESTAT:CEI_PC020(1.0),Material footprint,A,Annual,T_HAB,Tonnes per capita,TOTAL,Total,RMC,Raw material consumption,BG,Bulgaria,2015,,16.444,,i,value imputed by Eurostat or other receiving agencies,,
dataflow,ESTAT:CEI_PC020(1.0),Material footprint,A,Annual,T_HAB,Tonnes per capita,TOTAL,Total,RMC,Raw material consumption,BG,Bulgaria,2016,,16.155,,i,value imputed by Eurostat or other receiving agencies,,
dataflow,ESTAT:CEI_PC020(1.0),Material footprint,A,Annual,T_HAB,Tonnes per capita,TOTAL,Total,RMC,Raw material consumption,BG,Bulgaria,2017,,15.267,,i,value imputed by Eurostat or other receiving agencies,,
dataflow,ESTAT:CEI_PC020(1.0),Material footprint,A,Annual,T_HAB,Tonnes per capita,TOTAL,Total,RMC,Raw material consumption,BG,Bulgaria,2018,,18.35,,i,value imputed by Eurostat or other receiving agencies,,
dataflow,ESTAT:CEI_PC020(1.0),Material footprint,A,Annual,T_HAB,Tonnes per capita,TOTAL,Total,RMC,Raw material consumption,BG,Bulgaria,2019,,20.706,,i,value imputed by Eurostat or other receiving agencies,,
dataflow,ESTAT:CEI_PC020(1.0),Material footprint,A,Annual,T_HAB,Tonnes per capita,TOTAL,Total,RMC,Raw material consumption,BG,Bulgaria,2020,,20.66,,i,value imputed by Eurostat or other receiving agencies,,
dataflow,ESTAT:CEI_PC020(1.0),Material footprint,A,Annual,T_HAB,Tonnes per capita,TOTAL,Total,RMC,Raw material consumption,BG,Bulgaria,2021,,21.595,,i,value imputed by Eurostat or other receiving agencies,,
dataflow,ESTAT:CEI_PC020(1.0),Material footprint,A,Annual,T_HAB,Tonnes per capita,TOTAL,Total,RMC,Raw material consumption,BG,Bulgaria,2022,,24.184,,i,value imputed by Eurostat or other receiving agencies,,
dataflow,ESTAT:CEI_PC020(1.0),Material footprint,A,Annual,T_HAB,Tonnes per capita,TOTAL,Total,RMC,Raw material consumption,BG,Bulgaria,2023,,21.287,,i,value imputed by Eurostat or other receiving agencies,,
dataflow,ESTAT:CEI_PC020(1.0),Material footprint,A,Annual,T_HAB,Tonnes per capita,TOTAL,Total,RMC,Raw material consumption,CH,Switzerland,2000,,20.157,,,,,
dataflow,ESTAT:CEI_PC020(1.0),Material footprint,A,Annual,T_HAB,Tonnes per capita,TOTAL,Total,RMC,Raw material consumption,CH,Switzerland,2001,,20.919,,,,,
dataflow,ESTAT:CEI_PC020(1.0),Material footprint,A,Annual,T_HAB,Tonnes per capita,TOTAL,Total,RMC,Raw material consumption,CH,Switzerland,2002,,20.409,,,,,
dataflow,ESTAT:CEI_PC020(1.0),Material footprint,A,Annual,T_HAB,Tonnes per capita,TOTAL,Total,RMC,Raw material consumption,CH,Switzerland,2003,,19.682,,,,,
dataflow,ESTAT:CEI_PC020(1.0),Material footprint,A,Annual,T_HAB,Tonnes per capita,TOTAL,Total,RMC,Raw material consumption,CH,Switzerland,2004,,19.74,,,,,
dataflow,ESTAT:CEI_PC020(1.0),Material footprint,A,Annual,T_HAB,Tonnes per capita,TOTAL,Total,RMC,Raw material consumption,CH,Switzerland,2005,,19.817,,,,,
dataflow,ESTAT:CEI_PC020(1.0),Material footprint,A,Annual,T_HAB,Tonnes per capita,TOTAL,Total,RMC,Raw material consumption,CH,Switzerland,2006,,20.021,,,,,
dataflow,ESTAT:CEI_PC020(1.0),Material footprint,A,Annual,T_HAB,Tonnes per capita,TOTAL,Total,RMC,Raw material consumption,CH,Switzerland,2007,,20.369,,,,,
dataflow,ESTAT:CEI_PC020(1.0),Material footprint,A,Annual,T_HAB,Tonnes per capita,TOTAL,Total,RMC,Raw material consumption,CH,Switzerland,2008,,20.379,,,,,
dataflow,ESTAT:CEI_PC020(1.0),Material footprint,A,Annual,T_HAB,Tonnes per capita,TOTAL,Total,RMC,Raw material consumption,CH,Switzerland,2009,,20.342,,,,,
dataflow,ESTAT:CEI_PC020(1.0),Material footprint,A,Annual,T_HAB,Tonnes per capita,TOTAL,Total,RMC,Raw material consumption,CH,Switzerland,2010,,18.455,,,,,
dataflow,ESTAT:CEI_PC020(1.0),Material footprint,A,Annual,T_HAB,Tonnes per capita,TOTAL,Total,RMC,Raw material consumption,CH,Switzerland,2011,,19.755,,,,,
dataflow,ESTAT:CEI_PC020(1.0),Material footprint,A,Annual,T_HAB,Tonnes per capita,TOTAL,Total,RMC,Raw material consumption,CH,Switzerland,2012,,19.05,,,,,
dataflow,ESTAT:CEI_PC020(1.0),Material footprint,A,Annual,T_HAB,Tonnes per capita,TOTAL,Total,RMC,Raw material consumption,CH,Switzerland,2013,,19.282,,,,,
dataflow,ESTAT:CEI_PC020(1.0),Material footprint,A,Annual,T_HAB,Tonnes per capita,TOTAL,Total,RMC,Raw material consumption,CH,Switzerland,2014,,18.314,,,,,
dataflow,ESTAT:CEI_PC020(1.0),Material footprint,A,Annual,T_HAB,Tonnes per capita,TOTAL,Total,RMC,Raw material consumption,CH,Switzerland,2015,,18.428,,,,,
dataflow,ESTAT:CEI_PC020(1.0),Material footprint,A,Annual,T_HAB,Tonnes per capita,TOTAL,Total,RMC,Raw material consumption,CH,Switzerland,2016,,18.945,,,,,
dataflow,ESTAT:CEI_PC020(1.0),Material footprint,A,Annual,T_HAB,Tonnes per capita,TOTAL,Total,RMC,Raw material consumption,CH,Switzerland,2017,,18.256,,,,,
dataflow,ESTAT:CEI_PC020(1.0),Material footprint,A,Annual,T_HAB,Tonnes per capita,TOTAL,Total,RMC,Raw material consumption,CH,Switzerland,2018,,17.351,,,,,
dataflow,ESTAT:CEI_PC020(1.0),Material footprint,A,Annual,T_HAB,Tonnes per capita,TOTAL,Total,RMC,Raw material consumption,CH,Switzerland,2019,,17.01,,,,,
dataflow,ESTAT:CEI_PC020(1.0),Material footprint,A,Annual,T_HAB,Tonnes per capita,TOTAL,Total,RMC,Raw material consumption,CH,Switzerland,2020,,16.184,,,,,
dataflow,ESTAT:CEI_PC020(1.0),Material footprint,A,Annual,T_HAB,Tonnes per capita,TOTAL,Total,RMC,Raw material consumption,CH,Switzerland,2021,,15.616,,,,,
dataflow,ESTAT:CEI_PC020(1.0),Material footprint,A,Annual,T_HAB,Tonnes per capita,TOTAL,Total,RMC,Raw material consumption,CH,Switzerland,2022,,15.956,,,,,
dataflow,ESTAT:CEI_PC020(1.0),Material footprint,A,Annual,T_HAB,Tonnes per capita,TOTAL,Total,RMC,Raw material consumption,CH,Switzerland,2023,,14.905,,i,value imputed by Eurostat or other receiving agencies,,
dataflow,ESTAT:CEI_PC020(1.0),Material footprint,A,Annual,T_HAB,Tonnes per capita,TOTAL,Total,RMC,Raw material consumption,CY,Cyprus,2008,,41.372,,,,,
dataflow,ESTAT:CEI_PC020(1.0),Material footprint,A,Annual,T_HAB,Tonnes per capita,TOTAL,Total,RMC,Raw material consumption,CY,Cyprus,2009,,35.57,,,,,
dataflow,ESTAT:CEI_PC020(1.0),Material footprint,A,Annual,T_HAB,Tonnes per capita,TOTAL,Total,RMC,Raw material consumption,CY,Cyprus,2010,,31.123,,,,,
dataflow,ESTAT:CEI_PC020(1.0),Material footprint,A,Annual,T_HAB,Tonnes per capita,TOTAL,Total,RMC,Raw material consumption,CY,Cyprus,2011,,28.802,,,,,
dataflow,ESTAT:CEI_PC020(1.0),Material footprint,A,Annual,T_HAB,Tonnes per capita,TOTAL,Total,RMC,Raw material consumption,CY,Cyprus,2012,,20.694,,,,,
dataflow,ESTAT:CEI_PC020(1.0),Material footprint,A,Annual,T_HAB,Tonnes per capita,TOTAL,Total,RMC,Raw material consumption,CY,Cyprus,2013,,15.271,,,,,
dataflow,ESTAT:CEI_PC020(1.0),Material footprint,A,Annual,T_HAB,Tonnes per capita,TOTAL,Total,RMC,Raw material consumption,CY,Cyprus,2014,,15.134,,,,,
dataflow,ESTAT:CEI_PC020(1.0),Material footprint,A,Annual,T_HAB,Tonnes per capita,TOTAL,Total,RMC,Raw material consumption,CY,Cyprus,2015,,15.362,,,,,
dataflow,ESTAT:CEI_PC020(1.0),Material footprint,A,Annual,T_HAB,Tonnes per capita,TOTAL,Total,RMC,Raw material consumption,CY,Cyprus,2016,,16.967,,,,,
dataflow,ESTAT:CEI_PC020(1.0),Material footprint,A,Annual,T_HAB,Tonnes per capita,TOTAL,Total,RMC,Raw material consumption,CY,Cyprus,2017,,20.197,,,,,
dataflow,ESTAT:CEI_PC020(1.0),Material footprint,A,Annual,T_HAB,Tonnes per capita,TOTAL,Total,RMC,Raw material consumption,CY,Cyprus,2018,,19.368,,,,,
dataflow,ESTAT:CEI_PC020(1.0),Material footprint,A,Annual,T_HAB,Tonnes per capita,TOTAL,Total,RMC,Raw material consumption,CY,Cyprus,2019,,20.505,,,,,
dataflow,ESTAT:CEI_PC020(1.0),Material footprint,A,Annual,T_HAB,Tonnes per capita,TOTAL,Total,RMC,Raw material consumption,CY,Cyprus,2020,,19.563,,,,,
dataflow,ESTAT:CEI_PC020(1.0),Material footprint,A,Annual,T_HAB,Tonnes per capita,TOTAL,Total,RMC,Raw material consumption,CY,Cyprus,2021,,20.655,,,,,
dataflow,ESTAT:CEI_PC020(1.0),Material footprint,A,Annual,T_HAB,Tonnes per capita,TOTAL,Total,RMC,Raw material consumption,CY,Cyprus,2022,,20.585,,i,value imputed by Eurostat or other receiving agencies,,
dataflow,ESTAT:CEI_PC020(1.0),Material footprint,A,Annual,T_HAB,Tonnes per capita,TOTAL,Total,RMC,Raw material consumption,CY,Cyprus,2023,,20.714,,i,value imputed by Eurostat or other receiving agencies,,
dataflow,ESTAT:CEI_PC020(1.0),Material footprint,A,Annual,T_HAB,Tonnes per capita,TOTAL,Total,RMC,Raw material consumption,CZ,Czechia,2008,,20.098,,,,,
dataflow,ESTAT:CEI_PC020(1.0),Material footprint,A,Annual,T_HAB,Tonnes per capita,TOTAL,Total,RMC,Raw material consumption,CZ,Czechia,2009,,16.51,,,,,
dataflow,ESTAT:CEI_PC020(1.0),Material footprint,A,Annual,T_HAB,Tonnes per capita,TOTAL,Total,RMC,Raw material consumption,CZ,Czechia,2010,,17.002,,,,,
dataflow,ESTAT:CEI_PC020(1.0),Material footprint,A,Annual,T_HAB,Tonnes per capita,TOTAL,Total,RMC,Raw material consumption,CZ,Czechia,2011,,17.271,,,,,
dataflow,ESTAT:CEI_PC020(1.0),Material footprint,A,Annual,T_HAB,Tonnes per capita,TOTAL,Total,RMC,Raw material consumption,CZ,Czechia,2012,,14.982,,,,,
dataflow,ESTAT:CEI_PC020(1.0),Material footprint,A,Annual,T_HAB,Tonnes per capita,TOTAL,Total,RMC,Raw material consumption,CZ,Czechia,2013,,15.314,,,,,
dataflow,ESTAT:CEI_PC020(1.0),Material footprint,A,Annual,T_HAB,Tonnes per capita,TOTAL,Total,RMC,Raw material consumption,CZ,Czechia,2014,,16.141,,,,,
dataflow,ESTAT:CEI_PC020(1.0),Material footprint,A,Annual,T_HAB,Tonnes per capita,TOTAL,Total,RMC,Raw material consumption,CZ,Czechia,2015,,16.988,,,,,
dataflow,ESTAT:CEI_PC020(1.0),Material footprint,A,Annual,T_HAB,Tonnes per capita,TOTAL,Total,RMC,Raw material consumption,CZ,Czechia,2016,,16.688,,,,,
dataflow,ESTAT:CEI_PC020(1.0),Material footprint,A,Annual,T_HAB,Tonnes per capita,TOTAL,Total,RMC,Raw material consumption,CZ,Czechia,2017,,17.85,,,,,
dataflow,ESTAT:CEI_PC020(1.0),Material footprint,A,Annual,T_HAB,Tonnes per capita,TOTAL,Total,RMC,Raw material consumption,CZ,Czechia,2018,,17.83,,,,,
dataflow,ESTAT:CEI_PC020(1.0),Material footprint,A,Annual,T_HAB,Tonnes per capita,TOTAL,Total,RMC,Raw material consumption,CZ,Czechia,2019,,17.336,,,,,
dataflow,ESTAT:CEI_PC020(1.0),Material footprint,A,Annual,T_HAB,Tonnes per capita,TOTAL,Total,RMC,Raw material consumption,CZ,Czechia,2020,,16.042,,,,,
dataflow,ESTAT:CEI_PC020(1.0),Material footprint,A,Annual,T_HAB,Tonnes per capita,TOTAL,Total,RMC,Raw material consumption,CZ,Czechia,2021,,18.252,,,,,
dataflow,ESTAT:CEI_PC020(1.0),Material footprint,A,Annual,T_HAB,Tonnes per capita,TOTAL,Total,RMC,Raw material consumption,CZ,Czechia,2022,,19.455,,i,value imputed by Eurostat or other receiving agencies,,
dataflow,ESTAT:CEI_PC020(1.0),Material footprint,A,Annual,T_HAB,Tonnes per capita,TOTAL,Total,RMC,Raw material consumption,CZ,Czechia,2023,,18.604,,i,value imputed by Eurostat or other receiving agencies,,
dataflow,ESTAT:CEI_PC020(1.0),Material footprint,A,Annual,T_HAB,Tonnes per capita,TOTAL,Total,RMC,Raw material consumption,DE,Germany,2008,,17.116,,i,value imputed by Eurostat or other receiving agencies,,
dataflow,ESTAT:CEI_PC020(1.0),Material footprint,A,Annual,T_HAB,Tonnes per capita,TOTAL,Total,RMC,Raw material consumption,DE,Germany,2009,,16.087,,i,value imputed by Eurostat or other receiving agencies,,
dataflow,ESTAT:CEI_PC020(1.0),Material footprint,A,Annual,T_HAB,Tonnes per capita,TOTAL,Total,RMC,Raw material consumption,DE,Germany,2010,,15.399,,,,,
dataflow,ESTAT:CEI_PC020(1.0),Material footprint,A,Annual,T_HAB,Tonnes per capita,TOTAL,Total,RMC,Raw material consumption,DE,Germany,2011,,17.07,,,,,
dataflow,ESTAT:CEI_PC020(1.0),Material footprint,A,Annual,T_HAB,Tonnes per capita,TOTAL,Total,RMC,Raw material consumption,DE,Germany,2012,,16.007,,,,,
dataflow,ESTAT:CEI_PC020(1.0),Material footprint,A,Annual,T_HAB,Tonnes per capita,TOTAL,Total,RMC,Raw material consumption,DE,Germany,2013,,15.949,,,,,
dataflow,ESTAT:CEI_PC020(1.0),Material footprint,A,Annual,T_HAB,Tonnes per capita,TOTAL,Total,RMC,Raw material consumption,DE,Germany,2014,,16.059,,,,,
dataflow,ESTAT:CEI_PC020(1.0),Material footprint,A,Annual,T_HAB,Tonnes per capita,TOTAL,Total,RMC,Raw material consumption,DE,Germany,2015,,15.316,,,,,
dataflow,ESTAT:CEI_PC020(1.0),Material footprint,A,Annual,T_HAB,Tonnes per capita,TOTAL,Total,RMC,Raw material consumption,DE,Germany,2016,,15.665,,,,,
dataflow,ESTAT:CEI_PC020(1.0),Material footprint,A,Annual,T_HAB,Tonnes per capita,TOTAL,Total,RMC,Raw material consumption,DE,Germany,2017,,16.089,,,,,
dataflow,ESTAT:CEI_PC020(1.0),Material footprint,A,Annual,T_HAB,Tonnes per capita,TOTAL,Total,RMC,Raw material consumption,DE,Germany,2018,,16.21,,,,,
dataflow,ESTAT:CEI_PC020(1.0),Material footprint,A,Annual,T_HAB,Tonnes per capita,TOTAL,Total,RMC,Raw material consumption,DE,Germany,2019,,15.982,,,,,
dataflow,ESTAT:CEI_PC020(1.0),Material footprint,A,Annual,T_HAB,Tonnes per capita,TOTAL,Total,RMC,Raw material consumption,DE,Germany,2020,,15.271,,,,,
dataflow,ESTAT:CEI_PC020(1.0),Material footprint,A,Annual,T_HAB,Tonnes per capita,TOTAL,Total,RMC,Raw material consumption,DE,Germany,2021,,15.376,,e,estimated,,
dataflow,ESTAT:CEI_PC020(1.0),Material footprint,A,Annual,T_HAB,Tonnes per capita,TOTAL,Total,RMC,Raw material consumption,DE,Germany,2022,,15.865,,i,value imputed by Eurostat or other receiving agencies,,
dataflow,ESTAT:CEI_PC020(1.0),Material footprint,A,Annual,T_HAB,Tonnes per capita,TOTAL,Total,RMC,Raw material consumption,DE,Germany,2023,,14.535,,i,value imputed by Eurostat or other receiving agencies,,
dataflow,ESTAT:CEI_PC020(1.0),Material footprint,A,Annual,T_HAB,Tonnes per capita,TOTAL,Total,RMC,Raw material consumption,DK,Denmark,2008,,28.89,,,,,
dataflow,ESTAT:CEI_PC020(1.0),Material footprint,A,Annual,T_HAB,Tonnes per capita,TOTAL,Total,RMC,Raw material consumption,DK,Denmark,2009,,24.873,,,,,
dataflow,ESTAT:CEI_PC020(1.0),Material footprint,A,Annual,T_HAB,Tonnes per capita,TOTAL,Total,RMC,Raw material consumption,DK,Denmark,2010,,18.151,,,,,
dataflow,ESTAT:CEI_PC020(1.0),Material footprint,A,Annual,T_HAB,Tonnes per capita,TOTAL,Total,RMC,Raw material consumption,DK,Denmark,2011,,21.297,,,,,
dataflow,ESTAT:CEI_PC020(1.0),Material footprint,A,Annual,T_HAB,Tonnes per capita,TOTAL,Total,RMC,Raw material consumption,DK,Denmark,2012,,22.581,,,,,
dataflow,ESTAT:CEI_PC020(1.0),Material footprint,A,Annual,T_HAB,Tonnes per capita,TOTAL,Total,RMC,Raw material consumption,DK,Denmark,2013,,21.365,,,,,
dataflow,ESTAT:CEI_PC020(1.0),Material footprint,A,Annual,T_HAB,Tonnes per capita,TOTAL,Total,RMC,Raw material consumption,DK,Denmark,2014,,21.128,,,,,
dataflow,ESTAT:CEI_PC020(1.0),Material footprint,A,Annual,T_HAB,Tonnes per capita,TOTAL,Total,RMC,Raw material consumption,DK,Denmark,2015,,23.102,,,,,
dataflow,ESTAT:CEI_PC020(1.0),Material footprint,A,Annual,T_HAB,Tonnes per capita,TOTAL,Total,RMC,Raw material consumption,DK,Denmark,2016,,23.335,,,,,
dataflow,ESTAT:CEI_PC020(1.0),Material footprint,A,Annual,T_HAB,Tonnes per capita,TOTAL,Total,RMC,Raw material consumption,DK,Denmark,2017,,22.867,,,,,
dataflow,ESTAT:CEI_PC020(1.0),Material footprint,A,Annual,T_HAB,Tonnes per capita,TOTAL,Total,RMC,Raw material consumption,DK,Denmark,2018,,23.184,,,,,
dataflow,ESTAT:CEI_PC020(1.0),Material footprint,A,Annual,T_HAB,Tonnes per capita,TOTAL,Total,RMC,Raw material consumption,DK,Denmark,2019,,24.237,,,,,
dataflow,ESTAT:CEI_PC020(1.0),Material footprint,A,Annual,T_HAB,Tonnes per capita,TOTAL,Total,RMC,Raw material consumption,DK,Denmark,2020,,22.529,,i,value imputed by Eurostat or other receiving agencies,,
dataflow,ESTAT:CEI_PC020(1.0),Material footprint,A,Annual,T_HAB,Tonnes per capita,TOTAL,Total,RMC,Raw material consumption,DK,Denmark,2021,,23.131,,i,value imputed by Eurostat or other receiving agencies,,
dataflow,ESTAT:CEI_PC020(1.0),Material footprint,A,Annual,T_HAB,Tonnes per capita,TOTAL,Total,RMC,Raw material consumption,DK,Denmark,2022,,23.816,,i,value imputed by Eurostat or other receiving agencies,,
dataflow,ESTAT:CEI_PC020(1.0),Material footprint,A,Annual,T_HAB,Tonnes per capita,TOTAL,Total,RMC,Raw material consumption,DK,Denmark,2023,,21.925,,i,value imputed by Eurostat or other receiving agencies,,
dataflow,ESTAT:CEI_PC020(1.0),Material footprint,A,Annual,T_HAB,Tonnes per capita,TOTAL,Total,RMC,Raw material consumption,EE,Estonia,2008,,27.015,,,,,
dataflow,ESTAT:CEI_PC020(1.0),Material footprint,A,Annual,T_HAB,Tonnes per capita,TOTAL,Total,RMC,Raw material consumption,EE,Estonia,2009,,25.422,,,,,
dataflow,ESTAT:CEI_PC020(1.0),Material footprint,A,Annual,T_HAB,Tonnes per capita,TOTAL,Total,RMC,Raw material consumption,EE,Estonia,2010,,23.653,,,,,
dataflow,ESTAT:CEI_PC020(1.0),Material footprint,A,Annual,T_HAB,Tonnes per capita,TOTAL,Total,RMC,Raw material consumption,EE,Estonia,2011,,26.241,,,,,
dataflow,ESTAT:CEI_PC020(1.0),Material footprint,A,Annual,T_HAB,Tonnes per capita,TOTAL,Total,RMC,Raw material consumption,EE,Estonia,2012,,27.188,,,,,
dataflow,ESTAT:CEI_PC020(1.0),Material footprint,A,Annual,T_HAB,Tonnes per capita,TOTAL,Total,RMC,Raw material consumption,EE,Estonia,2013,,26.624,,,,,
dataflow,ESTAT:CEI_PC020(1.0),Material footprint,A,Annual,T_HAB,Tonnes per capita,TOTAL,Total,RMC,Raw material consumption,EE,Estonia,2014,,24.299,,,,,
dataflow,ESTAT:CEI_PC020(1.0),Material footprint,A,Annual,T_HAB,Tonnes per capita,TOTAL,Total,RMC,Raw material consumption,EE,Estonia,2015,,25.447,,,,,
dataflow,ESTAT:CEI_PC020(1.0),Material footprint,A,Annual,T_HAB,Tonnes per capita,TOTAL,Total,RMC,Raw material consumption,EE,Estonia,2016,,24.55,,,,,
dataflow,ESTAT:CEI_PC020(1.0),Material footprint,A,Annual,T_HAB,Tonnes per capita,TOTAL,Total,RMC,Raw material consumption,EE,Estonia,2017,,28.867,,,,,
dataflow,ESTAT:CEI_PC020(1.0),Material footprint,A,Annual,T_HAB,Tonnes per capita,TOTAL,Total,RMC,Raw material consumption,EE,Estonia,2018,,30.579,,,,,
dataflow,ESTAT:CEI_PC020(1.0),Material footprint,A,Annual,T_HAB,Tonnes per capita,TOTAL,Total,RMC,Raw material consumption,EE,Estonia,2019,,28.676,,,,,
dataflow,ESTAT:CEI_PC020(1.0),Material footprint,A,Annual,T_HAB,Tonnes per capita,TOTAL,Total,RMC,Raw material consumption,EE,Estonia,2020,,28.366,,,,,
dataflow,ESTAT:CEI_PC020(1.0),Material footprint,A,Annual,T_HAB,Tonnes per capita,TOTAL,Total,RMC,Raw material consumption,EE,Estonia,2021,,26.865,,,,,
dataflow,ESTAT:CEI_PC020(1.0),Material footprint,A,Annual,T_HAB,Tonnes per capita,TOTAL,Total,RMC,Raw material consumption,EE,Estonia,2022,,27.47,,i,value imputed by Eurostat or other receiving agencies,,
dataflow,ESTAT:CEI_PC020(1.0),Material footprint,A,Annual,T_HAB,Tonnes per capita,TOTAL,Total,RMC,Raw material consumption,EE,Estonia,2023,,29.894,,i,value imputed by Eurostat or other receiving agencies,,
dataflow,ESTAT:CEI_PC020(1.0),Material footprint,A,Annual,T_HAB,Tonnes per capita,TOTAL,Total,RMC,Raw material consumption,EL,Greece,2008,,27.02,,i,value imputed by Eurostat or other receiving agencies,,
dataflow,ESTAT:CEI_PC020(1.0),Material footprint,A,Annual,T_HAB,Tonnes per capita,TOTAL,Total,RMC,Raw material consumption,EL,Greece,2009,,23.397,,i,value imputed by Eurostat or other receiving agencies,,
dataflow,ESTAT:CEI_PC020(1.0),Material footprint,A,Annual,T_HAB,Tonnes per capita,TOTAL,Total,RMC,Raw material consumption,EL,Greece,2010,,18.374,,i,value imputed by Eurostat or other receiving agencies,,
dataflow,ESTAT:CEI_PC020(1.0),Material footprint,A,Annual,T_HAB,Tonnes per capita,TOTAL,Total,RMC,Raw material consumption,EL,Greece,2011,,16.455,,i,value imputed by Eurostat or other receiving agencies,,
dataflow,ESTAT:CEI_PC020(1.0),Material footprint,A,Annual,T_HAB,Tonnes per capita,TOTAL,Total,RMC,Raw material consumption,EL,Greece,2012,,14.798,,i,value imputed by Eurostat or other receiving agencies,,
dataflow,ESTAT:CEI_PC020(1.0),Material footprint,A,Annual,T_HAB,Tonnes per capita,TOTAL,Total,RMC,Raw material consumption,EL,Greece,2013,,13.755,,i,value imputed by Eurostat or other receiving agencies,,
dataflow,ESTAT:CEI_PC020(1.0),Material footprint,A,Annual,T_HAB,Tonnes per capita,TOTAL,Total,RMC,Raw material consumption,EL,Greece,2014,,13.716,,i,value imputed by Eurostat or other receiving agencies,,
dataflow,ESTAT:CEI_PC020(1.0),Material footprint,A,Annual,T_HAB,Tonnes per capita,TOTAL,Total,RMC,Raw material consumption,EL,Greece,2015,,12.953,,i,value imputed by Eurostat or other receiving agencies,,
dataflow,ESTAT:CEI_PC020(1.0),Material footprint,A,Annual,T_HAB,Tonnes per capita,TOTAL,Total,RMC,Raw material consumption,EL,Greece,2016,,12.678,,i,value imputed by Eurostat or other receiving agencies,,
dataflow,ESTAT:CEI_PC020(1.0),Material footprint,A,Annual,T_HAB,Tonnes per capita,TOTAL,Total,RMC,Raw material consumption,EL,Greece,2017,,12.102,,i,value imputed by Eurostat or other receiving agencies,,
dataflow,ESTAT:CEI_PC020(1.0),Material footprint,A,Annual,T_HAB,Tonnes per capita,TOTAL,Total,RMC,Raw material consumption,EL,Greece,2018,,12.181,,i,value imputed by Eurostat or other receiving agencies,,
dataflow,ESTAT:CEI_PC020(1.0),Material footprint,A,Annual,T_HAB,Tonnes per capita,TOTAL,Total,RMC,Raw material consumption,EL,Greece,2019,,12.271,,i,value imputed by Eurostat or other receiving agencies,,
dataflow,ESTAT:CEI_PC020(1.0),Material footprint,A,Annual,T_HAB,Tonnes per capita,TOTAL,Total,RMC,Raw material consumption,EL,Greece,2020,,11.052,,i,value imputed by Eurostat or other receiving agencies,,
dataflow,ESTAT:CEI_PC020(1.0),Material footprint,A,Annual,T_HAB,Tonnes per capita,TOTAL,Total,RMC,Raw material consumption,EL,Greece,2021,,11.039,,i,value imputed by Eurostat or other receiving agencies,,
dataflow,ESTAT:CEI_PC020(1.0),Material footprint,A,Annual,T_HAB,Tonnes per capita,TOTAL,Total,RMC,Raw material consumption,EL,Greece,2022,,11.658,,i,value imputed by Eurostat or other receiving agencies,,
dataflow,ESTAT:CEI_PC020(1.0),Material footprint,A,Annual,T_HAB,Tonnes per capita,TOTAL,Total,RMC,Raw material consumption,EL,Greece,2023,,11.672,,i,value imputed by Eurostat or other receiving agencies,,
dataflow,ESTAT:CEI_PC020(1.0),Material footprint,A,Annual,T_HAB,Tonnes per capita,TOTAL,Total,RMC,Raw material consumption,ES,Spain,2008,,20.392,,i,value imputed by Eurostat or other receiving agencies,,
dataflow,ESTAT:CEI_PC020(1.0),Material footprint,A,Annual,T_HAB,Tonnes per capita,TOTAL,Total,RMC,Raw material consumption,ES,Spain,2009,,16.46,,i,value imputed by Eurostat or other receiving agencies,,
dataflow,ESTAT:CEI_PC020(1.0),Material footprint,A,Annual,T_HAB,Tonnes per capita,TOTAL,Total,RMC,Raw material consumption,ES,Spain,2010,,13.474,,i,value imputed by Eurostat or other receiving agencies,,
dataflow,ESTAT:CEI_PC020(1.0),Material footprint,A,Annual,T_HAB,Tonnes per capita,TOTAL,Total,RMC,Raw material consumption,ES,Spain,2011,,12.599,,i,value imputed by Eurostat or other receiving agencies,,
dataflow,ESTAT:CEI_PC020(1.0),Material footprint,A,Annual,T_HAB,Tonnes per capita,TOTAL,Total,RMC,Raw material consumption,ES,Spain,2012,,9.476,,i,value imputed by Eurostat or other receiving agencies,,
dataflow,ESTAT:CEI_PC020(1.0),Material footprint,A,Annual,T_HAB,Tonnes per capita,TOTAL,Total,RMC,Raw material consumption,ES,Spain,2013,,8.971,,i,value imputed by Eurostat or other receiving agencies,,
dataflow,ESTAT:CEI_PC020(1.0),Material footprint,A,Annual,T_HAB,Tonnes per capita,TOTAL,Total,RMC,Raw material consumption,ES,Spain,2014,,9.329,,i,value imputed by Eurostat or other receiving agencies,,
dataflow,ESTAT:CEI_PC020(1.0),Material footprint,A,Annual,T_HAB,Tonnes per capita,TOTAL,Total,RMC,Raw material consumption,ES,Spain,2015,,9.43,,i,value imputed by Eurostat or other receiving agencies,,
dataflow,ESTAT:CEI_PC020(1.0),Material footprint,A,Annual,T_HAB,Tonnes per capita,TOTAL,Total,RMC,Raw material consumption,ES,Spain,2016,,9.734,,i,value imputed by Eurostat or other receiving agencies,,
dataflow,ESTAT:CEI_PC020(1.0),Material footprint,A,Annual,T_HAB,Tonnes per capita,TOTAL,Total,RMC,Raw material consumption,ES,Spain,2017,,10.033,,i,value imputed by Eurostat or other receiving agencies,,
dataflow,ESTAT:CEI_PC020(1.0),Material footprint,A,Annual,T_HAB,Tonnes per capita,TOTAL,Total,RMC,Raw material consumption,ES,Spain,2018,,11.024,,i,value imputed by Eurostat or other receiving agencies,,
dataflow,ESTAT:CEI_PC020(1.0),Material footprint,A,Annual,T_HAB,Tonnes per capita,TOTAL,Total,RMC,Raw material consumption,ES,Spain,2019,,10.243,,i,value imputed by Eurostat or other receiving agencies,,
dataflow,ESTAT:CEI_PC020(1.0),Material footprint,A,Annual,T_HAB,Tonnes per capita,TOTAL,Total,RMC,Raw material consumption,ES,Spain,2020,,9.96,,i,value imputed by Eurostat or other receiving agencies,,
dataflow,ESTAT:CEI_PC020(1.0),Material footprint,A,Annual,T_HAB,Tonnes per capita,TOTAL,Total,RMC,Raw material consumption,ES,Spain,2021,,10.268,,i,value imputed by Eurostat or other receiving agencies,,
dataflow,ESTAT:CEI_PC020(1.0),Material footprint,A,Annual,T_HAB,Tonnes per capita,TOTAL,Total,RMC,Raw material consumption,ES,Spain,2022,,9.687,,i,value imputed by Eurostat or other receiving agencies,,
dataflow,ESTAT:CEI_PC020(1.0),Material footprint,A,Annual,T_HAB,Tonnes per capita,TOTAL,Total,RMC,Raw material consumption,ES,Spain,2023,,8.173,,i,value imputed by Eurostat or other receiving agencies,,
dataflow,ESTAT:CEI_PC020(1.0),Material footprint,A,Annual,T_HAB,Tonnes per capita,TOTAL,Total,RMC,Raw material consumption,EU27_2020,European Union - 27 countries (from 2020),2000,,16.299,,i,value imputed by Eurostat or other receiving agencies,,
dataflow,ESTAT:CEI_PC020(1.0),Material footprint,A,Annual,T_HAB,Tonnes per capita,TOTAL,Total,RMC,Raw material consumption,EU27_2020,European Union - 27 countries (from 2020),2001,,16.771,,i,value imputed by Eurostat or other receiving agencies,,
dataflow,ESTAT:CEI_PC020(1.0),Material footprint,A,Annual,T_HAB,Tonnes per capita,TOTAL,Total,RMC,Raw material consumption,EU27_2020,European Union - 27 countries (from 2020),2002,,16.943,,i,value imputed by Eurostat or other receiving agencies,,
dataflow,ESTAT:CEI_PC020(1.0),Material footprint,A,Annual,T_HAB,Tonnes per capita,TOTAL,Total,RMC,Raw material consumption,EU27_2020,European Union - 27 countries (from 2020),2003,,17.022,,i,value imputed by Eurostat or other receiving agencies,,
dataflow,ESTAT:CEI_PC020(1.0),Material footprint,A,Annual,T_HAB,Tonnes per capita,TOTAL,Total,RMC,Raw material consumption,EU27_2020,European Union - 27 countries (from 2020),2004,,17.36,,i,value imputed by Eurostat or other receiving agencies,,
dataflow,ESTAT:CEI_PC020(1.0),Material footprint,A,Annual,T_HAB,Tonnes per capita,TOTAL,Total,RMC,Raw material consumption,EU27_2020,European Union - 27 countries (from 2020),2005,,17.355,,i,value imputed by Eurostat or other receiving agencies,,
dataflow,ESTAT:CEI_PC020(1.0),Material footprint,A,Annual,T_HAB,Tonnes per capita,TOTAL,Total,RMC,Raw material consumption,EU27_2020,European Union - 27 countries (from 2020),2006,,18.091,,i,value imputed by Eurostat or other receiving agencies,,
dataflow,ESTAT:CEI_PC020(1.0),Material footprint,A,Annual,T_HAB,Tonnes per capita,TOTAL,Total,RMC,Raw material consumption,EU27_2020,European Union - 27 countries (from 2020),2007,,18.399,,i,value imputed by Eurostat or other receiving agencies,,
dataflow,ESTAT:CEI_PC020(1.0),Material footprint,A,Annual,T_HAB,Tonnes per capita,TOTAL,Total,RMC,Raw material consumption,EU27_2020,European Union - 27 countries (from 2020),2008,,18.712,,i,value imputed by Eurostat or other receiving agencies,,
dataflow,ESTAT:CEI_PC020(1.0),Material footprint,A,Annual,T_HAB,Tonnes per capita,TOTAL,Total,RMC,Raw material consumption,EU27_2020,European Union - 27 countries (from 2020),2009,,16.308,,i,value imputed by Eurostat or other receiving agencies,,
dataflow,ESTAT:CEI_PC020(1.0),Material footprint,A,Annual,T_HAB,Tonnes per capita,TOTAL,Total,RMC,Raw material consumption,EU27_2020,European Union - 27 countries (from 2020),2010,,14.899,,i,value imputed by Eurostat or other receiving agencies,,
dataflow,ESTAT:CEI_PC020(1.0),Material footprint,A,Annual,T_HAB,Tonnes per capita,TOTAL,Total,RMC,Raw material consumption,EU27_2020,European Union - 27 countries (from 2020),2011,,16.158,,i,value imputed by Eurostat or other receiving agencies,,
dataflow,ESTAT:CEI_PC020(1.0),Material footprint,A,Annual,T_HAB,Tonnes per capita,TOTAL,Total,RMC,Raw material consumption,EU27_2020,European Union - 27 countries (from 2020),2012,,14.477,,i,value imputed by Eurostat or other receiving agencies,,
dataflow,ESTAT:CEI_PC020(1.0),Material footprint,A,Annual,T_HAB,Tonnes per capita,TOTAL,Total,RMC,Raw material consumption,EU27_2020,European Union - 27 countries (from 2020),2013,,14.192,,i,value imputed by Eurostat or other receiving agencies,,
dataflow,ESTAT:CEI_PC020(1.0),Material footprint,A,Annual,T_HAB,Tonnes per capita,TOTAL,Total,RMC,Raw material consumption,EU27_2020,European Union - 27 countries (from 2020),2014,,14.359,,i,value imputed by Eurostat or other receiving agencies,,
dataflow,ESTAT:CEI_PC020(1.0),Material footprint,A,Annual,T_HAB,Tonnes per capita,TOTAL,Total,RMC,Raw material consumption,EU27_2020,European Union - 27 countries (from 2020),2015,,13.961,,i,value imputed by Eurostat or other receiving agencies,,
dataflow,ESTAT:CEI_PC020(1.0),Material footprint,A,Annual,T_HAB,Tonnes per capita,TOTAL,Total,RMC,Raw material consumption,EU27_2020,European Union - 27 countries (from 2020),2016,,14.137,,i,value imputed by Eurostat or other receiving agencies,,
dataflow,ESTAT:CEI_PC020(1.0),Material footprint,A,Annual,T_HAB,Tonnes per capita,TOTAL,Total,RMC,Raw material consumption,EU27_2020,European Union - 27 countries (from 2020),2017,,14.462,,i,value imputed by Eurostat or other receiving agencies,,
dataflow,ESTAT:CEI_PC020(1.0),Material footprint,A,Annual,T_HAB,Tonnes per capita,TOTAL,Total,RMC,Raw material consumption,EU27_2020,European Union - 27 countries (from 2020),2018,,14.727,,i,value imputed by Eurostat or other receiving agencies,,
dataflow,ESTAT:CEI_PC020(1.0),Material footprint,A,Annual,T_HAB,Tonnes per capita,TOTAL,Total,RMC,Raw material consumption,EU27_2020,European Union - 27 countries (from 2020),2019,,15.03,,i,value imputed by Eurostat or other receiving agencies,,
dataflow,ESTAT:CEI_PC020(1.0),Material footprint,A,Annual,T_HAB,Tonnes per capita,TOTAL,Total,RMC,Raw material consumption,EU27_2020,European Union - 27 countries (from 2020),2020,,14.376,,i,value imputed by Eurostat or other receiving agencies,,
dataflow,ESTAT:CEI_PC020(1.0),Material footprint,A,Annual,T_HAB,Tonnes per capita,TOTAL,Total,RMC,Raw material consumption,EU27_2020,European Union - 27 countries (from 2020),2021,,14.996,,i,value imputed by Eurostat or other receiving agencies,,
dataflow,ESTAT:CEI_PC020(1.0),Material footprint,A,Annual,T_HAB,Tonnes per capita,TOTAL,Total,RMC,Raw material consumption,EU27_2020,European Union - 27 countries (from 2020),2022,,14.966,,i,value imputed by Eurostat or other receiving agencies,,
dataflow,ESTAT:CEI_PC020(1.0),Material footprint,A,Annual,T_HAB,Tonnes per capita,TOTAL,Total,RMC,Raw material consumption,EU27_2020,European Union - 27 countries (from 2020),2023,,14.242,,i,value imputed by Eurostat or other receiving agencies,,
dataflow,ESTAT:CEI_PC020(1.0),Material footprint,A,Annual,T_HAB,Tonnes per capita,TOTAL,Total,RMC,Raw material consumption,FI,Finland,2008,,50.371,,i,value imputed by Eurostat or other receiving agencies,,
dataflow,ESTAT:CEI_PC020(1.0),Material footprint,A,Annual,T_HAB,Tonnes per capita,TOTAL,Total,RMC,Raw material consumption,FI,Finland,2009,,38.345,,i,value imputed by Eurostat or other receiving agencies,,
dataflow,ESTAT:CEI_PC020(1.0),Material footprint,A,Annual,T_HAB,Tonnes per capita,TOTAL,Total,RMC,Raw material consumption,FI,Finland,2010,,47.178,,i,value imputed by Eurostat or other receiving agencies,,
dataflow,ESTAT:CEI_PC020(1.0),Material footprint,A,Annual,T_HAB,Tonnes per capita,TOTAL,Total,RMC,Raw material consumption,FI,Finland,2011,,49.612,,i,value imputed by Eurostat or other receiving agencies,,
dataflow,ESTAT:CEI_PC020(1.0),Material footprint,A,Annual,T_HAB,Tonnes per capita,TOTAL,Total,RMC,Raw material consumption,FI,Finland,2012,,48.301,,i,value imputed by Eurostat or other receiving agencies,,
dataflow,ESTAT:CEI_PC020(1.0),Material footprint,A,Annual,T_HAB,Tonnes per capita,TOTAL,Total,RMC,Raw material consumption,FI,Finland,2013,,53.929,,i,value imputed by Eurostat or other receiving agencies,,
dataflow,ESTAT:CEI_PC020(1.0),Material footprint,A,Annual,T_HAB,Tonnes per capita,TOTAL,Total,RMC,Raw material consumption,FI,Finland,2014,,48.591,,i,value imputed by Eurostat or other receiving agencies,,
dataflow,ESTAT:CEI_PC020(1.0),Material footprint,A,Annual,T_HAB,Tonnes per capita,TOTAL,Total,RMC,Raw material consumption,FI,Finland,2015,,43.964,,i,value imputed by Eurostat or other receiving agencies,,
dataflow,ESTAT:CEI_PC020(1.0),Material footprint,A,Annual,T_HAB,Tonnes per capita,TOTAL,Total,RMC,Raw material consumption,FI,Finland,2016,,46.896,,i,value imputed by Eurostat or other receiving agencies,,
dataflow,ESTAT:CEI_PC020(1.0),Material footprint,A,Annual,T_HAB,Tonnes per capita,TOTAL,Total,RMC,Raw material consumption,FI,Finland,2017,,45.351,,i,value imputed by Eurostat or other receiving agencies,,
dataflow,ESTAT:CEI_PC020(1.0),Material footprint,A,Annual,T_HAB,Tonnes per capita,TOTAL,Total,RMC,Raw material consumption,FI,Finland,2018,,49.351,,i,value imputed by Eurostat or other receiving agencies,,
dataflow,ESTAT:CEI_PC020(1.0),Material footprint,A,Annual,T_HAB,Tonnes per capita,TOTAL,Total,RMC,Raw material consumption,FI,Finland,2019,,47.887,,i,value imputed by Eurostat or other receiving agencies,,
dataflow,ESTAT:CEI_PC020(1.0),Material footprint,A,Annual,T_HAB,Tonnes per capita,TOTAL,Total,RMC,Raw material consumption,FI,Finland,2020,,48.777,,i,value imputed by Eurostat or other receiving agencies,,
dataflow,ESTAT:CEI_PC020(1.0),Material footprint,A,Annual,T_HAB,Tonnes per capita,TOTAL,Total,RMC,Raw material consumption,FI,Finland,2021,,48.933,,i,value imputed by Eurostat or other receiving agencies,,
dataflow,ESTAT:CEI_PC020(1.0),Material footprint,A,Annual,T_HAB,Tonnes per capita,TOTAL,Total,RMC,Raw material consumption,FI,Finland,2022,,51.788,,i,value imputed by Eurostat or other receiving agencies,,
dataflow,ESTAT:CEI_PC020(1.0),Material footprint,A,Annual,T_HAB,Tonnes per capita,TOTAL,Total,RMC,Raw material consumption,FI,Finland,2023,,46.56,,i,value imputed by Eurostat or other receiving agencies,,
dataflow,ESTAT:CEI_PC020(1.0),Material footprint,A,Annual,T_HAB,Tonnes per capita,TOTAL,Total,RMC,Raw material consumption,FR,France,2008,,16.076,,,,,
dataflow,ESTAT:CEI_PC020(1.0),Material footprint,A,Annual,T_HAB,Tonnes per capita,TOTAL,Total,RMC,Raw material consumption,FR,France,2009,,15.691,,,,,
dataflow,ESTAT:CEI_PC020(1.0),Material footprint,A,Annual,T_HAB,Tonnes per capita,TOTAL,Total,RMC,Raw material consumption,FR,France,2010,,14.841,,,,,
dataflow,ESTAT:CEI_PC020(1.0),Material footprint,A,Annual,T_HAB,Tonnes per capita,TOTAL,Total,RMC,Raw material consumption,FR,France,2011,,15.612,,,,,
dataflow,ESTAT:CEI_PC020(1.0),Material footprint,A,Annual,T_HAB,Tonnes per capita,TOTAL,Total,RMC,Raw material consumption,FR,France,2012,,14.822,,,,,
dataflow,ESTAT:CEI_PC020(1.0),Material footprint,A,Annual,T_HAB,Tonnes per capita,TOTAL,Total,RMC,Raw material consumption,FR,France,2013,,14.485,,,,,
dataflow,ESTAT:CEI_PC020(1.0),Material footprint,A,Annual,T_HAB,Tonnes per capita,TOTAL,Total,RMC,Raw material consumption,FR,France,2014,,14.533,,,,,
dataflow,ESTAT:CEI_PC020(1.0),Material footprint,A,Annual,T_HAB,Tonnes per capita,TOTAL,Total,RMC,Raw material consumption,FR,France,2015,,13.553,,,,,
dataflow,ESTAT:CEI_PC020(1.0),Material footprint,A,Annual,T_HAB,Tonnes per capita,TOTAL,Total,RMC,Raw material consumption,FR,France,2016,,13.778,,,,,
dataflow,ESTAT:CEI_PC020(1.0),Material footprint,A,Annual,T_HAB,Tonnes per capita,TOTAL,Total,RMC,Raw material consumption,FR,France,2017,,14.528,,,,,
dataflow,ESTAT:CEI_PC020(1.0),Material footprint,A,Annual,T_HAB,Tonnes per capita,TOTAL,Total,RMC,Raw material consumption,FR,France,2018,,14.301,,,,,
dataflow,ESTAT:CEI_PC020(1.0),Material footprint,A,Annual,T_HAB,Tonnes per capita,TOTAL,Total,RMC,Raw material consumption,FR,France,2019,,14.329,,,,,
dataflow,ESTAT:CEI_PC020(1.0),Material footprint,A,Annual,T_HAB,Tonnes per capita,TOTAL,Total,RMC,Raw material consumption,FR,France,2020,,13.01,,,,,
dataflow,ESTAT:CEI_PC020(1.0),Material footprint,A,Annual,T_HAB,Tonnes per capita,TOTAL,Total,RMC,Raw material consumption,FR,France,2021,,14.225,,,,,
dataflow,ESTAT:CEI_PC020(1.0),Material footprint,A,Annual,T_HAB,Tonnes per capita,TOTAL,Total,RMC,Raw material consumption,FR,France,2022,,13.857,,i,value imputed by Eurostat or other receiving agencies,,
dataflow,ESTAT:CEI_PC020(1.0),Material footprint,A,Annual,T_HAB,Tonnes per capita,TOTAL,Total,RMC,Raw material consumption,FR,France,2023,,13.527,,i,value imputed by Eurostat or other receiving agencies,,
dataflow,ESTAT:CEI_PC020(1.0),Material footprint,A,Annual,T_HAB,Tonnes per capita,TOTAL,Total,RMC,Raw material consumption,HR,Croatia,2008,,21.131,,i,value imputed by Eurostat or other receiving agencies,,
dataflow,ESTAT:CEI_PC020(1.0),Material footprint,A,Annual,T_HAB,Tonnes per capita,TOTAL,Total,RMC,Raw material consumption,HR,Croatia,2009,,16.22,,i,value imputed by Eurostat or other receiving agencies,,
dataflow,ESTAT:CEI_PC020(1.0),Material footprint,A,Annual,T_HAB,Tonnes per capita,TOTAL,Total,RMC,Raw material consumption,HR,Croatia,2010,,13.103,,i,value imputed by Eurostat or other receiving agencies,,
dataflow,ESTAT:CEI_PC020(1.0),Material footprint,A,Annual,T_HAB,Tonnes per capita,TOTAL,Total,RMC,Raw material consumption,HR,Croatia,2011,,13.437,,i,value imputed by Eurostat or other receiving agencies,,
dataflow,ESTAT:CEI_PC020(1.0),Material footprint,A,Annual,T_HAB,Tonnes per capita,TOTAL,Total,RMC,Raw material consumption,HR,Croatia,2012,,12.299,,i,value imputed by Eurostat or other receiving agencies,,
dataflow,ESTAT:CEI_PC020(1.0),Material footprint,A,Annual,T_HAB,Tonnes per capita,TOTAL,Total,RMC,Raw material consumption,HR,Croatia,2013,,12.981,,i,value imputed by Eurostat or other receiving agencies,,
dataflow,ESTAT:CEI_PC020(1.0),Material footprint,A,Annual,T_HAB,Tonnes per capita,TOTAL,Total,RMC,Raw material consumption,HR,Croatia,2014,,12.287,,i,value imputed by Eurostat or other receiving agencies,,
dataflow,ESTAT:CEI_PC020(1.0),Material footprint,A,Annual,T_HAB,Tonnes per capita,TOTAL,Total,RMC,Raw material consumption,HR,Croatia,2015,,12.905,,i,value imputed by Eurostat or other receiving agencies,,
dataflow,ESTAT:CEI_PC020(1.0),Material footprint,A,Annual,T_HAB,Tonnes per capita,TOTAL,Total,RMC,Raw material consumption,HR,Croatia,2016,,13.07,,i,value imputed by Eurostat or other receiving agencies,,
dataflow,ESTAT:CEI_PC020(1.0),Material footprint,A,Annual,T_HAB,Tonnes per capita,TOTAL,Total,RMC,Raw material consumption,HR,Croatia,2017,,13.653,,i,value imputed by Eurostat or other receiving agencies,,
dataflow,ESTAT:CEI_PC020(1.0),Material footprint,A,Annual,T_HAB,Tonnes per capita,TOTAL,Total,RMC,Raw material consumption,HR,Croatia,2018,,13.711,,i,value imputed by Eurostat or other receiving agencies,,
dataflow,ESTAT:CEI_PC020(1.0),Material footprint,A,Annual,T_HAB,Tonnes per capita,TOTAL,Total,RMC,Raw material consumption,HR,Croatia,2019,,14.306,,i,value imputed by Eurostat or other receiving agencies,,
dataflow,ESTAT:CEI_PC020(1.0),Material footprint,A,Annual,T_HAB,Tonnes per capita,TOTAL,Total,RMC,Raw material consumption,HR,Croatia,2020,,13.635,,i,value imputed by Eurostat or other receiving agencies,,
dataflow,ESTAT:CEI_PC020(1.0),Material footprint,A,Annual,T_HAB,Tonnes per capita,TOTAL,Total,RMC,Raw material consumption,HR,Croatia,2021,,14.427,,i,value imputed by Eurostat or other receiving agencies,,
dataflow,ESTAT:CEI_PC020(1.0),Material footprint,A,Annual,T_HAB,Tonnes per capita,TOTAL,Total,RMC,Raw material consumption,HR,Croatia,2022,,14.545,,i,value imputed by Eurostat or other receiving agencies,,
dataflow,ESTAT:CEI_PC020(1.0),Material footprint,A,Annual,T_HAB,Tonnes per capita,TOTAL,Total,RMC,Raw material consumption,HR,Croatia,2023,,15.189,,i,value imputed by Eurostat or other receiving agencies,,
dataflow,ESTAT:CEI_PC020(1.0),Material footprint,A,Annual,T_HAB,Tonnes per capita,TOTAL,Total,RMC,Raw material consumption,HU,Hungary,2008,,12.233,,i,value imputed by Eurostat or other receiving agencies,,
dataflow,ESTAT:CEI_PC020(1.0),Material footprint,A,Annual,T_HAB,Tonnes per capita,TOTAL,Total,RMC,Raw material consumption,HU,Hungary,2009,,10.74,,i,value imputed by Eurostat or other receiving agencies,,
dataflow,ESTAT:CEI_PC020(1.0),Material footprint,A,Annual,T_HAB,Tonnes per capita,TOTAL,Total,RMC,Raw material consumption,HU,Hungary,2010,,9.006,,i,value imputed by Eurostat or other receiving agencies,,
dataflow,ESTAT:CEI_PC020(1.0),Material footprint,A,Annual,T_HAB,Tonnes per capita,TOTAL,Total,RMC,Raw material consumption,HU,Hungary,2011,,8.875,,i,value imputed by Eurostat or other receiving agencies,,
dataflow,ESTAT:CEI_PC020(1.0),Material footprint,A,Annual,T_HAB,Tonnes per capita,TOTAL,Total,RMC,Raw material consumption,HU,Hungary,2012,,7.783,,i,value imputed by Eurostat or other receiving agencies,,
dataflow,ESTAT:CEI_PC020(1.0),Material footprint,A,Annual,T_HAB,Tonnes per capita,TOTAL,Total,RMC,Raw material consumption,HU,Hungary,2013,,9.056,,i,value imputed by Eurostat or other receiving agencies,,
dataflow,ESTAT:CEI_PC020(1.0),Material footprint,A,Annual,T_HAB,Tonnes per capita,TOTAL,Total,RMC,Raw material consumption,HU,Hungary,2014,,12.588,,i,value imputed by Eurostat or other receiving agencies,,
dataflow,ESTAT:CEI_PC020(1.0),Material footprint,A,Annual,T_HAB,Tonnes per capita,TOTAL,Total,RMC,Raw material consumption,HU,Hungary,2015,,12.415,,i,value imputed by Eurostat or other receiving agencies,,
dataflow,ESTAT:CEI_PC020(1.0),Material footprint,A,Annual,T_HAB,Tonnes per capita,TOTAL,Total,RMC,Raw material consumption,HU,Hungary,2016,,12.17,,i,value imputed by Eurostat or other receiving agencies,,
dataflow,ESTAT:CEI_PC020(1.0),Material footprint,A,Annual,T_HAB,Tonnes per capita,TOTAL,Total,RMC,Raw material consumption,HU,Hungary,2017,,13.957,,i,value imputed by Eurostat or other receiving agencies,,
dataflow,ESTAT:CEI_PC020(1.0),Material footprint,A,Annual,T_HAB,Tonnes per capita,TOTAL,Total,RMC,Raw material consumption,HU,Hungary,2018,,15.522,,i,value imputed by Eurostat or other receiving agencies,,
dataflow,ESTAT:CEI_PC020(1.0),Material footprint,A,Annual,T_HAB,Tonnes per capita,TOTAL,Total,RMC,Raw material consumption,HU,Hungary,2019,,16.52,,i,value imputed by Eurostat or other receiving agencies,,
dataflow,ESTAT:CEI_PC020(1.0),Material footprint,A,Annual,T_HAB,Tonnes per capita,TOTAL,Total,RMC,Raw material consumption,HU,Hungary,2020,,14.38,,i,value imputed by Eurostat or other receiving agencies,,
dataflow,ESTAT:CEI_PC020(1.0),Material footprint,A,Annual,T_HAB,Tonnes per capita,TOTAL,Total,RMC,Raw material consumption,HU,Hungary,2021,,14.522,,i,value imputed by Eurostat or other receiving agencies,,
dataflow,ESTAT:CEI_PC020(1.0),Material footprint,A,Annual,T_HAB,Tonnes per capita,TOTAL,Total,RMC,Raw material consumption,HU,Hungary,2022,,14.319,,i,value imputed by Eurostat or other receiving agencies,,
dataflow,ESTAT:CEI_PC020(1.0),Material footprint,A,Annual,T_HAB,Tonnes per capita,TOTAL,Total,RMC,Raw material consumption,HU,Hungary,2023,,15.672,,i,value imputed by Eurostat or other receiving agencies,,
dataflow,ESTAT:CEI_PC020(1.0),Material footprint,A,Annual,T_HAB,Tonnes per capita,TOTAL,Total,RMC,Raw material consumption,IE,Ireland,2008,,30.461,,i,value imputed by Eurostat or other receiving agencies,,
dataflow,ESTAT:CEI_PC020(1.0),Material footprint,A,Annual,T_HAB,Tonnes per capita,TOTAL,Total,RMC,Raw material consumption,IE,Ireland,2009,,18.977,,i,value imputed by Eurostat or other receiving agencies,,
dataflow,ESTAT:CEI_PC020(1.0),Material footprint,A,Annual,T_HAB,Tonnes per capita,TOTAL,Total,RMC,Raw material consumption,IE,Ireland,2010,,14.585,,i,value imputed by Eurostat or other receiving agencies,,
dataflow,ESTAT:CEI_PC020(1.0),Material footprint,A,Annual,T_HAB,Tonnes per capita,TOTAL,Total,RMC,Raw material consumption,IE,Ireland,2011,,13.874,,i,value imputed by Eurostat or other receiving agencies,,
dataflow,ESTAT:CEI_PC020(1.0),Material footprint,A,Annual,T_HAB,Tonnes per capita,TOTAL,Total,RMC,Raw material consumption,IE,Ireland,2012,,14.579,,i,value imputed by Eurostat or other receiving agencies,,
dataflow,ESTAT:CEI_PC020(1.0),Material footprint,A,Annual,T_HAB,Tonnes per capita,TOTAL,Total,RMC,Raw material consumption,IE,Ireland,2013,,16.09,,i,value imputed by Eurostat or other receiving agencies,,
dataflow,ESTAT:CEI_PC020(1.0),Material footprint,A,Annual,T_HAB,Tonnes per capita,TOTAL,Total,RMC,Raw material consumption,IE,Ireland,2014,,15.565,,i,value imputed by Eurostat or other receiving agencies,,
dataflow,ESTAT:CEI_PC020(1.0),Material footprint,A,Annual,T_HAB,Tonnes per capita,TOTAL,Total,RMC,Raw material consumption,IE,Ireland,2015,,13.854,,i,value imputed by Eurostat or other receiving agencies,,
dataflow,ESTAT:CEI_PC020(1.0),Material footprint,A,Annual,T_HAB,Tonnes per capita,TOTAL,Total,RMC,Raw material consumption,IE,Ireland,2016,,15.885,,i,value imputed by Eurostat or other receiving agencies,,
dataflow,ESTAT:CEI_PC020(1.0),Material footprint,A,Annual,T_HAB,Tonnes per capita,TOTAL,Total,RMC,Raw material consumption,IE,Ireland,2017,,16.112,,i,value imputed by Eurostat or other receiving agencies,,
dataflow,ESTAT:CEI_PC020(1.0),Material footprint,A,Annual,T_HAB,Tonnes per capita,TOTAL,Total,RMC,Raw material consumption,IE,Ireland,2018,,16.638,,i,value imputed by Eurostat or other receiving agencies,,
dataflow,ESTAT:CEI_PC020(1.0),Material footprint,A,Annual,T_HAB,Tonnes per capita,TOTAL,Total,RMC,Raw material consumption,IE,Ireland,2019,,23.392,,i,value imputed by Eurostat or other receiving agencies,,
dataflow,ESTAT:CEI_PC020(1.0),Material footprint,A,Annual,T_HAB,Tonnes per capita,TOTAL,Total,RMC,Raw material consumption,IE,Ireland,2020,,19.058,,i,value imputed by Eurostat or other receiving agencies,,
dataflow,ESTAT:CEI_PC020(1.0),Material footprint,A,Annual,T_HAB,Tonnes per capita,TOTAL,Total,RMC,Raw material consumption,IE,Ireland,2021,,13.728,,i,value imputed by Eurostat or other receiving agencies,,
dataflow,ESTAT:CEI_PC020(1.0),Material footprint,A,Annual,T_HAB,Tonnes per capita,TOTAL,Total,RMC,Raw material consumption,IE,Ireland,2022,,14.038,,i,value imputed by Eurostat or other receiving agencies,,
dataflow,ESTAT:CEI_PC020(1.0),Material footprint,A,Annual,T_HAB,Tonnes per capita,TOTAL,Total,RMC,Raw material consumption,IE,Ireland,2023,,11.792,,i,value imputed by Eurostat or other receiving agencies,,
dataflow,ESTAT:CEI_PC020(1.0),Material footprint,A,Annual,T_HAB,Tonnes per capita,TOTAL,Total,RMC,Raw material consumption,IT,Italy,2008,,17.523,,i,value imputed by Eurostat or other receiving agencies,,
dataflow,ESTAT:CEI_PC020(1.0),Material footprint,A,Annual,T_HAB,Tonnes per capita,TOTAL,Total,RMC,Raw material consumption,IT,Italy,2009,,15.693,,i,value imputed by Eurostat or other receiving agencies,,
dataflow,ESTAT:CEI_PC020(1.0),Material footprint,A,Annual,T_HAB,Tonnes per capita,TOTAL,Total,RMC,Raw material consumption,IT,Italy,2010,,14.491,,i,value imputed by Eurostat or other receiving agencies,,
dataflow,ESTAT:CEI_PC020(1.0),Material footprint,A,Annual,T_HAB,Tonnes per capita,TOTAL,Total,RMC,Raw material consumption,IT,Italy,2011,,14.624,,i,value imputed by Eurostat or other receiving agencies,,
dataflow,ESTAT:CEI_PC020(1.0),Material footprint,A,Annual,T_HAB,Tonnes per capita,TOTAL,Total,RMC,Raw material consumption,IT,Italy,2012,,11.913,,i,value imputed by Eurostat or other receiving agencies,,
dataflow,ESTAT:CEI_PC020(1.0),Material footprint,A,Annual,T_HAB,Tonnes per capita,TOTAL,Total,RMC,Raw material consumption,IT,Italy,2013,,10.732,,i,value imputed by Eurostat or other receiving agencies,,
dataflow,ESTAT:CEI_PC020(1.0),Material footprint,A,Annual,T_HAB,Tonnes per capita,TOTAL,Total,RMC,Raw material consumption,IT,Italy,2014,,10.622,,i,value imputed by Eurostat or other receiving agencies,,
dataflow,ESTAT:CEI_PC020(1.0),Material footprint,A,Annual,T_HAB,Tonnes per capita,TOTAL,Total,RMC,Raw material consumption,IT,Italy,2015,,10.507,,i,value imputed by Eurostat or other receiving agencies,,
dataflow,ESTAT:CEI_PC020(1.0),Material footprint,A,Annual,T_HAB,Tonnes per capita,TOTAL,Total,RMC,Raw material consumption,IT,Italy,2016,,10.601,,i,value imputed by Eurostat or other receiving agencies,,
dataflow,ESTAT:CEI_PC020(1.0),Material footprint,A,Annual,T_HAB,Tonnes per capita,TOTAL,Total,RMC,Raw material consumption,IT,Italy,2017,,10.289,,i,value imputed by Eurostat or other receiving agencies,,
dataflow,ESTAT:CEI_PC020(1.0),Material footprint,A,Annual,T_HAB,Tonnes per capita,TOTAL,Total,RMC,Raw material consumption,IT,Italy,2018,,10.304,,i,value imputed by Eurostat or other receiving agencies,,
dataflow,ESTAT:CEI_PC020(1.0),Material footprint,A,Annual,T_HAB,Tonnes per capita,TOTAL,Total,RMC,Raw material consumption,IT,Italy,2019,,10.229,,i,value imputed by Eurostat or other receiving agencies,,
dataflow,ESTAT:CEI_PC020(1.0),Material footprint,A,Annual,T_HAB,Tonnes per capita,TOTAL,Total,RMC,Raw material consumption,IT,Italy,2020,,9.402,,i,value imputed by Eurostat or other receiving agencies,,
dataflow,ESTAT:CEI_PC020(1.0),Material footprint,A,Annual,T_HAB,Tonnes per capita,TOTAL,Total,RMC,Raw material consumption,IT,Italy,2021,,10.824,,i,value imputed by Eurostat or other receiving agencies,,
dataflow,ESTAT:CEI_PC020(1.0),Material footprint,A,Annual,T_HAB,Tonnes per capita,TOTAL,Total,RMC,Raw material consumption,IT,Italy,2022,,10.665,,i,value imputed by Eurostat or other receiving agencies,,
dataflow,ESTAT:CEI_PC020(1.0),Material footprint,A,Annual,T_HAB,Tonnes per capita,TOTAL,Total,RMC,Raw material consumption,IT,Italy,2023,,10.519,,i,value imputed by Eurostat or other receiving agencies,,
dataflow,ESTAT:CEI_PC020(1.0),Material footprint,A,Annual,T_HAB,Tonnes per capita,TOTAL,Total,RMC,Raw material consumption,LT,Lithuania,2008,,18.271,,,,,
dataflow,ESTAT:CEI_PC020(1.0),Material footprint,A,Annual,T_HAB,Tonnes per capita,TOTAL,Total,RMC,Raw material consumption,LT,Lithuania,2009,,12.166,,,,,
dataflow,ESTAT:CEI_PC020(1.0),Material footprint,A,Annual,T_HAB,Tonnes per capita,TOTAL,Total,RMC,Raw material consumption,LT,Lithuania,2010,,13.795,,,,,
dataflow,ESTAT:CEI_PC020(1.0),Material footprint,A,Annual,T_HAB,Tonnes per capita,TOTAL,Total,RMC,Raw material consumption,LT,Lithuania,2011,,15.941,,,,,
dataflow,ESTAT:CEI_PC020(1.0),Material footprint,A,Annual,T_HAB,Tonnes per capita,TOTAL,Total,RMC,Raw material consumption,LT,Lithuania,2012,,14.597,,,,,
dataflow,ESTAT:CEI_PC020(1.0),Material footprint,A,Annual,T_HAB,Tonnes per capita,TOTAL,Total,RMC,Raw material consumption,LT,Lithuania,2013,,17.394,,,,,
dataflow,ESTAT:CEI_PC020(1.0),Material footprint,A,Annual,T_HAB,Tonnes per capita,TOTAL,Total,RMC,Raw material consumption,LT,Lithuania,2014,,17.292,,,,,
dataflow,ESTAT:CEI_PC020(1.0),Material footprint,A,Annual,T_HAB,Tonnes per capita,TOTAL,Total,RMC,Raw material consumption,LT,Lithuania,2015,,16.533,,,,,
dataflow,ESTAT:CEI_PC020(1.0),Material footprint,A,Annual,T_HAB,Tonnes per capita,TOTAL,Total,RMC,Raw material consumption,LT,Lithuania,2016,,17.912,,,,,
dataflow,ESTAT:CEI_PC020(1.0),Material footprint,A,Annual,T_HAB,Tonnes per capita,TOTAL,Total,RMC,Raw material consumption,LT,Lithuania,2017,,20.176,,,,,
dataflow,ESTAT:CEI_PC020(1.0),Material footprint,A,Annual,T_HAB,Tonnes per capita,TOTAL,Total,RMC,Raw material consumption,LT,Lithuania,2018,,20.067,,,,,
dataflow,ESTAT:CEI_PC020(1.0),Material footprint,A,Annual,T_HAB,Tonnes per capita,TOTAL,Total,RMC,Raw material consumption,LT,Lithuania,2019,,20.438,,,,,
dataflow,ESTAT:CEI_PC020(1.0),Material footprint,A,Annual,T_HAB,Tonnes per capita,TOTAL,Total,RMC,Raw material consumption,LT,Lithuania,2020,,21.743,,,,,
dataflow,ESTAT:CEI_PC020(1.0),Material footprint,A,Annual,T_HAB,Tonnes per capita,TOTAL,Total,RMC,Raw material consumption,LT,Lithuania,2021,,23.15,,,,,
dataflow,ESTAT:CEI_PC020(1.0),Material footprint,A,Annual,T_HAB,Tonnes per capita,TOTAL,Total,RMC,Raw material consumption,LT,Lithuania,2022,,22.179,,i,value imputed by Eurostat or other receiving agencies,,
dataflow,ESTAT:CEI_PC020(1.0),Material footprint,A,Annual,T_HAB,Tonnes per capita,TOTAL,Total,RMC,Raw material consumption,LT,Lithuania,2023,,23.028,,i,value imputed by Eurostat or other receiving agencies,,
dataflow,ESTAT:CEI_PC020(1.0),Material footprint,A,Annual,T_HAB,Tonnes per capita,TOTAL,Total,RMC,Raw material consumption,LU,Luxembourg,2000,,31.163,,,,,
dataflow,ESTAT:CEI_PC020(1.0),Material footprint,A,Annual,T_HAB,Tonnes per capita,TOTAL,Total,RMC,Raw material consumption,LU,Luxembourg,2001,,29.986,,,,,
dataflow,ESTAT:CEI_PC020(1.0),Material footprint,A,Annual,T_HAB,Tonnes per capita,TOTAL,Total,RMC,Raw material consumption,LU,Luxembourg,2002,,33.888,,,,,
dataflow,ESTAT:CEI_PC020(1.0),Material footprint,A,Annual,T_HAB,Tonnes per capita,TOTAL,Total,RMC,Raw material consumption,LU,Luxembourg,2003,,34.234,,,,,
dataflow,ESTAT:CEI_PC020(1.0),Material footprint,A,Annual,T_HAB,Tonnes per capita,TOTAL,Total,RMC,Raw material consumption,LU,Luxembourg,2004,,35.68,,,,,
dataflow,ESTAT:CEI_PC020(1.0),Material footprint,A,Annual,T_HAB,Tonnes per capita,TOTAL,Total,RMC,Raw material consumption,LU,Luxembourg,2005,,36.696,,,,,
dataflow,ESTAT:CEI_PC020(1.0),Material footprint,A,Annual,T_HAB,Tonnes per capita,TOTAL,Total,RMC,Raw material consumption,LU,Luxembourg,2006,,37.092,,,,,
dataflow,ESTAT:CEI_PC020(1.0),Material footprint,A,Annual,T_HAB,Tonnes per capita,TOTAL,Total,RMC,Raw material consumption,LU,Luxembourg,2007,,37.432,,,,,
dataflow,ESTAT:CEI_PC020(1.0),Material footprint,A,Annual,T_HAB,Tonnes per capita,TOTAL,Total,RMC,Raw material consumption,LU,Luxembourg,2008,,38.845,,,,,
dataflow,ESTAT:CEI_PC020(1.0),Material footprint,A,Annual,T_HAB,Tonnes per capita,TOTAL,Total,RMC,Raw material consumption,LU,Luxembourg,2009,,35.095,,,,,
dataflow,ESTAT:CEI_PC020(1.0),Material footprint,A,Annual,T_HAB,Tonnes per capita,TOTAL,Total,RMC,Raw material consumption,LU,Luxembourg,2010,,32.489,,,,,
dataflow,ESTAT:CEI_PC020(1.0),Material footprint,A,Annual,T_HAB,Tonnes per capita,TOTAL,Total,RMC,Raw material consumption,LU,Luxembourg,2011,,32.76,,,,,
dataflow,ESTAT:CEI_PC020(1.0),Material footprint,A,Annual,T_HAB,Tonnes per capita,TOTAL,Total,RMC,Raw material consumption,LU,Luxembourg,2012,,29.759,,,,,
dataflow,ESTAT:CEI_PC020(1.0),Material footprint,A,Annual,T_HAB,Tonnes per capita,TOTAL,Total,RMC,Raw material consumption,LU,Luxembourg,2013,,30.676,,,,,
dataflow,ESTAT:CEI_PC020(1.0),Material footprint,A,Annual,T_HAB,Tonnes per capita,TOTAL,Total,RMC,Raw material consumption,LU,Luxembourg,2014,,29.842,,,,,
dataflow,ESTAT:CEI_PC020(1.0),Material footprint,A,Annual,T_HAB,Tonnes per capita,TOTAL,Total,RMC,Raw material consumption,LU,Luxembourg,2015,,33.638,,,,,
dataflow,ESTAT:CEI_PC020(1.0),Material footprint,A,Annual,T_HAB,Tonnes per capita,TOTAL,Total,RMC,Raw material consumption,LU,Luxembourg,2016,,30.891,,,,,
dataflow,ESTAT:CEI_PC020(1.0),Material footprint,A,Annual,T_HAB,Tonnes per capita,TOTAL,Total,RMC,Raw material consumption,LU,Luxembourg,2017,,32.427,,,,,
dataflow,ESTAT:CEI_PC020(1.0),Material footprint,A,Annual,T_HAB,Tonnes per capita,TOTAL,Total,RMC,Raw material consumption,LU,Luxembourg,2018,,28.335,,,,,
dataflow,ESTAT:CEI_PC020(1.0),Material footprint,A,Annual,T_HAB,Tonnes per capita,TOTAL,Total,RMC,Raw material consumption,LU,Luxembourg,2019,,27.068,,,,,
dataflow,ESTAT:CEI_PC020(1.0),Material footprint,A,Annual,T_HAB,Tonnes per capita,TOTAL,Total,RMC,Raw material consumption,LU,Luxembourg,2020,,27.395,,,,,
dataflow,ESTAT:CEI_PC020(1.0),Material footprint,A,Annual,T_HAB,Tonnes per capita,TOTAL,Total,RMC,Raw material consumption,LU,Luxembourg,2021,,27.551,,,,,
dataflow,ESTAT:CEI_PC020(1.0),Material footprint,A,Annual,T_HAB,Tonnes per capita,TOTAL,Total,RMC,Raw material consumption,LU,Luxembourg,2022,,31.71,,,,,
dataflow,ESTAT:CEI_PC020(1.0),Material footprint,A,Annual,T_HAB,Tonnes per capita,TOTAL,Total,RMC,Raw material consumption,LU,Luxembourg,2023,,32.05,,i,value imputed by Eurostat or other receiving agencies,,
dataflow,ESTAT:CEI_PC020(1.0),Material footprint,A,Annual,T_HAB,Tonnes per capita,TOTAL,Total,RMC,Raw material consumption,LV,Latvia,2000,,7.78,,,,,
dataflow,ESTAT:CEI_PC020(1.0),Material footprint,A,Annual,T_HAB,Tonnes per capita,TOTAL,Total,RMC,Raw material consumption,LV,Latvia,2001,,8.662,,,,,
dataflow,ESTAT:CEI_PC020(1.0),Material footprint,A,Annual,T_HAB,Tonnes per capita,TOTAL,Total,RMC,Raw material consumption,LV,Latvia,2002,,9.925,,,,,
dataflow,ESTAT:CEI_PC020(1.0),Material footprint,A,Annual,T_HAB,Tonnes per capita,TOTAL,Total,RMC,Raw material consumption,LV,Latvia,2003,,11.305,,,,,
dataflow,ESTAT:CEI_PC020(1.0),Material footprint,A,Annual,T_HAB,Tonnes per capita,TOTAL,Total,RMC,Raw material consumption,LV,Latvia,2004,,12.504,,,,,
dataflow,ESTAT:CEI_PC020(1.0),Material footprint,A,Annual,T_HAB,Tonnes per capita,TOTAL,Total,RMC,Raw material consumption,LV,Latvia,2005,,14.467,,,,,
dataflow,ESTAT:CEI_PC020(1.0),Material footprint,A,Annual,T_HAB,Tonnes per capita,TOTAL,Total,RMC,Raw material consumption,LV,Latvia,2006,,16.575,,,,,
dataflow,ESTAT:CEI_PC020(1.0),Material footprint,A,Annual,T_HAB,Tonnes per capita,TOTAL,Total,RMC,Raw material consumption,LV,Latvia,2007,,18.22,,,,,
dataflow,ESTAT:CEI_PC020(1.0),Material footprint,A,Annual,T_HAB,Tonnes per capita,TOTAL,Total,RMC,Raw material consumption,LV,Latvia,2008,,16.253,,,,,
dataflow,ESTAT:CEI_PC020(1.0),Material footprint,A,Annual,T_HAB,Tonnes per capita,TOTAL,Total,RMC,Raw material consumption,LV,Latvia,2009,,10.157,,,,,
dataflow,ESTAT:CEI_PC020(1.0),Material footprint,A,Annual,T_HAB,Tonnes per capita,TOTAL,Total,RMC,Raw material consumption,LV,Latvia,2010,,11.654,,,,,
dataflow,ESTAT:CEI_PC020(1.0),Material footprint,A,Annual,T_HAB,Tonnes per capita,TOTAL,Total,RMC,Raw material consumption,LV,Latvia,2011,,14.446,,,,,
dataflow,ESTAT:CEI_PC020(1.0),Material footprint,A,Annual,T_HAB,Tonnes per capita,TOTAL,Total,RMC,Raw material consumption,LV,Latvia,2012,,13.607,,,,,
dataflow,ESTAT:CEI_PC020(1.0),Material footprint,A,Annual,T_HAB,Tonnes per capita,TOTAL,Total,RMC,Raw material consumption,LV,Latvia,2013,,15.151,,i,value imputed by Eurostat or other receiving agencies,,
dataflow,ESTAT:CEI_PC020(1.0),Material footprint,A,Annual,T_HAB,Tonnes per capita,TOTAL,Total,RMC,Raw material consumption,LV,Latvia,2014,,15.63,,i,value imputed by Eurostat or other receiving agencies,,
dataflow,ESTAT:CEI_PC020(1.0),Material footprint,A,Annual,T_HAB,Tonnes per capita,TOTAL,Total,RMC,Raw material consumption,LV,Latvia,2015,,16.338,,i,value imputed by Eurostat or other receiving agencies,,
dataflow,ESTAT:CEI_PC020(1.0),Material footprint,A,Annual,T_HAB,Tonnes per capita,TOTAL,Total,RMC,Raw material consumption,LV,Latvia,2016,,14.797,,i,value imputed by Eurostat or other receiving agencies,,
dataflow,ESTAT:CEI_PC020(1.0),Material footprint,A,Annual,T_HAB,Tonnes per capita,TOTAL,Total,RMC,Raw material consumption,LV,Latvia,2017,,17.294,,i,value imputed by Eurostat or other receiving agencies,,
dataflow,ESTAT:CEI_PC020(1.0),Material footprint,A,Annual,T_HAB,Tonnes per capita,TOTAL,Total,RMC,Raw material consumption,LV,Latvia,2018,,17.18,,i,value imputed by Eurostat or other receiving agencies,,
dataflow,ESTAT:CEI_PC020(1.0),Material footprint,A,Annual,T_HAB,Tonnes per capita,TOTAL,Total,RMC,Raw material consumption,LV,Latvia,2019,,17.348,,i,value imputed by Eurostat or other receiving agencies,,
dataflow,ESTAT:CEI_PC020(1.0),Material footprint,A,Annual,T_HAB,Tonnes per capita,TOTAL,Total,RMC,Raw material consumption,LV,Latvia,2020,,16.967,,i,value imputed by Eurostat or other receiving agencies,,
dataflow,ESTAT:CEI_PC020(1.0),Material footprint,A,Annual,T_HAB,Tonnes per capita,TOTAL,Total,RMC,Raw material consumption,LV,Latvia,2021,,18.726,,i,value imputed by Eurostat or other receiving agencies,,
dataflow,ESTAT:CEI_PC020(1.0),Material footprint,A,Annual,T_HAB,Tonnes per capita,TOTAL,Total,RMC,Raw material consumption,LV,Latvia,2022,,19.254,,i,value imputed by Eurostat or other receiving agencies,,
dataflow,ESTAT:CEI_PC020(1.0),Material footprint,A,Annual,T_HAB,Tonnes per capita,TOTAL,Total,RMC,Raw material consumption,LV,Latvia,2023,,19.563,,i,value imputed by Eurostat or other receiving agencies,,
dataflow,ESTAT:CEI_PC020(1.0),Material footprint,A,Annual,T_HAB,Tonnes per capita,TOTAL,Total,RMC,Raw material consumption,MT,Malta,2008,,17.487,,,,,
dataflow,ESTAT:CEI_PC020(1.0),Material footprint,A,Annual,T_HAB,Tonnes per capita,TOTAL,Total,RMC,Raw material consumption,MT,Malta,2009,,16.558,,,,,
dataflow,ESTAT:CEI_PC020(1.0),Material footprint,A,Annual,T_HAB,Tonnes per capita,TOTAL,Total,RMC,Raw material consumption,MT,Malta,2010,,13.776,,,,,
dataflow,ESTAT:CEI_PC020(1.0),Material footprint,A,Annual,T_HAB,Tonnes per capita,TOTAL,Total,RMC,Raw material consumption,MT,Malta,2011,,13.589,,,,,
dataflow,ESTAT:CEI_PC020(1.0),Material footprint,A,Annual,T_HAB,Tonnes per capita,TOTAL,Total,RMC,Raw material consumption,MT,Malta,2012,,11.734,,,,,
dataflow,ESTAT:CEI_PC020(1.0),Material footprint,A,Annual,T_HAB,Tonnes per capita,TOTAL,Total,RMC,Raw material consumption,MT,Malta,2013,,12.622,,,,,
dataflow,ESTAT:CEI_PC020(1.0),Material footprint,A,Annual,T_HAB,Tonnes per capita,TOTAL,Total,RMC,Raw material consumption,MT,Malta,2014,,11.761,,,,,
dataflow,ESTAT:CEI_PC020(1.0),Material footprint,A,Annual,T_HAB,Tonnes per capita,TOTAL,Total,RMC,Raw material consumption,MT,Malta,2015,,13.999,,,,,
dataflow,ESTAT:CEI_PC020(1.0),Material footprint,A,Annual,T_HAB,Tonnes per capita,TOTAL,Total,RMC,Raw material consumption,MT,Malta,2016,,12.004,,,,,
dataflow,ESTAT:CEI_PC020(1.0),Material footprint,A,Annual,T_HAB,Tonnes per capita,TOTAL,Total,RMC,Raw material consumption,MT,Malta,2017,,10.8,,,,,
dataflow,ESTAT:CEI_PC020(1.0),Material footprint,A,Annual,T_HAB,Tonnes per capita,TOTAL,Total,RMC,Raw material consumption,MT,Malta,2018,,10.013,,,,,
dataflow,ESTAT:CEI_PC020(1.0),Material footprint,A,Annual,T_HAB,Tonnes per capita,TOTAL,Total,RMC,Raw material consumption,MT,Malta,2019,,10.991,,,,,
dataflow,ESTAT:CEI_PC020(1.0),Material footprint,A,Annual,T_HAB,Tonnes per capita,TOTAL,Total,RMC,Raw material consumption,MT,Malta,2020,,11.095,,,,,
dataflow,ESTAT:CEI_PC020(1.0),Material footprint,A,Annual,T_HAB,Tonnes per capita,TOTAL,Total,RMC,Raw material consumption,MT,Malta,2021,,9.367,,,,,
dataflow,ESTAT:CEI_PC020(1.0),Material footprint,A,Annual,T_HAB,Tonnes per capita,TOTAL,Total,RMC,Raw material consumption,MT,Malta,2022,,10.053,,i,value imputed by Eurostat or other receiving agencies,,
dataflow,ESTAT:CEI_PC020(1.0),Material footprint,A,Annual,T_HAB,Tonnes per capita,TOTAL,Total,RMC,Raw material consumption,MT,Malta,2023,,5.838,,i,value imputed by Eurostat or other receiving agencies,,
dataflow,ESTAT:CEI_PC020(1.0),Material footprint,A,Annual,T_HAB,Tonnes per capita,TOTAL,Total,RMC,Raw material consumption,NL,Netherlands,2008,,13.462,,i,value imputed by Eurostat or other receiving agencies,,
dataflow,ESTAT:CEI_PC020(1.0),Material footprint,A,Annual,T_HAB,Tonnes per capita,TOTAL,Total,RMC,Raw material consumption,NL,Netherlands,2009,,10.991,,i,value imputed by Eurostat or other receiving agencies,,
dataflow,ESTAT:CEI_PC020(1.0),Material footprint,A,Annual,T_HAB,Tonnes per capita,TOTAL,Total,RMC,Raw material consumption,NL,Netherlands,2010,,11.134,,i,value imputed by Eurostat or other receiving agencies,,
dataflow,ESTAT:CEI_PC020(1.0),Material footprint,A,Annual,T_HAB,Tonnes per capita,TOTAL,Total,RMC,Raw material consumption,NL,Netherlands,2011,,11.981,,i,value imputed by Eurostat or other receiving agencies,,
dataflow,ESTAT:CEI_PC020(1.0),Material footprint,A,Annual,T_HAB,Tonnes per capita,TOTAL,Total,RMC,Raw material consumption,NL,Netherlands,2012,,10.152,,i,value imputed by Eurostat or other receiving agencies,,
dataflow,ESTAT:CEI_PC020(1.0),Material footprint,A,Annual,T_HAB,Tonnes per capita,TOTAL,Total,RMC,Raw material consumption,NL,Netherlands,2013,,9.114,,i,value imputed by Eurostat or other receiving agencies,,
dataflow,ESTAT:CEI_PC020(1.0),Material footprint,A,Annual,T_HAB,Tonnes per capita,TOTAL,Total,RMC,Raw material consumption,NL,Netherlands,2014,,9.23,,,,,
dataflow,ESTAT:CEI_PC020(1.0),Material footprint,A,Annual,T_HAB,Tonnes per capita,TOTAL,Total,RMC,Raw material consumption,NL,Netherlands,2015,,10.803,,,,,
dataflow,ESTAT:CEI_PC020(1.0),Material footprint,A,Annual,T_HAB,Tonnes per capita,TOTAL,Total,RMC,Raw material consumption,NL,Netherlands,2016,,8.321,,,,,
dataflow,ESTAT:CEI_PC020(1.0),Material footprint,A,Annual,T_HAB,Tonnes per capita,TOTAL,Total,RMC,Raw material consumption,NL,Netherlands,2017,,7.931,,,,,
dataflow,ESTAT:CEI_PC020(1.0),Material footprint,A,Annual,T_HAB,Tonnes per capita,TOTAL,Total,RMC,Raw material consumption,NL,Netherlands,2018,,9.001,,,,,
dataflow,ESTAT:CEI_PC020(1.0),Material footprint,A,Annual,T_HAB,Tonnes per capita,TOTAL,Total,RMC,Raw material consumption,NL,Netherlands,2019,,9.296,,,,,
dataflow,ESTAT:CEI_PC020(1.0),Material footprint,A,Annual,T_HAB,Tonnes per capita,TOTAL,Total,RMC,Raw material consumption,NL,Netherlands,2020,,9.264,,,,,
dataflow,ESTAT:CEI_PC020(1.0),Material footprint,A,Annual,T_HAB,Tonnes per capita,TOTAL,Total,RMC,Raw material consumption,NL,Netherlands,2021,,8.651,,,,,
dataflow,ESTAT:CEI_PC020(1.0),Material footprint,A,Annual,T_HAB,Tonnes per capita,TOTAL,Total,RMC,Raw material consumption,NL,Netherlands,2022,,8.468,,i,value imputed by Eurostat or other receiving agencies,,
dataflow,ESTAT:CEI_PC020(1.0),Material footprint,A,Annual,T_HAB,Tonnes per capita,TOTAL,Total,RMC,Raw material consumption,NL,Netherlands,2023,,6.019,,i,value imputed by Eurostat or other receiving agencies,,
dataflow,ESTAT:CEI_PC020(1.0),Material footprint,A,Annual,T_HAB,Tonnes per capita,TOTAL,Total,RMC,Raw material consumption,PL,Poland,2008,,15.527,,i,value imputed by Eurostat or other receiving agencies,,
dataflow,ESTAT:CEI_PC020(1.0),Material footprint,A,Annual,T_HAB,Tonnes per capita,TOTAL,Total,RMC,Raw material consumption,PL,Poland,2009,,15.106,,i,value imputed by Eurostat or other receiving agencies,,
dataflow,ESTAT:CEI_PC020(1.0),Material footprint,A,Annual,T_HAB,Tonnes per capita,TOTAL,Total,RMC,Raw material consumption,PL,Poland,2010,,15.344,,i,value imputed by Eurostat or other receiving agencies,,
dataflow,ESTAT:CEI_PC020(1.0),Material footprint,A,Annual,T_HAB,Tonnes per capita,TOTAL,Total,RMC,Raw material consumption,PL,Poland,2011,,18.942,,i,value imputed by Eurostat or other receiving agencies,,
dataflow,ESTAT:CEI_PC020(1.0),Material footprint,A,Annual,T_HAB,Tonnes per capita,TOTAL,Total,RMC,Raw material consumption,PL,Poland,2012,,15.988,,i,value imputed by Eurostat or other receiving agencies,,
dataflow,ESTAT:CEI_PC020(1.0),Material footprint,A,Annual,T_HAB,Tonnes per capita,TOTAL,Total,RMC,Raw material consumption,PL,Poland,2013,,15.044,,i,value imputed by Eurostat or other receiving agencies,,
dataflow,ESTAT:CEI_PC020(1.0),Material footprint,A,Annual,T_HAB,Tonnes per capita,TOTAL,Total,RMC,Raw material consumption,PL,Poland,2014,,15.141,,i,value imputed by Eurostat or other receiving agencies,,
dataflow,ESTAT:CEI_PC020(1.0),Material footprint,A,Annual,T_HAB,Tonnes per capita,TOTAL,Total,RMC,Raw material consumption,PL,Poland,2015,,14.808,,i,value imputed by Eurostat or other receiving agencies,,
dataflow,ESTAT:CEI_PC020(1.0),Material footprint,A,Annual,T_HAB,Tonnes per capita,TOTAL,Total,RMC,Raw material consumption,PL,Poland,2016,,15.043,,i,value imputed by Eurostat or other receiving agencies,,
dataflow,ESTAT:CEI_PC020(1.0),Material footprint,A,Annual,T_HAB,Tonnes per capita,TOTAL,Total,RMC,Raw material consumption,PL,Poland,2017,,16.477,,i,value imputed by Eurostat or other receiving agencies,,
dataflow,ESTAT:CEI_PC020(1.0),Material footprint,A,Annual,T_HAB,Tonnes per capita,TOTAL,Total,RMC,Raw material consumption,PL,Poland,2018,,16.798,,i,value imputed by Eurostat or other receiving agencies,,
dataflow,ESTAT:CEI_PC020(1.0),Material footprint,A,Annual,T_HAB,Tonnes per capita,TOTAL,Total,RMC,Raw material consumption,PL,Poland,2019,,16.078,,i,value imputed by Eurostat or other receiving agencies,,
dataflow,ESTAT:CEI_PC020(1.0),Material footprint,A,Annual,T_HAB,Tonnes per capita,TOTAL,Total,RMC,Raw material consumption,PL,Poland,2020,,15.757,,i,value imputed by Eurostat or other receiving agencies,,
dataflow,ESTAT:CEI_PC020(1.0),Material footprint,A,Annual,T_HAB,Tonnes per capita,TOTAL,Total,RMC,Raw material consumption,PL,Poland,2021,,16.219,,i,value imputed by Eurostat or other receiving agencies,,
dataflow,ESTAT:CEI_PC020(1.0),Material footprint,A,Annual,T_HAB,Tonnes per capita,TOTAL,Total,RMC,Raw material consumption,PL,Poland,2022,,16.141,,i,value imputed by Eurostat or other receiving agencies,,
dataflow,ESTAT:CEI_PC020(1.0),Material footprint,A,Annual,T_HAB,Tonnes per capita,TOTAL,Total,RMC,Raw material consumption,PL,Poland,2023,,15.837,,i,value imputed by Eurostat or other receiving agencies,,
dataflow,ESTAT:CEI_PC020(1.0),Material footprint,A,Annual,T_HAB,Tonnes per capita,TOTAL,Total,RMC,Raw material consumption,PT,Portugal,2008,,25.164,,,,,
dataflow,ESTAT:CEI_PC020(1.0),Material footprint,A,Annual,T_HAB,Tonnes per capita,TOTAL,Total,RMC,Raw material consumption,PT,Portugal,2009,,22.337,,,,,
dataflow,ESTAT:CEI_PC020(1.0),Material footprint,A,Annual,T_HAB,Tonnes per capita,TOTAL,Total,RMC,Raw material consumption,PT,Portugal,2010,,19.722,,,,,
dataflow,ESTAT:CEI_PC020(1.0),Material footprint,A,Annual,T_HAB,Tonnes per capita,TOTAL,Total,RMC,Raw material consumption,PT,Portugal,2011,,18.221,,,,,
dataflow,ESTAT:CEI_PC020(1.0),Material footprint,A,Annual,T_HAB,Tonnes per capita,TOTAL,Total,RMC,Raw material consumption,PT,Portugal,2012,,16.056,,,,,
dataflow,ESTAT:CEI_PC020(1.0),Material footprint,A,Annual,T_HAB,Tonnes per capita,TOTAL,Total,RMC,Raw material consumption,PT,Portugal,2013,,13.849,,,,,
dataflow,ESTAT:CEI_PC020(1.0),Material footprint,A,Annual,T_HAB,Tonnes per capita,TOTAL,Total,RMC,Raw material consumption,PT,Portugal,2014,,15.371,,,,,
dataflow,ESTAT:CEI_PC020(1.0),Material footprint,A,Annual,T_HAB,Tonnes per capita,TOTAL,Total,RMC,Raw material consumption,PT,Portugal,2015,,16.155,,,,,
dataflow,ESTAT:CEI_PC020(1.0),Material footprint,A,Annual,T_HAB,Tonnes per capita,TOTAL,Total,RMC,Raw material consumption,PT,Portugal,2016,,15.348,,,,,
dataflow,ESTAT:CEI_PC020(1.0),Material footprint,A,Annual,T_HAB,Tonnes per capita,TOTAL,Total,RMC,Raw material consumption,PT,Portugal,2017,,17.147,,,,,
dataflow,ESTAT:CEI_PC020(1.0),Material footprint,A,Annual,T_HAB,Tonnes per capita,TOTAL,Total,RMC,Raw material consumption,PT,Portugal,2018,,16.979,,,,,
dataflow,ESTAT:CEI_PC020(1.0),Material footprint,A,Annual,T_HAB,Tonnes per capita,TOTAL,Total,RMC,Raw material consumption,PT,Portugal,2019,,17.16,,,,,
dataflow,ESTAT:CEI_PC020(1.0),Material footprint,A,Annual,T_HAB,Tonnes per capita,TOTAL,Total,RMC,Raw material consumption,PT,Portugal,2020,,15.41,,,,,
dataflow,ESTAT:CEI_PC020(1.0),Material footprint,A,Annual,T_HAB,Tonnes per capita,TOTAL,Total,RMC,Raw material consumption,PT,Portugal,2021,,18.159,,,,,
dataflow,ESTAT:CEI_PC020(1.0),Material footprint,A,Annual,T_HAB,Tonnes per capita,TOTAL,Total,RMC,Raw material consumption,PT,Portugal,2022,,15.973,,i,value imputed by Eurostat or other receiving agencies,,
dataflow,ESTAT:CEI_PC020(1.0),Material footprint,A,Annual,T_HAB,Tonnes per capita,TOTAL,Total,RMC,Raw material consumption,PT,Portugal,2023,,16.461,,i,value imputed by Eurostat or other receiving agencies,,
dataflow,ESTAT:CEI_PC020(1.0),Material footprint,A,Annual,T_HAB,Tonnes per capita,TOTAL,Total,RMC,Raw material consumption,RO,Romania,2008,,23.037,,,,,
dataflow,ESTAT:CEI_PC020(1.0),Material footprint,A,Annual,T_HAB,Tonnes per capita,TOTAL,Total,RMC,Raw material consumption,RO,Romania,2009,,17.973,,,,,
dataflow,ESTAT:CEI_PC020(1.0),Material footprint,A,Annual,T_HAB,Tonnes per capita,TOTAL,Total,RMC,Raw material consumption,RO,Romania,2010,,13.743,,,,,
dataflow,ESTAT:CEI_PC020(1.0),Material footprint,A,Annual,T_HAB,Tonnes per capita,TOTAL,Total,RMC,Raw material consumption,RO,Romania,2011,,19.274,,,,,
dataflow,ESTAT:CEI_PC020(1.0),Material footprint,A,Annual,T_HAB,Tonnes per capita,TOTAL,Total,RMC,Raw material consumption,RO,Romania,2012,,17.934,,,,,
dataflow,ESTAT:CEI_PC020(1.0),Material footprint,A,Annual,T_HAB,Tonnes per capita,TOTAL,Total,RMC,Raw material consumption,RO,Romania,2013,,17.717,,,,,
dataflow,ESTAT:CEI_PC020(1.0),Material footprint,A,Annual,T_HAB,Tonnes per capita,TOTAL,Total,RMC,Raw material consumption,RO,Romania,2014,,18.604,,,,,
dataflow,ESTAT:CEI_PC020(1.0),Material footprint,A,Annual,T_HAB,Tonnes per capita,TOTAL,Total,RMC,Raw material consumption,RO,Romania,2015,,22.422,,,,,
dataflow,ESTAT:CEI_PC020(1.0),Material footprint,A,Annual,T_HAB,Tonnes per capita,TOTAL,Total,RMC,Raw material consumption,RO,Romania,2016,,23.004,,,,,
dataflow,ESTAT:CEI_PC020(1.0),Material footprint,A,Annual,T_HAB,Tonnes per capita,TOTAL,Total,RMC,Raw material consumption,RO,Romania,2017,,21.59,,,,,
dataflow,ESTAT:CEI_PC020(1.0),Material footprint,A,Annual,T_HAB,Tonnes per capita,TOTAL,Total,RMC,Raw material consumption,RO,Romania,2018,,23.417,,,,,
dataflow,ESTAT:CEI_PC020(1.0),Material footprint,A,Annual,T_HAB,Tonnes per capita,TOTAL,Total,RMC,Raw material consumption,RO,Romania,2019,,27.96,,,,,
dataflow,ESTAT:CEI_PC020(1.0),Material footprint,A,Annual,T_HAB,Tonnes per capita,TOTAL,Total,RMC,Raw material consumption,RO,Romania,2020,,29.371,,,,,
dataflow,ESTAT:CEI_PC020(1.0),Material footprint,A,Annual,T_HAB,Tonnes per capita,TOTAL,Total,RMC,Raw material consumption,RO,Romania,2021,,30.493,,,,,
dataflow,ESTAT:CEI_PC020(1.0),Material footprint,A,Annual,T_HAB,Tonnes per capita,TOTAL,Total,RMC,Raw material consumption,RO,Romania,2022,,30.405,,i,value imputed by Eurostat or other receiving agencies,,
dataflow,ESTAT:CEI_PC020(1.0),Material footprint,A,Annual,T_HAB,Tonnes per capita,TOTAL,Total,RMC,Raw material consumption,RO,Romania,2023,,33.157,,i,value imputed by Eurostat or other receiving agencies,,
dataflow,ESTAT:CEI_PC020(1.0),Material footprint,A,Annual,T_HAB,Tonnes per capita,TOTAL,Total,RMC,Raw material consumption,SE,Sweden,2008,,24.781,,i,value imputed by Eurostat or other receiving agencies,,
dataflow,ESTAT:CEI_PC020(1.0),Material footprint,A,Annual,T_HAB,Tonnes per capita,TOTAL,Total,RMC,Raw material consumption,SE,Sweden,2009,,22.398,,i,value imputed by Eurostat or other receiving agencies,,
dataflow,ESTAT:CEI_PC020(1.0),Material footprint,A,Annual,T_HAB,Tonnes per capita,TOTAL,Total,RMC,Raw material consumption,SE,Sweden,2010,,23.851,,i,value imputed by Eurostat or other receiving agencies,,
dataflow,ESTAT:CEI_PC020(1.0),Material footprint,A,Annual,T_HAB,Tonnes per capita,TOTAL,Total,RMC,Raw material consumption,SE,Sweden,2011,,26.69,,i,value imputed by Eurostat or other receiving agencies,,
dataflow,ESTAT:CEI_PC020(1.0),Material footprint,A,Annual,T_HAB,Tonnes per capita,TOTAL,Total,RMC,Raw material consumption,SE,Sweden,2012,,25.711,,i,value imputed by Eurostat or other receiving agencies,,
dataflow,ESTAT:CEI_PC020(1.0),Material footprint,A,Annual,T_HAB,Tonnes per capita,TOTAL,Total,RMC,Raw material consumption,SE,Sweden,2013,,27.026,,i,value imputed by Eurostat or other receiving agencies,,
dataflow,ESTAT:CEI_PC020(1.0),Material footprint,A,Annual,T_HAB,Tonnes per capita,TOTAL,Total,RMC,Raw material consumption,SE,Sweden,2014,,25.661,,i,value imputed by Eurostat or other receiving agencies,,
dataflow,ESTAT:CEI_PC020(1.0),Material footprint,A,Annual,T_HAB,Tonnes per capita,TOTAL,Total,RMC,Raw material consumption,SE,Sweden,2015,,24.532,,i,value imputed by Eurostat or other receiving agencies,,
dataflow,ESTAT:CEI_PC020(1.0),Material footprint,A,Annual,T_HAB,Tonnes per capita,TOTAL,Total,RMC,Raw material consumption,SE,Sweden,2016,,25.487,,i,value imputed by Eurostat or other receiving agencies,,
dataflow,ESTAT:CEI_PC020(1.0),Material footprint,A,Annual,T_HAB,Tonnes per capita,TOTAL,Total,RMC,Raw material consumption,SE,Sweden,2017,,25.147,,i,value imputed by Eurostat or other receiving agencies,,
dataflow,ESTAT:CEI_PC020(1.0),Material footprint,A,Annual,T_HAB,Tonnes per capita,TOTAL,Total,RMC,Raw material consumption,SE,Sweden,2018,,25.956,,i,value imputed by Eurostat or other receiving agencies,,
dataflow,ESTAT:CEI_PC020(1.0),Material footprint,A,Annual,T_HAB,Tonnes per capita,TOTAL,Total,RMC,Raw material consumption,SE,Sweden,2019,,25.886,,i,value imputed by Eurostat or other receiving agencies,,
dataflow,ESTAT:CEI_PC020(1.0),Material footprint,A,Annual,T_HAB,Tonnes per capita,TOTAL,Total,RMC,Raw material consumption,SE,Sweden,2020,,24.764,,i,value imputed by Eurostat or other receiving agencies,,
dataflow,ESTAT:CEI_PC020(1.0),Material footprint,A,Annual,T_HAB,Tonnes per capita,TOTAL,Total,RMC,Raw material consumption,SE,Sweden,2021,,24.797,,i,value imputed by Eurostat or other receiving agencies,,
dataflow,ESTAT:CEI_PC020(1.0),Material footprint,A,Annual,T_HAB,Tonnes per capita,TOTAL,Total,RMC,Raw material consumption,SE,Sweden,2022,,25.543,,i,value imputed by Eurostat or other receiving agencies,,
dataflow,ESTAT:CEI_PC020(1.0),Material footprint,A,Annual,T_HAB,Tonnes per capita,TOTAL,Total,RMC,Raw material consumption,SE,Sweden,2023,,22.09,,i,value imputed by Eurostat or other receiving agencies,,
dataflow,ESTAT:CEI_PC020(1.0),Material footprint,A,Annual,T_HAB,Tonnes per capita,TOTAL,Total,RMC,Raw material consumption,SI,Slovenia,2008,,25,,,,,
dataflow,ESTAT:CEI_PC020(1.0),Material footprint,A,Annual,T_HAB,Tonnes per capita,TOTAL,Total,RMC,Raw material consumption,SI,Slovenia,2009,,21.152,,,,,
dataflow,ESTAT:CEI_PC020(1.0),Material footprint,A,Annual,T_HAB,Tonnes per capita,TOTAL,Total,RMC,Raw material consumption,SI,Slovenia,2010,,19.072,,,,,
dataflow,ESTAT:CEI_PC020(1.0),Material footprint,A,Annual,T_HAB,Tonnes per capita,TOTAL,Total,RMC,Raw material consumption,SI,Slovenia,2011,,18.468,,,,,
dataflow,ESTAT:CEI_PC020(1.0),Material footprint,A,Annual,T_HAB,Tonnes per capita,TOTAL,Total,RMC,Raw material consumption,SI,Slovenia,2012,,15.632,,,,,
dataflow,ESTAT:CEI_PC020(1.0),Material footprint,A,Annual,T_HAB,Tonnes per capita,TOTAL,Total,RMC,Raw material consumption,SI,Slovenia,2013,,16.144,,,,,
dataflow,ESTAT:CEI_PC020(1.0),Material footprint,A,Annual,T_HAB,Tonnes per capita,TOTAL,Total,RMC,Raw material consumption,SI,Slovenia,2014,,17.208,,,,,
dataflow,ESTAT:CEI_PC020(1.0),Material footprint,A,Annual,T_HAB,Tonnes per capita,TOTAL,Total,RMC,Raw material consumption,SI,Slovenia,2015,,15.97,,,,,
dataflow,ESTAT:CEI_PC020(1.0),Material footprint,A,Annual,T_HAB,Tonnes per capita,TOTAL,Total,RMC,Raw material consumption,SI,Slovenia,2016,,15.036,,,,,
dataflow,ESTAT:CEI_PC020(1.0),Material footprint,A,Annual,T_HAB,Tonnes per capita,TOTAL,Total,RMC,Raw material consumption,SI,Slovenia,2017,,16.29,,,,,
dataflow,ESTAT:CEI_PC020(1.0),Material footprint,A,Annual,T_HAB,Tonnes per capita,TOTAL,Total,RMC,Raw material consumption,SI,Slovenia,2018,,17.929,,,,,
dataflow,ESTAT:CEI_PC020(1.0),Material footprint,A,Annual,T_HAB,Tonnes per capita,TOTAL,Total,RMC,Raw material consumption,SI,Slovenia,2019,,16.469,,,,,
dataflow,ESTAT:CEI_PC020(1.0),Material footprint,A,Annual,T_HAB,Tonnes per capita,TOTAL,Total,RMC,Raw material consumption,SI,Slovenia,2020,,16.727,,,,,
dataflow,ESTAT:CEI_PC020(1.0),Material footprint,A,Annual,T_HAB,Tonnes per capita,TOTAL,Total,RMC,Raw material consumption,SI,Slovenia,2021,,20.701,,,,,
dataflow,ESTAT:CEI_PC020(1.0),Material footprint,A,Annual,T_HAB,Tonnes per capita,TOTAL,Total,RMC,Raw material consumption,SI,Slovenia,2022,,21.496,,i,value imputed by Eurostat or other receiving agencies,,
dataflow,ESTAT:CEI_PC020(1.0),Material footprint,A,Annual,T_HAB,Tonnes per capita,TOTAL,Total,RMC,Raw material consumption,SI,Slovenia,2023,,22.791,,i,value imputed by Eurostat or other receiving agencies,,
dataflow,ESTAT:CEI_PC020(1.0),Material footprint,A,Annual,T_HAB,Tonnes per capita,TOTAL,Total,RMC,Raw material consumption,SK,Slovakia,2008,,19.809,,i,value imputed by Eurostat or other receiving agencies,,
dataflow,ESTAT:CEI_PC020(1.0),Material footprint,A,Annual,T_HAB,Tonnes per capita,TOTAL,Total,RMC,Raw material consumption,SK,Slovakia,2009,,15.397,,i,value imputed by Eurostat or other receiving agencies,,
dataflow,ESTAT:CEI_PC020(1.0),Material footprint,A,Annual,T_HAB,Tonnes per capita,TOTAL,Total,RMC,Raw material consumption,SK,Slovakia,2010,,14.787,,i,value imputed by Eurostat or other receiving agencies,,
dataflow,ESTAT:CEI_PC020(1.0),Material footprint,A,Annual,T_HAB,Tonnes per capita,TOTAL,Total,RMC,Raw material consumption,SK,Slovakia,2011,,14.852,,i,value imputed by Eurostat or other receiving agencies,,
dataflow,ESTAT:CEI_PC020(1.0),Material footprint,A,Annual,T_HAB,Tonnes per capita,TOTAL,Total,RMC,Raw material consumption,SK,Slovakia,2012,,12.552,,i,value imputed by Eurostat or other receiving agencies,,
dataflow,ESTAT:CEI_PC020(1.0),Material footprint,A,Annual,T_HAB,Tonnes per capita,TOTAL,Total,RMC,Raw material consumption,SK,Slovakia,2013,,12.774,,i,value imputed by Eurostat or other receiving agencies,,
dataflow,ESTAT:CEI_PC020(1.0),Material footprint,A,Annual,T_HAB,Tonnes per capita,TOTAL,Total,RMC,Raw material consumption,SK,Slovakia,2014,,14.249,,i,value imputed by Eurostat or other receiving agencies,,
dataflow,ESTAT:CEI_PC020(1.0),Material footprint,A,Annual,T_HAB,Tonnes per capita,TOTAL,Total,RMC,Raw material consumption,SK,Slovakia,2015,,15.035,,i,value imputed by Eurostat or other receiving agencies,,
dataflow,ESTAT:CEI_PC020(1.0),Material footprint,A,Annual,T_HAB,Tonnes per capita,TOTAL,Total,RMC,Raw material consumption,SK,Slovakia,2016,,15.179,,i,value imputed by Eurostat or other receiving agencies,,
dataflow,ESTAT:CEI_PC020(1.0),Material footprint,A,Annual,T_HAB,Tonnes per capita,TOTAL,Total,RMC,Raw material consumption,SK,Slovakia,2017,,15.419,,i,value imputed by Eurostat or other receiving agencies,,
dataflow,ESTAT:CEI_PC020(1.0),Material footprint,A,Annual,T_HAB,Tonnes per capita,TOTAL,Total,RMC,Raw material consumption,SK,Slovakia,2018,,15.142,,i,value imputed by Eurostat or other receiving agencies,,
dataflow,ESTAT:CEI_PC020(1.0),Material footprint,A,Annual,T_HAB,Tonnes per capita,TOTAL,Total,RMC,Raw material consumption,SK,Slovakia,2019,,14.291,,i,value imputed by Eurostat or other receiving agencies,,
dataflow,ESTAT:CEI_PC020(1.0),Material footprint,A,Annual,T_HAB,Tonnes per capita,TOTAL,Total,RMC,Raw material consumption,SK,Slovakia,2020,,13.24,,i,value imputed by Eurostat or other receiving agencies,,
dataflow,ESTAT:CEI_PC020(1.0),Material footprint,A,Annual,T_HAB,Tonnes per capita,TOTAL,Total,RMC,Raw material consumption,SK,Slovakia,2021,,13.215,,i,value imputed by Eurostat or other receiving agencies,,
dataflow,ESTAT:CEI_PC020(1.0),Material footprint,A,Annual,T_HAB,Tonnes per capita,TOTAL,Total,RMC,Raw material consumption,SK,Slovakia,2022,,14.214,,i,value imputed by Eurostat or other receiving agencies,,
dataflow,ESTAT:CEI_PC020(1.0),Material footprint,A,Annual,T_HAB,Tonnes per capita,TOTAL,Total,RMC,Raw material consumption,SK,Slovakia,2023,,13.808,,i,value imputed by Eurostat or other receiving agencies,,
